999
Output
0
SECTION
2
HEADER
9
$ACADVER
1
AC1021
9
$HANDSEED
5
4e8
9
$INSUNITS
70
0
0
ENDSEC
0
SECTION
2
CLASSES
0
ENDSEC
0
SECTION
2
TABLES
0
TABLE
2
VPORT
5
2
100
AcDbSymbolTable
70
1
0
VPORT
5
1
100
AcDbSymbolTableRecord
100
AcDbViewportTableRecord
2
*ACTIVE
10
0
20
0
11
1
21
1
12
500.0
22
500.0
40
1000.0
70
0
0
ENDTAB
0
TABLE
2
LTYPE
5
3
100
AcDbSymbolTable
70
3
0
LTYPE
5
b
100
AcDbSymbolTableRecord
100
AcDbLinetypeTableRecord
2
Solid
70
0
72
65
73
0
3

0
LTYPE
5
c
100
AcDbSymbolTableRecord
100
AcDbLinetypeTableRecord
2
ByBlock
70
0
72
65
73
0
3

0
LTYPE
5
d
100
AcDbSymbolTableRecord
100
AcDbLinetypeTableRecord
2
ByLayer
70
0
72
65
73
0
3

0
ENDTAB
0
TABLE
2
LAYER
5
4
100
AcDbSymbolTable
70
8
0
LAYER
5
e
100
AcDbSymbolTableRecord
100
AcDbLayerTableRecord
2
0
6
Solid
370
35
62
0
70
0
390
0
0
LAYER
5
19
100
AcDbSymbolTableRecord
100
AcDbLayerTableRecord
2
Layer 1
6
Solid
370
0
62
166
70
0
390
0
0
LAYER
5
a9
100
AcDbSymbolTableRecord
100
AcDbLayerTableRecord
2
Layer 2
6
Solid
370
0
62
166
70
0
390
0
0
LAYER
5
b4
100
AcDbSymbolTableRecord
100
AcDbLayerTableRecord
2
Layer 3
6
Solid
370
0
62
7
70
0
390
0
0
LAYER
5
119
100
AcDbSymbolTableRecord
100
AcDbLayerTableRecord
2
Layer 4
6
Solid
370
0
62
166
70
0
390
0
0
LAYER
5
1e3
100
AcDbSymbolTableRecord
100
AcDbLayerTableRecord
2
Layer 5
6
Solid
370
0
62
1
70
0
390
0
0
LAYER
5
38f
100
AcDbSymbolTableRecord
100
AcDbLayerTableRecord
2
Layer 6
6
Solid
370
0
62
7
70
0
390
0
0
LAYER
5
453
100
AcDbSymbolTableRecord
100
AcDbLayerTableRecord
2
Layer 7
6
Solid
370
0
62
166
70
0
390
0
0
ENDTAB
0
TABLE
2
STYLE
5
5
100
AcDbSymbolTable
70
0
0
ENDTAB
0
TABLE
2
VIEW
5
6
100
AcDbSymbolTable
70
0
0
ENDTAB
0
TABLE
2
UCS
5
7
100
AcDbSymbolTable
70
0
0
ENDTAB
0
TABLE
2
APPID
5
8
100
AcDbSymbolTable
70
1
0
APPID
5
10
100
AcDbSymbolTableRecord
100
AcDbRegAppTableRecord
2
ACAD
70
0
0
ENDTAB
0
TABLE
2
DIMSTYLE
5
9
100
AcDbSymbolTable
70
0
100
AcDbDimStyleTable
71
1
0
ENDTAB
0
TABLE
2
BLOCK_RECORD
5
a
100
AcDbSymbolTable
70
2
0
BLOCK_RECORD
5
13
100
AcDbSymbolTableRecord
100
AcDbBlockTableRecord
2
*Model_Space
70
0
280
1
281
0
0
BLOCK_RECORD
5
16
100
AcDbSymbolTableRecord
100
AcDbBlockTableRecord
2
*Paper_Space
70
0
280
1
281
0
0
ENDTAB
0
ENDSEC
0
SECTION
2
BLOCKS
0
BLOCK
5
11
100
AcDbEntity
8
0
100
AcDbBlockBegin
2
*Model_Space
70
0
10
0
20
0
30
0
3
*Model_Space
1

0
ENDBLK
5
12
100
AcDbEntity
8
0
100
AcDbBlockEnd
0
BLOCK
5
14
100
AcDbEntity
8
0
100
AcDbBlockBegin
2
*Paper_Space
70
0
10
0
20
0
30
0
3
*Paper_Space
1

0
ENDBLK
5
15
100
AcDbEntity
8
0
100
AcDbBlockEnd
0
ENDSEC
0
SECTION
2
ENTITIES
0
HATCH
5
80
100
AcDbEntity
8
Layer 1
6
ByLayer
370
-1
62
256
100
AcDbHatch
10
0
20
0
30
0
210
0
220
0
230
1
2
FILL_128
70
1
71
0
91
2
92
0
93
52
72
4
94
2
73
0
74
0
95
6
96
3
40
0.0
40
0.0
40
0.0
40
1.0
40
1.0
40
1.0
10
4309.7790055249
20
2490.4419889503
10
4370.0
20
2492.0718232044
10
4606.3535911602
20
2491.0773480663
72
4
94
2
73
0
74
0
95
6
96
3
40
0.0
40
0.0
40
0.0
40
1.0
40
1.0
40
1.0
10
4606.3535911602
20
2491.0773480663
10
4814.0883977901
20
2490.1657458564
10
5822.8729281768
20
2485.6906077348
72
1
10
5822.8729281768
20
2485.6906077348
11
5822.8729281768
21
2485.6906077348
72
4
94
3
73
0
74
0
95
8
96
4
40
0.0
40
0.0
40
0.0
40
0.0
40
1.0
40
1.0
40
1.0
40
1.0
10
5822.8729281768
20
2485.6906077348
10
5823.3498761879
20
2485.6906077348
10
5823.8138839438
20
2485.6349268041
10
5824.2541436464
20
2485.5248618785
72
4
94
2
73
0
74
0
95
6
96
3
40
0.0
40
0.0
40
0.0
40
1.0
40
1.0
40
1.0
10
5824.2541436464
20
2485.5248618785
10
5828.7845303867
20
2484.3922651934
10
5837.3756906077
20
2482.3480662983
72
4
94
3
73
0
74
0
95
8
96
4
40
0.0
40
0.0
40
0.0
40
0.0
40
1.0
40
1.0
40
1.0
40
1.0
10
5837.3756906077
20
2482.3480662983
10
5899.5303867403
20
2467.7348066298
10
5942.3480662983
20
2397.4309392265
10
5928.6740331492
20
2335.6077348066
72
4
94
2
73
0
74
0
95
6
96
3
40
0.0
40
0.0
40
0.0
40
1.0
40
1.0
40
1.0
10
5928.6740331492
20
2335.6077348066
10
5910.635359116
20
2254.0883977901
10
5893.5082872928
20
2188.1767955801
72
1
10
5893.5082872928
20
2188.1767955801
11
5893.5082872928
21
2188.1767955801
72
4
94
3
73
0
74
0
95
8
96
4
40
0.0
40
0.0
40
0.0
40
0.0
40
1.0
40
1.0
40
1.0
40
1.0
10
5893.5082872928
20
2188.1767955801
10
5893.2882342019
20
2187.3304375381
10
5893.5663600643
20
2186.4318770597
10
5894.226519337
20
2185.8563535912
72
4
94
3
73
0
74
0
95
8
96
4
40
0.0
40
0.0
40
0.0
40
0.0
40
1.0
40
1.0
40
1.0
40
1.0
10
5894.226519337
20
2185.8563535912
10
5950.5248618785
20
2135.8011049724
10
5976.8508287293
20
2069.3922651934
10
5957.7071823204
20
1996.3259668508
72
4
94
3
73
0
74
0
95
8
96
4
40
0.0
40
0.0
40
0.0
40
0.0
40
1.0
40
1.0
40
1.0
40
1.0
10
5957.7071823204
20
1996.3259668508
10
5950.635359116
20
1969.364640884
10
5947.9005524862
20
1955.5248618785
10
5939.6685082873
20
1920.773480663
72
4
94
2
73
0
74
0
95
6
96
3
40
0.0
40
0.0
40
0.0
40
1.0
40
1.0
40
1.0
10
5939.6685082873
20
1920.773480663
10
5920.1933701657
20
1838.3701657459
10
5814.5303867403
20
1398.729281768
72
4
94
3
73
0
74
0
95
8
96
4
40
0.0
40
0.0
40
0.0
40
0.0
40
1.0
40
1.0
40
1.0
40
1.0
10
5814.5303867403
20
1398.729281768
10
5796.7127071823
20
1324.6132596685
10
5723.6464088398
20
1275.1104972376
10
5648.5359116022
20
1276.9613259669
72
4
94
2
73
0
74
0
95
6
96
3
40
0.0
40
0.0
40
0.0
40
1.0
40
1.0
40
1.0
10
5648.5359116022
20
1276.9613259669
10
5640.0276243094
20
1277.1546961326
10
5626.408839779
20
1277.044198895
72
4
94
2
73
0
74
0
95
6
96
3
40
0.0
40
0.0
40
0.0
40
1.0
40
1.0
40
1.0
10
5626.408839779
20
1277.044198895
10
5495.0276243094
20
1275.8563535912
10
5221.408839779
20
1275.8839779006
72
4
94
2
73
0
74
0
95
6
96
3
40
0.0
40
0.0
40
0.0
40
1.0
40
1.0
40
1.0
10
5221.408839779
20
1275.8839779006
10
5220.3038674033
20
1275.8839779006
10
5217.8453038674
20
1274.7513812155
72
1
10
5217.8453038674
20
1274.7513812155
11
5217.8453038674
21
1274.7513812155
72
4
94
3
73
0
74
0
95
8
96
4
40
0.0
40
0.0
40
0.0
40
0.0
40
1.0
40
1.0
40
1.0
40
1.0
10
5217.8453038674
20
1274.7513812155
10
5217.1896304864
20
1274.4599708239
10
5216.4743823325
20
1274.3093922652
10
5215.7458563536
20
1274.3093922652
72
4
94
2
73
0
74
0
95
6
96
3
40
0.0
40
0.0
40
0.0
40
1.0
40
1.0
40
1.0
10
5215.7458563536
20
1274.3093922652
10
1331.5193370166
20
1276.9060773481
10
416.6298342541
20
1277.9005524862
72
4
94
2
73
0
74
0
95
6
96
3
40
0.0
40
0.0
40
0.0
40
1.0
40
1.0
40
1.0
10
416.6298342541
20
1277.9005524862
10
292.0165745856
20
1278.0386740331
10
210.773480663
20
1278.5082872928
72
4
94
3
73
0
74
0
95
8
96
4
40
0.0
40
0.0
40
0.0
40
0.0
40
1.0
40
1.0
40
1.0
40
1.0
10
210.773480663
20
1278.5082872928
10
196.6850828729
20
1278.591160221
10
180.9392265193
20
1280.2762430939
10
166.3812154696
20
1279.8895027624
72
1
10
166.3812154696
20
1279.8895027624
11
166.3812154696
21
1279.8895027624
72
4
94
3
73
0
74
0
95
8
96
4
40
0.0
40
0.0
40
0.0
40
0.0
40
1.0
40
1.0
40
1.0
40
1.0
10
166.3812154696
20
1279.8895027624
10
164.493140202
20
1279.8345102789
10
162.5972699655
20
1280.038966873
10
160.7458563536
20
1280.4972375691
72
4
94
3
73
0
74
0
95
8
96
4
40
0.0
40
0.0
40
0.0
40
0.0
40
1.0
40
1.0
40
1.0
40
1.0
10
160.7458563536
20
1280.4972375691
10
85.1104972376
20
1299.0055248619
10
29.8066298343
20
1360.4419889503
10
34.861878453
20
1440.8011049724
72
4
94
2
73
0
74
0
95
6
96
3
40
0.0
40
0.0
40
0.0
40
1.0
40
1.0
40
1.0
10
34.861878453
20
1440.8011049724
10
35.3038674033
20
1447.955801105
10
37.044198895
20
1456.7403314917
72
4
94
2
73
0
74
0
95
6
96
3
40
0.0
40
0.0
40
0.0
40
1.0
40
1.0
40
1.0
10
37.044198895
20
1456.7403314917
10
103.4254143646
20
1793.6740331492
10
201.2154696133
20
2294.4198895028
72
4
94
3
73
0
74
0
95
8
96
4
40
0.0
40
0.0
40
0.0
40
0.0
40
1.0
40
1.0
40
1.0
40
1.0
10
201.2154696133
20
2294.4198895028
10
204.2541436464
20
2309.9171270718
10
209.861878453
20
2333.9502762431
10
214.3093922652
20
2357.5690607735
72
4
94
3
73
0
74
0
95
8
96
4
40
0.0
40
0.0
40
0.0
40
0.0
40
1.0
40
1.0
40
1.0
40
1.0
10
214.3093922652
20
2357.5690607735
10
226.408839779
20
2422.044198895
10
267.5414364641
20
2472.8729281768
10
332.8729281768
20
2488.1491712707
72
4
94
2
73
0
74
0
95
6
96
3
40
0.0
40
0.0
40
0.0
40
1.0
40
1.0
40
1.0
10
332.8729281768
20
2488.1491712707
10
348.3149171271
20
2491.7403314917
10
385.138121547
20
2491.1325966851
72
4
94
2
73
0
74
0
95
6
96
3
40
0.0
40
0.0
40
0.0
40
1.0
40
1.0
40
1.0
10
385.138121547
20
2491.1325966851
10
407.5414364641
20
2490.773480663
10
443.3701657459
20
2490.773480663
72
4
94
2
73
0
74
0
95
6
96
3
40
0.0
40
0.0
40
0.0
40
1.0
40
1.0
40
1.0
10
443.3701657459
20
2490.773480663
10
1162.0718232044
20
2490.6906077348
10
1640.1104972376
20
2490.0276243094
72
4
94
3
73
0
74
0
95
8
96
4
40
0.0
40
0.0
40
0.0
40
0.0
40
1.0
40
1.0
40
1.0
40
1.0
10
1640.1104972376
20
2490.0276243094
10
1667.0994475138
20
2489.9723756906
10
1697.3480662983
20
2489.1436464088
10
1726.0773480663
20
2488.7569060773
72
1
10
1726.0773480663
20
2488.7569060773
11
1726.0773480663
21
2488.7569060773
72
4
94
3
73
0
74
0
95
8
96
4
40
0.0
40
0.0
40
0.0
40
0.0
40
1.0
40
1.0
40
1.0
40
1.0
10
1726.0773480663
20
2488.7569060773
10
1726.5669393324
20
2488.7569060773
10
1726.9965141522
20
2489.0847394925
10
1727.1270718232
20
2489.5580110497
72
4
94
2
73
0
74
0
95
6
96
3
40
0.0
40
0.0
40
0.0
40
1.0
40
1.0
40
1.0
10
1727.1270718232
20
2489.5580110497
10
1778.2044198895
20
2673.2596685083
10
1798.2044198895
20
2743.9502762431
72
4
94
3
73
0
74
0
95
8
96
4
40
0.0
40
0.0
40
0.0
40
0.0
40
1.0
40
1.0
40
1.0
40
1.0
10
1798.2044198895
20
2743.9502762431
10
1804.6408839779
20
2766.7679558011
10
1810.1933701657
20
2789.7513812155
10
1820.0552486188
20
2808.2872928177
72
4
94
2
73
0
74
0
95
6
96
3
40
0.0
40
0.0
40
0.0
40
1.0
40
1.0
40
1.0
10
1820.0552486188
20
2808.2872928177
10
1845.9944751381
20
2857.0165745856
10
1903.9226519337
20
2874.4751381215
72
4
94
2
73
0
74
0
95
6
96
3
40
0.0
40
0.0
40
0.0
40
1.0
40
1.0
40
1.0
10
1903.9226519337
20
2874.4751381215
10
1927.5690607735
20
2881.6022099448
10
1948.0386740331
20
2879.9723756906
72
4
94
3
73
0
74
0
95
8
96
4
40
0.0
40
0.0
40
0.0
40
0.0
40
1.0
40
1.0
40
1.0
40
1.0
10
1948.0386740331
20
2879.9723756906
10
1961.3259668508
20
2878.9226519337
10
1969.226519337
20
2879.5027624309
10
1984.8066298343
20
2879.7513812155
72
4
94
2
73
0
74
0
95
6
96
3
40
0.0
40
0.0
40
0.0
40
1.0
40
1.0
40
1.0
10
1984.8066298343
20
2879.7513812155
10
2082.0718232044
20
2881.2154696133
10
2291.4364640884
20
2881.0773480663
72
4
94
3
73
0
74
0
95
8
96
4
40
0.0
40
0.0
40
0.0
40
0.0
40
1.0
40
1.0
40
1.0
40
1.0
10
2291.4364640884
20
2881.0773480663
10
3326.9613259669
20
2880.3591160221
10
3930.8839779006
20
2879.6685082873
10
4176.2983425414
20
2880.1933701657
72
1
10
4176.2983425414
20
2880.1933701657
11
4176.2983425414
21
2880.1933701657
72
4
94
3
73
0
74
0
95
8
96
4
40
0.0
40
0.0
40
0.0
40
0.0
40
1.0
40
1.0
40
1.0
40
1.0
10
4176.2983425414
20
2880.1933701657
10
4176.5372793281
20
2880.1933701657
10
4176.7683932424
20
2880.2118592789
10
4176.9889502762
20
2880.2486187845
72
1
10
4176.9889502762
20
2880.2486187845
11
4183.8674033149
21
2881.6298342541
72
4
94
3
73
0
74
0
95
8
96
4
40
0.0
40
0.0
40
0.0
40
0.0
40
1.0
40
1.0
40
1.0
40
1.0
10
4183.8674033149
20
2881.6298342541
10
4184.5266523662
20
2881.7763340433
10
4185.2064163756
20
2881.8228932221
10
4185.8839779006
20
2881.7679558011
72
4
94
3
73
0
74
0
95
8
96
4
40
0.0
40
0.0
40
0.0
40
0.0
40
1.0
40
1.0
40
1.0
40
1.0
10
4185.8839779006
20
2881.7679558011
10
4275.3314917127
20
2874.7513812155
10
4338.0939226519
20
2792.5966850829
10
4349.7513812155
20
2708.6740331492
72
4
94
3
73
0
74
0
95
8
96
4
40
0.0
40
0.0
40
0.0
40
0.0
40
1.0
40
1.0
40
1.0
40
1.0
10
4349.7513812155
20
2708.6740331492
10
4352.2375690608
20
2690.7458563536
10
4350.8011049724
20
2672.9834254144
10
4346.0497237569
20
2653.1215469613
72
4
94
2
73
0
74
0
95
6
96
3
40
0.0
40
0.0
40
0.0
40
1.0
40
1.0
40
1.0
10
4346.0497237569
20
2653.1215469613
10
4338.7569060773
20
2622.7348066298
10
4320.5801104972
20
2540.0
72
4
94
2
73
0
74
0
95
6
96
3
40
0.0
40
0.0
40
0.0
40
1.0
40
1.0
40
1.0
10
4320.5801104972
20
2540.0
10
4315.0552486188
20
2514.8066298343
10
4308.7016574586
20
2491.7955801105
72
4
94
3
73
0
74
0
95
8
96
4
40
0.0
40
0.0
40
0.0
40
0.0
40
1.0
40
1.0
40
1.0
40
1.0
10
4308.7016574586
20
2491.7955801105
10
4308.610714695
20
2491.4707845262
10
4308.6822111473
20
2491.1221894088
10
4308.8944642415
20
2490.8555124444
72
4
94
3
73
0
74
0
95
8
96
4
40
0.0
40
0.0
40
0.0
40
0.0
40
1.0
40
1.0
40
1.0
40
1.0
10
4308.8944642415
20
2490.8555124444
10
4309.1067173356
20
2490.5888354799
10
4309.4347222055
20
2490.4354930386
10
4309.7790055249
20
2490.4419889503
72
1
10
4309.7790055249
20
2490.4419889503
11
4309.7790055249
21
2490.4419889503
97
0
92
0
93
49
72
1
10
4851.6850828729
20
1315.7458563536
11
5289.1160220994
21
1315.2486187845
72
1
10
5289.1160220994
20
1315.2486187845
11
5289.1160220994
21
1315.2486187845
72
4
94
3
73
0
74
0
95
8
96
4
40
0.0
40
0.0
40
0.0
40
0.0
40
1.0
40
1.0
40
1.0
40
1.0
10
5289.1160220994
20
1315.2486187845
10
5289.1702472446
20
1315.2486187845
10
5289.2179935497
20
1315.2581680456
10
5289.2541436464
20
1315.2762430939
72
1
10
5289.2541436464
20
1315.2762430939
11
5289.8895027624
21
1315.6077348066
72
4
94
2
73
0
74
0
95
6
96
3
40
0.0
40
0.0
40
0.0
40
1.0
40
1.0
40
1.0
10
5289.8895027624
20
1315.6077348066
10
5291.2983425414
20
1315.0828729282
10
5292.8453038674
20
1315.0828729282
72
4
94
2
73
0
74
0
95
6
96
3
40
0.0
40
0.0
40
0.0
40
1.0
40
1.0
40
1.0
10
5292.8453038674
20
1315.0828729282
10
5460.1933701657
20
1314.8895027624
10
5643.0939226519
20
1313.8674033149
72
4
94
3
73
0
74
0
95
8
96
4
40
0.0
40
0.0
40
0.0
40
0.0
40
1.0
40
1.0
40
1.0
40
1.0
10
5643.0939226519
20
1313.8674033149
10
5650.6077348066
20
1313.8397790055
10
5657.4861878453
20
1315.1104972376
10
5664.6961325967
20
1314.9171270718
72
4
94
2
73
0
74
0
95
6
96
3
40
0.0
40
0.0
40
0.0
40
1.0
40
1.0
40
1.0
10
5664.6961325967
20
1314.9171270718
10
5671.7403314917
20
1314.7513812155
10
5680.7182320442
20
1316.9613259669
72
4
94
3
73
0
74
0
95
8
96
4
40
0.0
40
0.0
40
0.0
40
0.0
40
1.0
40
1.0
40
1.0
40
1.0
10
5680.7182320442
20
1316.9613259669
10
5716.0773480663
20
1325.6629834254
10
5745.7458563536
20
1343.0662983425
10
5763.4806629834
20
1374.6132596685
72
4
94
2
73
0
74
0
95
6
96
3
40
0.0
40
0.0
40
0.0
40
1.0
40
1.0
40
1.0
10
5763.4806629834
20
1374.6132596685
10
5771.6298342541
20
1389.1436464088
10
5780.8287292818
20
1426.9889502762
72
4
94
2
73
0
74
0
95
6
96
3
40
0.0
40
0.0
40
0.0
40
1.0
40
1.0
40
1.0
10
5780.8287292818
20
1426.9889502762
10
5814.7790055249
20
1567.0165745856
10
5901.4364640884
20
1919.0055248619
72
4
94
2
73
0
74
0
95
6
96
3
40
0.0
40
0.0
40
0.0
40
1.0
40
1.0
40
1.0
10
5901.4364640884
20
1919.0055248619
10
5901.7127071823
20
1920.0552486188
10
5920.9944751381
20
1994.5580110497
72
4
94
2
73
0
74
0
95
6
96
3
40
0.0
40
0.0
40
0.0
40
1.0
40
1.0
40
1.0
10
5920.9944751381
20
1994.5580110497
10
5926.7403314917
20
2016.7127071823
10
5927.6795580111
20
2035.2209944751
72
4
94
3
73
0
74
0
95
8
96
4
40
0.0
40
0.0
40
0.0
40
0.0
40
1.0
40
1.0
40
1.0
40
1.0
10
5927.6795580111
20
2035.2209944751
10
5930.6077348066
20
2092.8729281768
10
5902.6795580111
20
2139.8895027624
10
5853.729281768
20
2169.0607734807
72
1
10
5853.729281768
20
2169.0607734807
11
5853.729281768
21
2169.0607734807
72
4
94
3
73
0
74
0
95
8
96
4
40
0.0
40
0.0
40
0.0
40
0.0
40
1.0
40
1.0
40
1.0
40
1.0
10
5853.729281768
20
2169.0607734807
10
5852.0167195707
20
2170.0817240213
10
5851.1576024512
20
2172.0900497551
10
5851.6022099448
20
2174.0331491713
72
1
10
5851.6022099448
20
2174.0331491713
11
5895.1657458564
21
2361.270718232
72
4
94
3
73
0
74
0
95
8
96
4
40
0.0
40
0.0
40
0.0
40
0.0
40
1.0
40
1.0
40
1.0
40
1.0
10
5895.1657458564
20
2361.270718232
10
5895.4586521964
20
2362.5521834697
10
5895.5518288278
20
2363.8752916356
10
5895.4419889503
20
2365.1933701657
72
4
94
2
73
0
74
0
95
6
96
3
40
0.0
40
0.0
40
0.0
40
1.0
40
1.0
40
1.0
10
5895.4419889503
20
2365.1933701657
10
5891.4364640884
20
2413.5359116022
10
5847.3480662983
20
2436.8508287293
72
4
94
2
73
0
74
0
95
6
96
3
40
0.0
40
0.0
40
0.0
40
1.0
40
1.0
40
1.0
10
5847.3480662983
20
2436.8508287293
10
5813.1767955801
20
2454.9171270718
10
5772.3756906077
20
2452.1270718232
72
4
94
2
73
0
74
0
95
6
96
3
40
0.0
40
0.0
40
0.0
40
1.0
40
1.0
40
1.0
10
5772.3756906077
20
2452.1270718232
10
5754.8066298343
20
2450.9116022099
10
5742.7348066298
20
2450.9392265193
72
4
94
2
73
0
74
0
95
6
96
3
40
0.0
40
0.0
40
0.0
40
1.0
40
1.0
40
1.0
10
5742.7348066298
20
2450.9392265193
10
4963.8397790055
20
2452.2928176796
10
4426.1049723757
20
2453.8950276243
72
4
94
2
73
0
74
0
95
6
96
3
40
0.0
40
0.0
40
0.0
40
1.0
40
1.0
40
1.0
10
4426.1049723757
20
2453.8950276243
10
4348.0110497238
20
2454.1160220994
10
4264.8895027624
20
2453.2872928177
72
1
10
4264.8895027624
20
2453.2872928177
11
4264.8895027624
21
2453.2872928177
72
4
94
3
73
0
74
0
95
8
96
4
40
0.0
40
0.0
40
0.0
40
0.0
40
1.0
40
1.0
40
1.0
40
1.0
10
4264.8895027624
20
2453.2872928177
10
4263.8926518643
20
2453.2806025432
10
4262.9477637957
20
2453.7314834196
10
4262.323600093
20
2454.5116880479
72
4
94
3
73
0
74
0
95
8
96
4
40
0.0
40
0.0
40
0.0
40
0.0
40
1.0
40
1.0
40
1.0
40
1.0
10
4262.323600093
20
2454.5116880479
10
4261.6994363903
20
2455.2918926763
10
4261.4643038149
20
2456.3160376048
10
4261.6850828729
20
2457.2928176796
72
4
94
2
73
0
74
0
95
6
96
3
40
0.0
40
0.0
40
0.0
40
1.0
40
1.0
40
1.0
10
4261.6850828729
20
2457.2928176796
10
4290.0
20
2580.635359116
10
4307.182320442
20
2645.8839779006
72
4
94
2
73
0
74
0
95
6
96
3
40
0.0
40
0.0
40
0.0
40
1.0
40
1.0
40
1.0
10
4307.182320442
20
2645.8839779006
10
4312.4033149171
20
2665.6906077348
10
4312.2928176796
20
2679.226519337
72
4
94
3
73
0
74
0
95
8
96
4
40
0.0
40
0.0
40
0.0
40
0.0
40
1.0
40
1.0
40
1.0
40
1.0
10
4312.2928176796
20
2679.226519337
10
4311.7679558011
20
2739.8066298343
10
4288.2044198895
20
2790.1657458564
10
4236.270718232
20
2821.7403314917
72
4
94
3
73
0
74
0
95
8
96
4
40
0.0
40
0.0
40
0.0
40
0.0
40
1.0
40
1.0
40
1.0
40
1.0
10
4236.270718232
20
2821.7403314917
10
4218.4806629834
20
2832.5690607735
10
4201.5745856354
20
2836.6022099448
10
4182.4861878453
20
2840.0276243094
72
4
94
2
73
0
74
0
95
6
96
3
40
0.0
40
0.0
40
0.0
40
1.0
40
1.0
40
1.0
10
4182.4861878453
20
2840.0276243094
10
4171.546961326
20
2841.9613259669
10
4154.364640884
20
2841.8784530387
72
4
94
2
73
0
74
0
95
6
96
3
40
0.0
40
0.0
40
0.0
40
1.0
40
1.0
40
1.0
10
4154.364640884
20
2841.8784530387
10
3928.8674033149
20
2840.7458563536
10
3673.3425414365
20
2840.635359116
72
4
94
2
73
0
74
0
95
6
96
3
40
0.0
40
0.0
40
0.0
40
1.0
40
1.0
40
1.0
10
3673.3425414365
20
2840.635359116
10
2045.0552486188
20
2839.9447513812
10
1933.7845303867
20
2840.0552486188
72
4
94
3
73
0
74
0
95
8
96
4
40
0.0
40
0.0
40
0.0
40
0.0
40
1.0
40
1.0
40
1.0
40
1.0
10
1933.7845303867
20
2840.0552486188
10
1899.0607734807
20
2840.0828729282
10
1869.4198895028
20
2817.5966850829
10
1852.7348066298
20
2788.7845303867
72
4
94
3
73
0
74
0
95
8
96
4
40
0.0
40
0.0
40
0.0
40
0.0
40
1.0
40
1.0
40
1.0
40
1.0
10
1852.7348066298
20
2788.7845303867
10
1852.2582492223
20
2787.9597194891
10
1851.8957372673
20
2787.067382369
10
1851.6574585635
20
2786.1325966851
72
4
94
2
73
0
74
0
95
6
96
3
40
0.0
40
0.0
40
0.0
40
1.0
40
1.0
40
1.0
10
1851.6574585635
20
2786.1325966851
10
1838.2872928177
20
2734.0883977901
10
1822.6519337017
20
2680.8563535912
72
4
94
2
73
0
74
0
95
6
96
3
40
0.0
40
0.0
40
0.0
40
1.0
40
1.0
40
1.0
10
1822.6519337017
20
2680.8563535912
10
1819.861878453
20
2671.408839779
10
1757.5690607735
20
2457.4585635359
72
4
94
3
73
0
74
0
95
8
96
4
40
0.0
40
0.0
40
0.0
40
0.0
40
1.0
40
1.0
40
1.0
40
1.0
10
1757.5690607735
20
2457.4585635359
10
1757.1429969544
20
2455.9673401691
10
1755.7832909837
20
2454.9335141418
10
1754.226519337
20
2454.9171270718
72
4
94
2
73
0
74
0
95
6
96
3
40
0.0
40
0.0
40
0.0
40
1.0
40
1.0
40
1.0
10
1754.226519337
20
2454.9171270718
10
1631.9337016575
20
2453.5359116022
10
1470.3038674033
20
2453.591160221
72
4
94
2
73
0
74
0
95
6
96
3
40
0.0
40
0.0
40
0.0
40
1.0
40
1.0
40
1.0
10
1470.3038674033
20
2453.591160221
10
1348.2044198895
20
2453.6464088398
10
363.2596685083
20
2453.5359116022
72
4
94
3
73
0
74
0
95
8
96
4
40
0.0
40
0.0
40
0.0
40
0.0
40
1.0
40
1.0
40
1.0
40
1.0
10
363.2596685083
20
2453.5359116022
10
314.1988950276
20
2453.5359116022
10
263.4806629834
20
2413.9779005525
10
254.5303867403
20
2365.1933701657
72
4
94
2
73
0
74
0
95
6
96
3
40
0.0
40
0.0
40
0.0
40
1.0
40
1.0
40
1.0
10
254.5303867403
20
2365.1933701657
10
237.0994475138
20
2270.1104972376
10
219.0055248619
20
2178.1491712707
72
4
94
2
73
0
74
0
95
6
96
3
40
0.0
40
0.0
40
0.0
40
1.0
40
1.0
40
1.0
10
219.0055248619
20
2178.1491712707
10
134.0607734807
20
1746.3535911602
10
83.729281768
20
1489.4751381215
72
4
94
2
73
0
74
0
95
6
96
3
40
0.0
40
0.0
40
0.0
40
1.0
40
1.0
40
1.0
10
83.729281768
20
1489.4751381215
10
74.3093922652
20
1441.546961326
10
74.2817679558
20
1434.8895027624
72
4
94
3
73
0
74
0
95
8
96
4
40
0.0
40
0.0
40
0.0
40
0.0
40
1.0
40
1.0
40
1.0
40
1.0
10
74.2817679558
20
1434.8895027624
10
73.8674033149
20
1381.8508287293
10
111.8784530387
20
1332.6519337017
10
162.2928176796
20
1317.0165745856
72
4
94
2
73
0
74
0
95
6
96
3
40
0.0
40
0.0
40
0.0
40
1.0
40
1.0
40
1.0
10
162.2928176796
20
1317.0165745856
10
172.5138121547
20
1313.8397790055
10
193.0939226519
20
1314.0883977901
72
4
94
2
73
0
74
0
95
6
96
3
40
0.0
40
0.0
40
0.0
40
1.0
40
1.0
40
1.0
10
193.0939226519
20
1314.0883977901
10
290.1104972376
20
1315.2762430939
10
381.9060773481
20
1315.3314917127
72
4
94
2
73
0
74
0
95
6
96
3
40
0.0
40
0.0
40
0.0
40
1.0
40
1.0
40
1.0
10
381.9060773481
20
1315.3314917127
10
2277.4033149171
20
1316.3259668508
10
3946.1325966851
20
1316.1049723757
72
4
94
2
73
0
74
0
95
6
96
3
40
0.0
40
0.0
40
0.0
40
1.0
40
1.0
40
1.0
10
3946.1325966851
20
1316.1049723757
10
4398.9226519337
20
1316.0497237569
10
4851.6850828729
20
1315.7458563536
97
0
75
0
76
1
98
0
0
HATCH
5
87
100
AcDbEntity
8
Layer 1
6
ByLayer
370
-1
62
256
100
AcDbHatch
10
0
20
0
30
0
210
0
220
0
230
1
2
FILL_135
70
1
71
0
91
1
92
0
93
6
72
1
10
3070.3546725891
20
904.8208635248
11
3070.3546725891
21
904.8208635248
72
4
94
3
73
0
74
0
95
8
96
4
40
0.0
40
0.0
40
0.0
40
0.0
40
1.0
40
1.0
40
1.0
40
1.0
10
3070.3546725891
20
904.8208635248
10
3070.9615316449
20
903.9794326925
10
3070.3300054662
20
902.4870369908
10
3068.9441193895
20
901.4875044284
72
4
94
3
73
0
74
0
95
8
96
4
40
0.0
40
0.0
40
0.0
40
0.0
40
1.0
40
1.0
40
1.0
40
1.0
10
3068.9441193895
20
901.4875044284
10
3067.5582333128
20
900.4879718661
10
3065.9427942014
20
900.3598050904
10
3065.3359351457
20
901.2012359227
72
4
94
3
73
0
74
0
95
8
96
4
40
0.0
40
0.0
40
0.0
40
0.0
40
1.0
40
1.0
40
1.0
40
1.0
10
3065.3359351457
20
901.2012359227
10
3064.7290760899
20
902.042666755
10
3065.3606022686
20
903.5350624567
10
3066.7464883453
20
904.5345950191
72
4
94
3
73
0
74
0
95
8
96
4
40
0.0
40
0.0
40
0.0
40
0.0
40
1.0
40
1.0
40
1.0
40
1.0
10
3066.7464883453
20
904.5345950191
10
3068.132374422
20
905.5341275815
10
3069.7478135334
20
905.6622943571
10
3070.3546725891
20
904.8208635248
72
1
10
3070.3546725891
20
904.8208635248
11
3070.3546725891
21
904.8208635248
97
0
75
0
76
1
98
0
0
HATCH
5
8e
100
AcDbEntity
8
Layer 1
6
ByLayer
370
-1
62
256
100
AcDbHatch
10
0
20
0
30
0
210
0
220
0
230
1
2
FILL_142
70
1
71
0
91
1
92
0
93
6
72
4
94
3
73
0
74
0
95
8
96
4
40
0.0
40
0.0
40
0.0
40
0.0
40
1.0
40
1.0
40
1.0
40
1.0
10
1062.2375690608
20
844.1988950276
10
1062.0025422759
20
843.921683948
10
1061.64041009
20
843.7877967216
10
1061.2769078909
20
843.8437201368
72
4
94
3
73
0
74
0
95
8
96
4
40
0.0
40
0.0
40
0.0
40
0.0
40
1.0
40
1.0
40
1.0
40
1.0
10
1061.2769078909
20
843.8437201368
10
1060.9134056918
20
843.8996435521
10
1060.5986734735
20
844.1376637638
10
1060.4419889503
20
844.4751381215
72
4
94
2
73
0
74
0
95
6
96
3
40
0.0
40
0.0
40
0.0
40
1.0
40
1.0
40
1.0
10
1060.4419889503
20
844.4751381215
10
1059.9723756906
20
845.4696132597
10
1060.8011049724
20
846.2983425414
72
4
94
3
73
0
74
0
95
8
96
4
40
0.0
40
0.0
40
0.0
40
0.0
40
1.0
40
1.0
40
1.0
40
1.0
10
1060.8011049724
20
846.2983425414
10
1061.0558255869
20
846.5471394207
10
1061.4161830079
20
846.6608734328
10
1061.7537000257
20
846.5989953129
72
4
94
3
73
0
74
0
95
8
96
4
40
0.0
40
0.0
40
0.0
40
0.0
40
1.0
40
1.0
40
1.0
40
1.0
10
1061.7537000257
20
846.5989953129
10
1062.0912170435
20
846.537117193
10
1062.3578600372
20
846.3084331048
10
1062.4585635359
20
845.9944751381
72
4
94
2
73
0
74
0
95
6
96
3
40
0.0
40
0.0
40
0.0
40
1.0
40
1.0
40
1.0
10
1062.4585635359
20
845.9944751381
10
1062.8453038674
20
844.8895027624
10
1062.2375690608
20
844.1988950276
97
0
75
0
76
1
98
0
0
HATCH
5
93
100
AcDbEntity
8
Layer 1
6
ByLayer
370
-1
62
256
100
AcDbHatch
10
0
20
0
30
0
210
0
220
0
230
1
2
FILL_147
70
1
71
0
91
1
92
0
93
4
72
4
94
3
73
0
74
0
95
8
96
4
40
0.0
40
0.0
40
0.0
40
0.0
40
1.0
40
1.0
40
1.0
40
1.0
10
1118.8950276243
20
697.5138121547
10
1118.8950276243
20
696.567910097
10
1118.1282224997
20
695.8011049724
10
1117.182320442
20
695.8011049724
72
4
94
3
73
0
74
0
95
8
96
4
40
0.0
40
0.0
40
0.0
40
0.0
40
1.0
40
1.0
40
1.0
40
1.0
10
1117.182320442
20
695.8011049724
10
1116.2364183843
20
695.8011049724
10
1115.4696132597
20
696.567910097
10
1115.4696132597
20
697.5138121547
72
4
94
3
73
0
74
0
95
8
96
4
40
0.0
40
0.0
40
0.0
40
0.0
40
1.0
40
1.0
40
1.0
40
1.0
10
1115.4696132597
20
697.5138121547
10
1115.4696132597
20
698.4597142124
10
1116.2364183843
20
699.226519337
10
1117.182320442
20
699.226519337
72
4
94
3
73
0
74
0
95
8
96
4
40
0.0
40
0.0
40
0.0
40
0.0
40
1.0
40
1.0
40
1.0
40
1.0
10
1117.182320442
20
699.226519337
10
1118.1282224997
20
699.226519337
10
1118.8950276243
20
698.4597142124
10
1118.8950276243
20
697.5138121547
97
0
75
0
76
1
98
0
0
HATCH
5
98
100
AcDbEntity
8
Layer 1
6
ByLayer
370
-1
62
256
100
AcDbHatch
10
0
20
0
30
0
210
0
220
0
230
1
2
FILL_152
70
1
71
0
91
1
92
0
93
4
72
4
94
3
73
0
74
0
95
8
96
4
40
0.0
40
0.0
40
0.0
40
0.0
40
1.0
40
1.0
40
1.0
40
1.0
10
3101.9060773481
20
697.0165745856
10
3101.9060773481
20
696.0401595583
10
3101.1145365743
20
695.2486187845
10
3100.138121547
20
695.2486187845
72
4
94
3
73
0
74
0
95
8
96
4
40
0.0
40
0.0
40
0.0
40
0.0
40
1.0
40
1.0
40
1.0
40
1.0
10
3100.138121547
20
695.2486187845
10
3099.1617065196
20
695.2486187845
10
3098.3701657459
20
696.0401595583
10
3098.3701657459
20
697.0165745856
72
4
94
3
73
0
74
0
95
8
96
4
40
0.0
40
0.0
40
0.0
40
0.0
40
1.0
40
1.0
40
1.0
40
1.0
10
3098.3701657459
20
697.0165745856
10
3098.3701657459
20
697.992989613
10
3099.1617065196
20
698.7845303867
10
3100.138121547
20
698.7845303867
72
4
94
3
73
0
74
0
95
8
96
4
40
0.0
40
0.0
40
0.0
40
0.0
40
1.0
40
1.0
40
1.0
40
1.0
10
3100.138121547
20
698.7845303867
10
3101.1145365743
20
698.7845303867
10
3101.9060773481
20
697.992989613
10
3101.9060773481
20
697.0165745856
97
0
75
0
76
1
98
0
0
HATCH
5
9f
100
AcDbEntity
8
Layer 1
6
ByLayer
370
-1
62
256
100
AcDbHatch
10
0
20
0
30
0
210
0
220
0
230
1
2
FILL_159
70
1
71
0
91
1
92
0
93
6
72
1
10
1328.3194062376
20
688.8325430859
11
1328.3194062376
21
688.8325430859
72
4
94
3
73
0
74
0
95
8
96
4
40
0.0
40
0.0
40
0.0
40
0.0
40
1.0
40
1.0
40
1.0
40
1.0
10
1328.3194062376
20
688.8325430859
10
1328.8696491233
20
688.7065206418
10
1329.1776532019
20
688.0015754923
10
1329.0073526018
20
687.2580040251
72
4
94
3
73
0
74
0
95
8
96
4
40
0.0
40
0.0
40
0.0
40
0.0
40
1.0
40
1.0
40
1.0
40
1.0
10
1329.0073526018
20
687.2580040251
10
1328.8370520017
20
686.5144325578
10
1328.2529360957
20
686.0138101606
10
1327.7026932099
20
686.1398326047
72
4
94
3
73
0
74
0
95
8
96
4
40
0.0
40
0.0
40
0.0
40
0.0
40
1.0
40
1.0
40
1.0
40
1.0
10
1327.7026932099
20
686.1398326047
10
1327.1524503242
20
686.2658550488
10
1326.8444462456
20
686.9708001983
10
1327.0147468457
20
687.7143716655
72
4
94
3
73
0
74
0
95
8
96
4
40
0.0
40
0.0
40
0.0
40
0.0
40
1.0
40
1.0
40
1.0
40
1.0
10
1327.0147468457
20
687.7143716655
10
1327.1850474458
20
688.4579431328
10
1327.7691633518
20
688.95856553
10
1328.3194062376
20
688.8325430859
72
1
10
1328.3194062376
20
688.8325430859
11
1328.3194062376
21
688.8325430859
97
0
75
0
76
1
98
0
0
HATCH
5
a8
100
AcDbEntity
8
Layer 1
6
ByLayer
370
-1
62
256
100
AcDbHatch
10
0
20
0
30
0
210
0
220
0
230
1
2
FILL_168
70
1
71
0
91
1
92
0
93
8
72
1
10
1232.2928176796
20
259.861878453
11
1232.2928176796
21
259.861878453
72
4
94
3
73
0
74
0
95
8
96
4
40
0.0
40
0.0
40
0.0
40
0.0
40
1.0
40
1.0
40
1.0
40
1.0
10
1232.2928176796
20
259.861878453
10
1232.5421517888
20
259.731274872
10
1232.6800852514
20
259.4638783925
10
1232.6576005598
20
259.1547138821
72
4
94
3
73
0
74
0
95
8
96
4
40
0.0
40
0.0
40
0.0
40
0.0
40
1.0
40
1.0
40
1.0
40
1.0
10
1232.6576005598
20
259.1547138821
10
1232.6351158681
20
258.8455493717
10
1232.4554006568
20
258.538446808
10
1232.182320442
20
258.3425414365
72
4
94
2
73
0
74
0
95
6
96
3
40
0.0
40
0.0
40
0.0
40
1.0
40
1.0
40
1.0
10
1232.182320442
20
258.3425414365
10
1230.6629834254
20
257.2375690608
10
1229.4475138122
20
258.2596685083
72
1
10
1229.4475138122
20
258.2596685083
11
1229.4475138122
21
258.2596685083
72
4
94
3
73
0
74
0
95
8
96
4
40
0.0
40
0.0
40
0.0
40
0.0
40
1.0
40
1.0
40
1.0
40
1.0
10
1229.4475138122
20
258.2596685083
10
1229.2509339423
20
258.4234850665
10
1229.141820907
20
258.6694983003
10
1229.1526696216
20
258.9244430935
72
4
94
3
73
0
74
0
95
8
96
4
40
0.0
40
0.0
40
0.0
40
0.0
40
1.0
40
1.0
40
1.0
40
1.0
10
1229.1526696216
20
258.9244430935
10
1229.1635183362
20
259.1793878867
10
1229.2930772365
20
259.4138524785
10
1229.5027624309
20
259.5580110497
72
4
94
2
73
0
74
0
95
6
96
3
40
0.0
40
0.0
40
0.0
40
1.0
40
1.0
40
1.0
10
1229.5027624309
20
259.5580110497
10
1230.9668508287
20
260.5524861878
10
1232.2928176796
20
259.861878453
97
0
75
0
76
1
98
0
0
HATCH
5
ad
100
AcDbEntity
8
Layer 2
6
ByLayer
370
-1
62
256
100
AcDbHatch
10
0
20
0
30
0
210
0
220
0
230
1
2
FILL_173
70
1
71
0
91
1
92
0
93
2
72
1
10
4879.9447513812
20
1316.0220994475
11
4875.1104972376
21
1315.9944751381
72
1
10
4875.1104972376
20
1315.9944751381
11
4879.9447513812
21
1316.0220994475
97
0
75
0
76
1
98
0
0
HATCH
5
b0
100
AcDbEntity
8
Layer 2
6
ByLayer
370
-1
62
256
100
AcDbHatch
10
0
20
0
30
0
210
0
220
0
230
1
2
FILL_176
70
1
71
0
91
1
92
0
93
2
72
1
10
4911.6574585635
20
1315.8563535912
11
4880.635359116
21
1315.8563535912
72
1
10
4880.635359116
20
1315.8563535912
11
4911.6574585635
21
1315.8563535912
97
0
75
0
76
1
98
0
0
HATCH
5
b3
100
AcDbEntity
8
Layer 2
6
ByLayer
370
-1
62
256
100
AcDbHatch
10
0
20
0
30
0
210
0
220
0
230
1
2
FILL_179
70
1
71
0
91
1
92
0
93
2
72
4
94
2
73
0
74
0
95
6
96
3
40
0.0
40
0.0
40
0.0
40
1.0
40
1.0
40
1.0
10
4914.364640884
20
1316.0773480663
10
4913.3977900552
20
1315.773480663
10
4912.4033149171
20
1316.0497237569
72
4
94
2
73
0
74
0
95
6
96
3
40
0.0
40
0.0
40
0.0
40
1.0
40
1.0
40
1.0
10
4912.4033149171
20
1316.0497237569
10
4913.3701657459
20
1315.8287292818
10
4914.364640884
20
1316.0773480663
97
0
75
0
76
1
98
0
0
HATCH
5
118
100
AcDbEntity
8
Layer 3
6
ByLayer
370
-1
62
256
100
AcDbHatch
10
0
20
0
30
0
210
0
220
0
230
1
2
FILL_280
70
1
71
0
91
2
92
0
93
53
72
1
10
5289.8895027624
20
1315.6077348066
11
4914.364640884
21
1316.0773480663
72
4
94
2
73
0
74
0
95
6
96
3
40
0.0
40
0.0
40
0.0
40
1.0
40
1.0
40
1.0
10
4914.364640884
20
1316.0773480663
10
4913.3701657459
20
1315.8287292818
10
4912.4033149171
20
1316.0497237569
72
4
94
2
73
0
74
0
95
6
96
3
40
0.0
40
0.0
40
0.0
40
1.0
40
1.0
40
1.0
10
4912.4033149171
20
1316.0497237569
10
4912.0165745856
20
1315.9668508287
10
4911.6574585635
20
1315.8563535912
72
1
10
4911.6574585635
20
1315.8563535912
11
4880.635359116
21
1315.8563535912
72
4
94
2
73
0
74
0
95
6
96
3
40
0.0
40
0.0
40
0.0
40
1.0
40
1.0
40
1.0
10
4880.635359116
20
1315.8563535912
10
4880.3038674033
20
1315.9392265193
10
4879.9447513812
20
1316.0220994475
72
1
10
4879.9447513812
20
1316.0220994475
11
4875.1104972376
21
1315.9944751381
72
1
10
4875.1104972376
20
1315.9944751381
11
4851.6850828729
21
1315.7458563536
72
4
94
2
73
0
74
0
95
6
96
3
40
0.0
40
0.0
40
0.0
40
1.0
40
1.0
40
1.0
10
4851.6850828729
20
1315.7458563536
10
4398.9226519337
20
1316.0497237569
10
3946.1325966851
20
1316.1049723757
72
4
94
2
73
0
74
0
95
6
96
3
40
0.0
40
0.0
40
0.0
40
1.0
40
1.0
40
1.0
10
3946.1325966851
20
1316.1049723757
10
2277.4033149171
20
1316.3259668508
10
381.9060773481
20
1315.3314917127
72
4
94
2
73
0
74
0
95
6
96
3
40
0.0
40
0.0
40
0.0
40
1.0
40
1.0
40
1.0
10
381.9060773481
20
1315.3314917127
10
290.1104972376
20
1315.2762430939
10
193.0939226519
20
1314.0883977901
72
4
94
2
73
0
74
0
95
6
96
3
40
0.0
40
0.0
40
0.0
40
1.0
40
1.0
40
1.0
10
193.0939226519
20
1314.0883977901
10
172.5138121547
20
1313.8397790055
10
162.2928176796
20
1317.0165745856
72
4
94
3
73
0
74
0
95
8
96
4
40
0.0
40
0.0
40
0.0
40
0.0
40
1.0
40
1.0
40
1.0
40
1.0
10
162.2928176796
20
1317.0165745856
10
111.8784530387
20
1332.6519337017
10
73.8674033149
20
1381.8508287293
10
74.2817679558
20
1434.8895027624
72
4
94
2
73
0
74
0
95
6
96
3
40
0.0
40
0.0
40
0.0
40
1.0
40
1.0
40
1.0
10
74.2817679558
20
1434.8895027624
10
74.3093922652
20
1441.546961326
10
83.729281768
20
1489.4751381215
72
4
94
2
73
0
74
0
95
6
96
3
40
0.0
40
0.0
40
0.0
40
1.0
40
1.0
40
1.0
10
83.729281768
20
1489.4751381215
10
134.0607734807
20
1746.3535911602
10
219.0055248619
20
2178.1491712707
72
4
94
2
73
0
74
0
95
6
96
3
40
0.0
40
0.0
40
0.0
40
1.0
40
1.0
40
1.0
10
219.0055248619
20
2178.1491712707
10
237.0994475138
20
2270.1104972376
10
254.5303867403
20
2365.1933701657
72
4
94
3
73
0
74
0
95
8
96
4
40
0.0
40
0.0
40
0.0
40
0.0
40
1.0
40
1.0
40
1.0
40
1.0
10
254.5303867403
20
2365.1933701657
10
263.4806629834
20
2413.9779005525
10
314.1988950276
20
2453.5359116022
10
363.2596685083
20
2453.5359116022
72
4
94
2
73
0
74
0
95
6
96
3
40
0.0
40
0.0
40
0.0
40
1.0
40
1.0
40
1.0
10
363.2596685083
20
2453.5359116022
10
1348.2044198895
20
2453.6464088398
10
1470.3038674033
20
2453.591160221
72
4
94
2
73
0
74
0
95
6
96
3
40
0.0
40
0.0
40
0.0
40
1.0
40
1.0
40
1.0
10
1470.3038674033
20
2453.591160221
10
1631.9337016575
20
2453.5359116022
10
1754.226519337
20
2454.9171270718
72
4
94
3
73
0
74
0
95
8
96
4
40
0.0
40
0.0
40
0.0
40
0.0
40
1.0
40
1.0
40
1.0
40
1.0
10
1754.226519337
20
2454.9171270718
10
1755.7832909837
20
2454.9335141418
10
1757.1429969544
20
2455.9673401691
10
1757.5690607735
20
2457.4585635359
72
4
94
2
73
0
74
0
95
6
96
3
40
0.0
40
0.0
40
0.0
40
1.0
40
1.0
40
1.0
10
1757.5690607735
20
2457.4585635359
10
1819.861878453
20
2671.408839779
10
1822.6519337017
20
2680.8563535912
72
4
94
2
73
0
74
0
95
6
96
3
40
0.0
40
0.0
40
0.0
40
1.0
40
1.0
40
1.0
10
1822.6519337017
20
2680.8563535912
10
1838.2872928177
20
2734.0883977901
10
1851.6574585635
20
2786.1325966851
72
1
10
1851.6574585635
20
2786.1325966851
11
1851.6574585635
21
2786.1325966851
72
4
94
3
73
0
74
0
95
8
96
4
40
0.0
40
0.0
40
0.0
40
0.0
40
1.0
40
1.0
40
1.0
40
1.0
10
1851.6574585635
20
2786.1325966851
10
1851.8957372673
20
2787.067382369
10
1852.2582492223
20
2787.9597194891
10
1852.7348066298
20
2788.7845303867
72
4
94
3
73
0
74
0
95
8
96
4
40
0.0
40
0.0
40
0.0
40
0.0
40
1.0
40
1.0
40
1.0
40
1.0
10
1852.7348066298
20
2788.7845303867
10
1869.4198895028
20
2817.5966850829
10
1899.0607734807
20
2840.0828729282
10
1933.7845303867
20
2840.0552486188
72
4
94
2
73
0
74
0
95
6
96
3
40
0.0
40
0.0
40
0.0
40
1.0
40
1.0
40
1.0
10
1933.7845303867
20
2840.0552486188
10
2045.0552486188
20
2839.9447513812
10
3673.3425414365
20
2840.635359116
72
4
94
2
73
0
74
0
95
6
96
3
40
0.0
40
0.0
40
0.0
40
1.0
40
1.0
40
1.0
10
3673.3425414365
20
2840.635359116
10
3928.8674033149
20
2840.7458563536
10
4154.364640884
20
2841.8784530387
72
4
94
2
73
0
74
0
95
6
96
3
40
0.0
40
0.0
40
0.0
40
1.0
40
1.0
40
1.0
10
4154.364640884
20
2841.8784530387
10
4171.546961326
20
2841.9613259669
10
4182.4861878453
20
2840.0276243094
72
4
94
3
73
0
74
0
95
8
96
4
40
0.0
40
0.0
40
0.0
40
0.0
40
1.0
40
1.0
40
1.0
40
1.0
10
4182.4861878453
20
2840.0276243094
10
4201.5745856354
20
2836.6022099448
10
4218.4806629834
20
2832.5690607735
10
4236.270718232
20
2821.7403314917
72
4
94
3
73
0
74
0
95
8
96
4
40
0.0
40
0.0
40
0.0
40
0.0
40
1.0
40
1.0
40
1.0
40
1.0
10
4236.270718232
20
2821.7403314917
10
4288.2044198895
20
2790.1657458564
10
4311.7679558011
20
2739.8066298343
10
4312.2928176796
20
2679.226519337
72
4
94
2
73
0
74
0
95
6
96
3
40
0.0
40
0.0
40
0.0
40
1.0
40
1.0
40
1.0
10
4312.2928176796
20
2679.226519337
10
4312.4033149171
20
2665.6906077348
10
4307.182320442
20
2645.8839779006
72
4
94
2
73
0
74
0
95
6
96
3
40
0.0
40
0.0
40
0.0
40
1.0
40
1.0
40
1.0
10
4307.182320442
20
2645.8839779006
10
4290.0
20
2580.635359116
10
4261.6850828729
20
2457.2928176796
72
1
10
4261.6850828729
20
2457.2928176796
11
4261.6850828729
21
2457.2928176796
72
4
94
3
73
0
74
0
95
8
96
4
40
0.0
40
0.0
40
0.0
40
0.0
40
1.0
40
1.0
40
1.0
40
1.0
10
4261.6850828729
20
2457.2928176796
10
4261.4643038149
20
2456.3160376048
10
4261.6994363903
20
2455.2918926763
10
4262.323600093
20
2454.5116880479
72
4
94
3
73
0
74
0
95
8
96
4
40
0.0
40
0.0
40
0.0
40
0.0
40
1.0
40
1.0
40
1.0
40
1.0
10
4262.323600093
20
2454.5116880479
10
4262.9477637957
20
2453.7314834196
10
4263.8926518643
20
2453.2806025432
10
4264.8895027624
20
2453.2872928177
72
4
94
2
73
0
74
0
95
6
96
3
40
0.0
40
0.0
40
0.0
40
1.0
40
1.0
40
1.0
10
4264.8895027624
20
2453.2872928177
10
4348.0110497238
20
2454.1160220994
10
4426.1049723757
20
2453.8950276243
72
4
94
2
73
0
74
0
95
6
96
3
40
0.0
40
0.0
40
0.0
40
1.0
40
1.0
40
1.0
10
4426.1049723757
20
2453.8950276243
10
4963.8397790055
20
2452.2928176796
10
5742.7348066298
20
2450.9392265193
72
4
94
2
73
0
74
0
95
6
96
3
40
0.0
40
0.0
40
0.0
40
1.0
40
1.0
40
1.0
10
5742.7348066298
20
2450.9392265193
10
5754.8066298343
20
2450.9116022099
10
5772.3756906077
20
2452.1270718232
72
4
94
2
73
0
74
0
95
6
96
3
40
0.0
40
0.0
40
0.0
40
1.0
40
1.0
40
1.0
10
5772.3756906077
20
2452.1270718232
10
5813.1767955801
20
2454.9171270718
10
5847.3480662983
20
2436.8508287293
72
4
94
2
73
0
74
0
95
6
96
3
40
0.0
40
0.0
40
0.0
40
1.0
40
1.0
40
1.0
10
5847.3480662983
20
2436.8508287293
10
5891.4364640884
20
2413.5359116022
10
5895.4419889503
20
2365.1933701657
72
4
94
3
73
0
74
0
95
8
96
4
40
0.0
40
0.0
40
0.0
40
0.0
40
1.0
40
1.0
40
1.0
40
1.0
10
5895.4419889503
20
2365.1933701657
10
5895.5518288278
20
2363.8752916356
10
5895.4586521964
20
2362.5521834697
10
5895.1657458564
20
2361.270718232
72
1
10
5895.1657458564
20
2361.270718232
11
5851.6022099448
21
2174.0331491713
72
1
10
5851.6022099448
20
2174.0331491713
11
5851.6022099448
21
2174.0331491713
72
4
94
3
73
0
74
0
95
8
96
4
40
0.0
40
0.0
40
0.0
40
0.0
40
1.0
40
1.0
40
1.0
40
1.0
10
5851.6022099448
20
2174.0331491713
10
5851.1576024512
20
2172.0900497551
10
5852.0167195707
20
2170.0817240213
10
5853.729281768
20
2169.0607734807
72
4
94
3
73
0
74
0
95
8
96
4
40
0.0
40
0.0
40
0.0
40
0.0
40
1.0
40
1.0
40
1.0
40
1.0
10
5853.729281768
20
2169.0607734807
10
5902.6795580111
20
2139.8895027624
10
5930.6077348066
20
2092.8729281768
10
5927.6795580111
20
2035.2209944751
72
4
94
2
73
0
74
0
95
6
96
3
40
0.0
40
0.0
40
0.0
40
1.0
40
1.0
40
1.0
10
5927.6795580111
20
2035.2209944751
10
5926.7403314917
20
2016.7127071823
10
5920.9944751381
20
1994.5580110497
72
4
94
2
73
0
74
0
95
6
96
3
40
0.0
40
0.0
40
0.0
40
1.0
40
1.0
40
1.0
10
5920.9944751381
20
1994.5580110497
10
5901.7127071823
20
1920.0552486188
10
5901.4364640884
20
1919.0055248619
72
4
94
2
73
0
74
0
95
6
96
3
40
0.0
40
0.0
40
0.0
40
1.0
40
1.0
40
1.0
10
5901.4364640884
20
1919.0055248619
10
5814.7790055249
20
1567.0165745856
10
5780.8287292818
20
1426.9889502762
72
4
94
2
73
0
74
0
95
6
96
3
40
0.0
40
0.0
40
0.0
40
1.0
40
1.0
40
1.0
10
5780.8287292818
20
1426.9889502762
10
5771.6298342541
20
1389.1436464088
10
5763.4806629834
20
1374.6132596685
72
4
94
3
73
0
74
0
95
8
96
4
40
0.0
40
0.0
40
0.0
40
0.0
40
1.0
40
1.0
40
1.0
40
1.0
10
5763.4806629834
20
1374.6132596685
10
5745.7458563536
20
1343.0662983425
10
5716.0773480663
20
1325.6629834254
10
5680.7182320442
20
1316.9613259669
72
4
94
2
73
0
74
0
95
6
96
3
40
0.0
40
0.0
40
0.0
40
1.0
40
1.0
40
1.0
10
5680.7182320442
20
1316.9613259669
10
5671.7403314917
20
1314.7513812155
10
5664.6961325967
20
1314.9171270718
72
4
94
3
73
0
74
0
95
8
96
4
40
0.0
40
0.0
40
0.0
40
0.0
40
1.0
40
1.0
40
1.0
40
1.0
10
5664.6961325967
20
1314.9171270718
10
5657.4861878453
20
1315.1104972376
10
5650.6077348066
20
1313.8397790055
10
5643.0939226519
20
1313.8674033149
72
4
94
2
73
0
74
0
95
6
96
3
40
0.0
40
0.0
40
0.0
40
1.0
40
1.0
40
1.0
10
5643.0939226519
20
1313.8674033149
10
5460.1933701657
20
1314.8895027624
10
5292.8453038674
20
1315.0828729282
72
4
94
2
73
0
74
0
95
6
96
3
40
0.0
40
0.0
40
0.0
40
1.0
40
1.0
40
1.0
10
5292.8453038674
20
1315.0828729282
10
5291.2983425414
20
1315.0828729282
10
5289.8895027624
20
1315.6077348066
97
0
92
0
93
45
72
4
94
2
73
0
74
0
95
6
96
3
40
0.0
40
0.0
40
0.0
40
1.0
40
1.0
40
1.0
10
4215.3038674033
20
2418.7845303867
10
4238.7016574586
20
2511.0773480663
10
4271.3259668508
20
2645.4696132597
72
4
94
2
73
0
74
0
95
6
96
3
40
0.0
40
0.0
40
0.0
40
1.0
40
1.0
40
1.0
10
4271.3259668508
20
2645.4696132597
10
4271.3259668508
20
2645.5248618785
10
4275.1104972376
20
2659.0883977901
72
4
94
3
73
0
74
0
95
8
96
4
40
0.0
40
0.0
40
0.0
40
0.0
40
1.0
40
1.0
40
1.0
40
1.0
10
4275.1104972376
20
2659.0883977901
10
4283.591160221
20
2689.5580110497
10
4277.2099447514
20
2722.955801105
10
4261.8508287293
20
2749.4198895028
72
4
94
2
73
0
74
0
95
6
96
3
40
0.0
40
0.0
40
0.0
40
1.0
40
1.0
40
1.0
10
4261.8508287293
20
2749.4198895028
10
4235.8839779006
20
2794.1160220994
10
4184.6132596685
20
2802.4861878453
72
4
94
3
73
0
74
0
95
8
96
4
40
0.0
40
0.0
40
0.0
40
0.0
40
1.0
40
1.0
40
1.0
40
1.0
10
4184.6132596685
20
2802.4861878453
10
4176.6574585635
20
2803.7845303867
10
4166.546961326
20
2805.4972375691
10
4156.2983425414
20
2805.4972375691
72
4
94
2
73
0
74
0
95
6
96
3
40
0.0
40
0.0
40
0.0
40
1.0
40
1.0
40
1.0
10
4156.2983425414
20
2805.4972375691
10
2926.1325966851
20
2805.9116022099
10
1940.6077348066
20
2808.453038674
72
4
94
3
73
0
74
0
95
8
96
4
40
0.0
40
0.0
40
0.0
40
0.0
40
1.0
40
1.0
40
1.0
40
1.0
10
1940.6077348066
20
2808.453038674
10
1917.6243093923
20
2808.5082872928
10
1896.8784530387
20
2798.729281768
10
1886.3535911602
20
2777.4861878453
72
4
94
2
73
0
74
0
95
6
96
3
40
0.0
40
0.0
40
0.0
40
1.0
40
1.0
40
1.0
10
1886.3535911602
20
2777.4861878453
10
1877.320441989
20
2759.1988950276
10
1868.3977900552
20
2727.4309392265
72
4
94
2
73
0
74
0
95
6
96
3
40
0.0
40
0.0
40
0.0
40
1.0
40
1.0
40
1.0
10
1868.3977900552
20
2727.4309392265
10
1792.8453038674
20
2458.729281768
10
1780.773480663
20
2415.2486187845
72
4
94
3
73
0
74
0
95
8
96
4
40
0.0
40
0.0
40
0.0
40
0.0
40
1.0
40
1.0
40
1.0
40
1.0
10
1780.773480663
20
2415.2486187845
10
1780.5615392827
20
2414.466065996
10
1779.8369871997
20
2413.9226519337
10
1779.0055248619
20
2413.9226519337
72
4
94
2
73
0
74
0
95
6
96
3
40
0.0
40
0.0
40
0.0
40
1.0
40
1.0
40
1.0
10
1779.0055248619
20
2413.9226519337
10
1684.8895027624
20
2415.4143646409
10
1590.4696132597
20
2415.5524861878
72
4
94
2
73
0
74
0
95
6
96
3
40
0.0
40
0.0
40
0.0
40
1.0
40
1.0
40
1.0
10
1590.4696132597
20
2415.5524861878
10
1307.0994475138
20
2415.8839779006
10
396.1325966851
20
2415.9944751381
72
4
94
2
73
0
74
0
95
6
96
3
40
0.0
40
0.0
40
0.0
40
1.0
40
1.0
40
1.0
10
396.1325966851
20
2415.9944751381
10
391.2983425414
20
2415.9944751381
10
378.7569060773
20
2416.8508287293
72
4
94
3
73
0
74
0
95
8
96
4
40
0.0
40
0.0
40
0.0
40
0.0
40
1.0
40
1.0
40
1.0
40
1.0
10
378.7569060773
20
2416.8508287293
10
337.955801105
20
2419.6685082873
10
298.9502762431
20
2393.8121546961
10
291.3812154696
20
2352.2375690608
72
4
94
2
73
0
74
0
95
6
96
3
40
0.0
40
0.0
40
0.0
40
1.0
40
1.0
40
1.0
10
291.3812154696
20
2352.2375690608
10
287.8729281768
20
2332.955801105
10
283.5082872928
20
2311.5745856354
72
4
94
2
73
0
74
0
95
6
96
3
40
0.0
40
0.0
40
0.0
40
1.0
40
1.0
40
1.0
10
283.5082872928
20
2311.5745856354
10
209.226519337
20
1946.0497237569
10
113.1491712707
20
1465.9668508287
72
4
94
3
73
0
74
0
95
8
96
4
40
0.0
40
0.0
40
0.0
40
0.0
40
1.0
40
1.0
40
1.0
40
1.0
10
113.1491712707
20
1465.9668508287
10
111.4917127072
20
1457.5690607735
10
112.1546961326
20
1451.7127071823
10
111.3812154696
20
1444.0055248619
72
4
94
3
73
0
74
0
95
8
96
4
40
0.0
40
0.0
40
0.0
40
0.0
40
1.0
40
1.0
40
1.0
40
1.0
10
111.3812154696
20
1444.0055248619
10
107.5138121547
20
1406.0497237569
10
123.7569060773
20
1375.635359116
10
158.6464088398
20
1359.5303867403
72
4
94
2
73
0
74
0
95
6
96
3
40
0.0
40
0.0
40
0.0
40
1.0
40
1.0
40
1.0
10
158.6464088398
20
1359.5303867403
10
160.8563535912
20
1358.5082872928
10
176.1325966851
20
1354.5856353591
72
1
10
176.1325966851
20
1354.5856353591
11
176.1325966851
21
1354.5856353591
72
4
94
3
73
0
74
0
95
8
96
4
40
0.0
40
0.0
40
0.0
40
0.0
40
1.0
40
1.0
40
1.0
40
1.0
10
176.1325966851
20
1354.5856353591
10
177.911266751
20
1354.127215239
10
179.7501926596
20
1353.9043151289
10
181.6022099448
20
1353.9226519337
72
4
94
2
73
0
74
0
95
6
96
3
40
0.0
40
0.0
40
0.0
40
1.0
40
1.0
40
1.0
10
181.6022099448
20
1353.9226519337
10
230.773480663
20
1354.364640884
10
272.0994475138
20
1353.6740331492
72
4
94
2
73
0
74
0
95
6
96
3
40
0.0
40
0.0
40
0.0
40
1.0
40
1.0
40
1.0
10
272.0994475138
20
1353.6740331492
10
766.5193370166
20
1345.4419889503
10
964.6685082873
20
1342.2099447514
72
1
10
964.6685082873
20
1342.2099447514
11
964.6685082873
21
1342.2099447514
72
4
94
3
73
0
74
0
95
8
96
4
40
0.0
40
0.0
40
0.0
40
0.0
40
1.0
40
1.0
40
1.0
40
1.0
10
964.6685082873
20
1342.2099447514
10
964.7418919448
20
1342.191598837
10
964.8161191049
20
1342.182320442
10
964.8895027624
20
1342.182320442
72
4
94
2
73
0
74
0
95
6
96
3
40
0.0
40
0.0
40
0.0
40
1.0
40
1.0
40
1.0
10
964.8895027624
20
1342.182320442
10
1695.8839779006
20
1340.8287292818
10
2427.0718232044
20
1339.6132596685
72
4
94
2
73
0
74
0
95
6
96
3
40
0.0
40
0.0
40
0.0
40
1.0
40
1.0
40
1.0
10
2427.0718232044
20
1339.6132596685
10
2432.5690607735
20
1339.6132596685
10
2437.8453038674
20
1339.6408839779
72
4
94
2
73
0
74
0
95
6
96
3
40
0.0
40
0.0
40
0.0
40
1.0
40
1.0
40
1.0
10
2437.8453038674
20
1339.6408839779
10
4209.6685082873
20
1349.7237569061
10
4732.044198895
20
1351.4640883978
72
4
94
2
73
0
74
0
95
6
96
3
40
0.0
40
0.0
40
0.0
40
1.0
40
1.0
40
1.0
10
4732.044198895
20
1351.4640883978
10
5154.4475138122
20
1352.8453038674
10
5642.2651933702
20
1351.6850828729
72
4
94
3
73
0
74
0
95
8
96
4
40
0.0
40
0.0
40
0.0
40
0.0
40
1.0
40
1.0
40
1.0
40
1.0
10
5642.2651933702
20
1351.6850828729
10
5677.1270718232
20
1351.6022099448
10
5708.6740331492
20
1357.4585635359
10
5729.364640884
20
1387.9834254144
72
4
94
2
73
0
74
0
95
6
96
3
40
0.0
40
0.0
40
0.0
40
1.0
40
1.0
40
1.0
10
5729.364640884
20
1387.9834254144
10
5735.3038674033
20
1396.7127071823
10
5741.6298342541
20
1415.0276243094
72
4
94
3
73
0
74
0
95
8
96
4
40
0.0
40
0.0
40
0.0
40
0.0
40
1.0
40
1.0
40
1.0
40
1.0
10
5741.6298342541
20
1415.0276243094
10
5751.5193370166
20
1443.6187845304
10
5756.9613259669
20
1467.182320442
10
5765.5801104972
20
1503.0110497238
72
4
94
2
73
0
74
0
95
6
96
3
40
0.0
40
0.0
40
0.0
40
1.0
40
1.0
40
1.0
10
5765.5801104972
20
1503.0110497238
10
5793.1767955801
20
1618.0939226519
10
5887.5138121547
20
2021.2154696133
72
4
94
3
73
0
74
0
95
8
96
4
40
0.0
40
0.0
40
0.0
40
0.0
40
1.0
40
1.0
40
1.0
40
1.0
10
5887.5138121547
20
2021.2154696133
10
5901.0773480663
20
2079.1988950276
10
5868.0110497238
20
2133.3149171271
10
5810.4419889503
20
2149.1988950276
72
4
94
3
73
0
74
0
95
8
96
4
40
0.0
40
0.0
40
0.0
40
0.0
40
1.0
40
1.0
40
1.0
40
1.0
10
5810.4419889503
20
2149.1988950276
10
5810.0259076742
20
2149.3067679511
10
5809.7694159472
20
2149.7220402709
10
5809.861878453
20
2150.138121547
72
4
94
3
73
0
74
0
95
8
96
4
40
0.0
40
0.0
40
0.0
40
0.0
40
1.0
40
1.0
40
1.0
40
1.0
10
5809.861878453
20
2150.138121547
10
5822.9005524862
20
2206.1602209945
10
5842.6795580111
20
2280.5801104972
10
5855.8287292818
20
2347.8729281768
72
4
94
2
73
0
74
0
95
6
96
3
40
0.0
40
0.0
40
0.0
40
1.0
40
1.0
40
1.0
10
5855.8287292818
20
2347.8729281768
10
5858.1215469613
20
2359.5303867403
10
5854.4475138122
20
2373.2596685083
72
4
94
3
73
0
74
0
95
8
96
4
40
0.0
40
0.0
40
0.0
40
0.0
40
1.0
40
1.0
40
1.0
40
1.0
10
5854.4475138122
20
2373.2596685083
10
5848.9502762431
20
2393.6464088398
10
5830.4419889503
20
2405.9944751381
10
5810.8839779006
20
2412.2375690608
72
4
94
3
73
0
74
0
95
8
96
4
40
0.0
40
0.0
40
0.0
40
0.0
40
1.0
40
1.0
40
1.0
40
1.0
10
5810.8839779006
20
2412.2375690608
10
5804.9447513812
20
2414.1160220994
10
5798.6740331492
20
2413.8674033149
10
5792.5138121547
20
2415.7182320442
72
1
10
5792.5138121547
20
2415.7182320442
11
5792.5138121547
21
2415.7182320442
72
4
94
3
73
0
74
0
95
8
96
4
40
0.0
40
0.0
40
0.0
40
0.0
40
1.0
40
1.0
40
1.0
40
1.0
10
5792.5138121547
20
2415.7182320442
10
5792.3128290892
20
2415.7913167953
10
5792.1070604136
20
2415.8287292818
10
5791.9060773481
20
2415.8287292818
72
4
94
2
73
0
74
0
95
6
96
3
40
0.0
40
0.0
40
0.0
40
1.0
40
1.0
40
1.0
10
5791.9060773481
20
2415.8287292818
10
5218.7569060773
20
2416.9060773481
10
4348.7569060773
20
2418.8397790055
72
4
94
2
73
0
74
0
95
6
96
3
40
0.0
40
0.0
40
0.0
40
1.0
40
1.0
40
1.0
10
4348.7569060773
20
2418.8397790055
10
4279.4198895028
20
2418.9779005525
10
4215.9944751381
20
2417.9281767956
72
4
94
3
73
0
74
0
95
8
96
4
40
0.0
40
0.0
40
0.0
40
0.0
40
1.0
40
1.0
40
1.0
40
1.0
10
4215.9944751381
20
2417.9281767956
10
4215.7783926542
20
2417.9216288415
10
4215.5717044618
20
2418.0166220976
10
4215.4360581529
20
2418.1848235207
72
4
94
3
73
0
74
0
95
8
96
4
40
0.0
40
0.0
40
0.0
40
0.0
40
1.0
40
1.0
40
1.0
40
1.0
10
4215.4360581529
20
2418.1848235207
10
4215.300411844
20
2418.3530249438
10
4215.2514837708
20
2418.5749958569
10
4215.3038674033
20
2418.7845303867
97
0
75
0
76
1
98
0
0
HATCH
5
123
100
AcDbEntity
8
Layer 4
6
ByLayer
370
-1
62
256
100
AcDbHatch
10
0
20
0
30
0
210
0
220
0
230
1
2
FILL_291
70
1
71
0
91
1
92
0
93
8
72
4
94
2
73
0
74
0
95
6
96
3
40
0.0
40
0.0
40
0.0
40
1.0
40
1.0
40
1.0
10
3093.453038674
20
2811.7955801105
10
3093.7016574586
20
2811.3535911602
10
3093.7569060773
20
2811.0220994475
72
1
10
3093.7569060773
20
2811.0220994475
11
3093.7569060773
21
2811.0220994475
72
4
94
3
73
0
74
0
95
8
96
4
40
0.0
40
0.0
40
0.0
40
0.0
40
1.0
40
1.0
40
1.0
40
1.0
10
3093.7569060773
20
2811.0220994475
10
3093.8208491273
20
2810.6512297577
10
3093.6543660245
20
2810.2737231025
10
3093.339832015
20
2810.0763684299
72
4
94
3
73
0
74
0
95
8
96
4
40
0.0
40
0.0
40
0.0
40
0.0
40
1.0
40
1.0
40
1.0
40
1.0
10
3093.339832015
20
2810.0763684299
10
3093.0252980055
20
2809.8790137573
10
3092.6294157182
20
2809.9036636971
10
3092.3480662983
20
2810.138121547
72
4
94
2
73
0
74
0
95
6
96
3
40
0.0
40
0.0
40
0.0
40
1.0
40
1.0
40
1.0
10
3092.3480662983
20
2810.138121547
10
3091.8508287293
20
2810.5524861878
10
3091.9613259669
20
2811.3812154696
72
1
10
3091.9613259669
20
2811.3812154696
11
3091.9613259669
21
2811.3812154696
72
4
94
3
73
0
74
0
95
8
96
4
40
0.0
40
0.0
40
0.0
40
0.0
40
1.0
40
1.0
40
1.0
40
1.0
10
3091.9613259669
20
2811.3812154696
10
3092.0093963233
20
2811.7377372801
10
3092.2690081556
20
2812.0408282537
10
3092.6066510056
20
2812.1346179343
72
4
94
3
73
0
74
0
95
8
96
4
40
0.0
40
0.0
40
0.0
40
0.0
40
1.0
40
1.0
40
1.0
40
1.0
10
3092.6066510056
20
2812.1346179343
10
3092.9442938555
20
2812.2284076148
10
3093.2847924264
20
2812.0920139754
10
3093.453038674
20
2811.7955801105
97
0
75
0
76
1
98
0
0
HATCH
5
1e2
100
AcDbEntity
8
Layer 4
6
ByLayer
370
-1
62
256
100
AcDbHatch
10
0
20
0
30
0
210
0
220
0
230
1
2
FILL_482
70
1
71
0
91
4
92
0
93
47
72
1
10
4215.3038674033
20
2418.7845303867
11
4215.3038674033
21
2418.7845303867
72
4
94
3
73
0
74
0
95
8
96
4
40
0.0
40
0.0
40
0.0
40
0.0
40
1.0
40
1.0
40
1.0
40
1.0
10
4215.3038674033
20
2418.7845303867
10
4215.2514837709
20
2418.5749958569
10
4215.300411844
20
2418.3530249438
10
4215.4360581529
20
2418.1848235207
72
4
94
3
73
0
74
0
95
8
96
4
40
0.0
40
0.0
40
0.0
40
0.0
40
1.0
40
1.0
40
1.0
40
1.0
10
4215.4360581529
20
2418.1848235207
10
4215.5717044618
20
2418.0166220976
10
4215.7783926542
20
2417.9216288415
10
4215.9944751381
20
2417.9281767956
72
4
94
2
73
0
74
0
95
6
96
3
40
0.0
40
0.0
40
0.0
40
1.0
40
1.0
40
1.0
10
4215.9944751381
20
2417.9281767956
10
4279.4198895028
20
2418.9779005525
10
4348.7569060773
20
2418.8397790055
72
4
94
2
73
0
74
0
95
6
96
3
40
0.0
40
0.0
40
0.0
40
1.0
40
1.0
40
1.0
10
4348.7569060773
20
2418.8397790055
10
5218.7569060773
20
2416.9060773481
10
5791.9060773481
20
2415.8287292818
72
1
10
5791.9060773481
20
2415.8287292818
11
5791.9060773481
21
2415.8287292818
72
4
94
3
73
0
74
0
95
8
96
4
40
0.0
40
0.0
40
0.0
40
0.0
40
1.0
40
1.0
40
1.0
40
1.0
10
5791.9060773481
20
2415.8287292818
10
5792.1070604136
20
2415.8287292818
10
5792.3128290892
20
2415.7913167953
10
5792.5138121547
20
2415.7182320442
72
4
94
3
73
0
74
0
95
8
96
4
40
0.0
40
0.0
40
0.0
40
0.0
40
1.0
40
1.0
40
1.0
40
1.0
10
5792.5138121547
20
2415.7182320442
10
5798.6740331492
20
2413.8674033149
10
5804.9447513812
20
2414.1160220994
10
5810.8839779006
20
2412.2375690608
72
4
94
3
73
0
74
0
95
8
96
4
40
0.0
40
0.0
40
0.0
40
0.0
40
1.0
40
1.0
40
1.0
40
1.0
10
5810.8839779006
20
2412.2375690608
10
5830.4419889503
20
2405.9944751381
10
5848.9502762431
20
2393.6464088398
10
5854.4475138122
20
2373.2596685083
72
4
94
2
73
0
74
0
95
6
96
3
40
0.0
40
0.0
40
0.0
40
1.0
40
1.0
40
1.0
10
5854.4475138122
20
2373.2596685083
10
5858.1215469613
20
2359.5303867403
10
5855.8287292818
20
2347.8729281768
72
4
94
3
73
0
74
0
95
8
96
4
40
0.0
40
0.0
40
0.0
40
0.0
40
1.0
40
1.0
40
1.0
40
1.0
10
5855.8287292818
20
2347.8729281768
10
5842.6795580111
20
2280.5801104972
10
5822.9005524862
20
2206.1602209945
10
5809.861878453
20
2150.138121547
72
1
10
5809.861878453
20
2150.138121547
11
5809.861878453
21
2150.138121547
72
4
94
3
73
0
74
0
95
8
96
4
40
0.0
40
0.0
40
0.0
40
0.0
40
1.0
40
1.0
40
1.0
40
1.0
10
5809.861878453
20
2150.138121547
10
5809.7694159472
20
2149.7220402709
10
5810.0259076742
20
2149.3067679511
10
5810.4419889503
20
2149.1988950276
72
4
94
3
73
0
74
0
95
8
96
4
40
0.0
40
0.0
40
0.0
40
0.0
40
1.0
40
1.0
40
1.0
40
1.0
10
5810.4419889503
20
2149.1988950276
10
5868.0110497238
20
2133.3149171271
10
5901.0773480663
20
2079.1988950276
10
5887.5138121547
20
2021.2154696133
72
4
94
2
73
0
74
0
95
6
96
3
40
0.0
40
0.0
40
0.0
40
1.0
40
1.0
40
1.0
10
5887.5138121547
20
2021.2154696133
10
5793.1767955801
20
1618.0939226519
10
5765.5801104972
20
1503.0110497238
72
4
94
3
73
0
74
0
95
8
96
4
40
0.0
40
0.0
40
0.0
40
0.0
40
1.0
40
1.0
40
1.0
40
1.0
10
5765.5801104972
20
1503.0110497238
10
5756.9613259669
20
1467.182320442
10
5751.5193370166
20
1443.6187845304
10
5741.6298342541
20
1415.0276243094
72
4
94
2
73
0
74
0
95
6
96
3
40
0.0
40
0.0
40
0.0
40
1.0
40
1.0
40
1.0
10
5741.6298342541
20
1415.0276243094
10
5735.3038674033
20
1396.7127071823
10
5729.364640884
20
1387.9834254144
72
4
94
3
73
0
74
0
95
8
96
4
40
0.0
40
0.0
40
0.0
40
0.0
40
1.0
40
1.0
40
1.0
40
1.0
10
5729.364640884
20
1387.9834254144
10
5708.6740331492
20
1357.4585635359
10
5677.1270718232
20
1351.6022099448
10
5642.2651933702
20
1351.6850828729
72
4
94
2
73
0
74
0
95
6
96
3
40
0.0
40
0.0
40
0.0
40
1.0
40
1.0
40
1.0
10
5642.2651933702
20
1351.6850828729
10
5154.4475138122
20
1352.8453038674
10
4732.044198895
20
1351.4640883978
72
4
94
2
73
0
74
0
95
6
96
3
40
0.0
40
0.0
40
0.0
40
1.0
40
1.0
40
1.0
10
4732.044198895
20
1351.4640883978
10
4209.6685082873
20
1349.7237569061
10
2437.8453038674
20
1339.6408839779
72
4
94
2
73
0
74
0
95
6
96
3
40
0.0
40
0.0
40
0.0
40
1.0
40
1.0
40
1.0
10
2437.8453038674
20
1339.6408839779
10
2432.5690607735
20
1339.6132596685
10
2427.0718232044
20
1339.6132596685
72
4
94
2
73
0
74
0
95
6
96
3
40
0.0
40
0.0
40
0.0
40
1.0
40
1.0
40
1.0
10
2427.0718232044
20
1339.6132596685
10
1695.8839779006
20
1340.8287292818
10
964.8895027624
20
1342.182320442
72
1
10
964.8895027624
20
1342.182320442
11
964.8895027624
21
1342.182320442
72
4
94
3
73
0
74
0
95
8
96
4
40
0.0
40
0.0
40
0.0
40
0.0
40
1.0
40
1.0
40
1.0
40
1.0
10
964.8895027624
20
1342.182320442
10
964.8161191049
20
1342.182320442
10
964.7418919448
20
1342.191598837
10
964.6685082873
20
1342.2099447514
72
4
94
2
73
0
74
0
95
6
96
3
40
0.0
40
0.0
40
0.0
40
1.0
40
1.0
40
1.0
10
964.6685082873
20
1342.2099447514
10
766.5193370166
20
1345.4419889503
10
272.0994475138
20
1353.6740331492
72
4
94
2
73
0
74
0
95
6
96
3
40
0.0
40
0.0
40
0.0
40
1.0
40
1.0
40
1.0
10
272.0994475138
20
1353.6740331492
10
230.773480663
20
1354.364640884
10
181.6022099448
20
1353.9226519337
72
1
10
181.6022099448
20
1353.9226519337
11
181.6022099448
21
1353.9226519337
72
4
94
3
73
0
74
0
95
8
96
4
40
0.0
40
0.0
40
0.0
40
0.0
40
1.0
40
1.0
40
1.0
40
1.0
10
181.6022099448
20
1353.9226519337
10
179.7501926596
20
1353.9043151289
10
177.911266751
20
1354.127215239
10
176.1325966851
20
1354.5856353591
72
4
94
2
73
0
74
0
95
6
96
3
40
0.0
40
0.0
40
0.0
40
1.0
40
1.0
40
1.0
10
176.1325966851
20
1354.5856353591
10
160.8563535912
20
1358.5082872928
10
158.6464088398
20
1359.5303867403
72
4
94
3
73
0
74
0
95
8
96
4
40
0.0
40
0.0
40
0.0
40
0.0
40
1.0
40
1.0
40
1.0
40
1.0
10
158.6464088398
20
1359.5303867403
10
123.7569060773
20
1375.635359116
10
107.5138121547
20
1406.0497237569
10
111.3812154696
20
1444.0055248619
72
4
94
3
73
0
74
0
95
8
96
4
40
0.0
40
0.0
40
0.0
40
0.0
40
1.0
40
1.0
40
1.0
40
1.0
10
111.3812154696
20
1444.0055248619
10
112.1546961326
20
1451.7127071823
10
111.4917127072
20
1457.5690607735
10
113.1491712707
20
1465.9668508287
72
4
94
2
73
0
74
0
95
6
96
3
40
0.0
40
0.0
40
0.0
40
1.0
40
1.0
40
1.0
10
113.1491712707
20
1465.9668508287
10
209.226519337
20
1946.0497237569
10
283.5082872928
20
2311.5745856354
72
4
94
2
73
0
74
0
95
6
96
3
40
0.0
40
0.0
40
0.0
40
1.0
40
1.0
40
1.0
10
283.5082872928
20
2311.5745856354
10
287.8729281768
20
2332.955801105
10
291.3812154696
20
2352.2375690608
72
4
94
3
73
0
74
0
95
8
96
4
40
0.0
40
0.0
40
0.0
40
0.0
40
1.0
40
1.0
40
1.0
40
1.0
10
291.3812154696
20
2352.2375690608
10
298.9502762431
20
2393.8121546961
10
337.955801105
20
2419.6685082873
10
378.7569060773
20
2416.8508287293
72
4
94
2
73
0
74
0
95
6
96
3
40
0.0
40
0.0
40
0.0
40
1.0
40
1.0
40
1.0
10
378.7569060773
20
2416.8508287293
10
391.2983425414
20
2415.9944751381
10
396.1325966851
20
2415.9944751381
72
4
94
2
73
0
74
0
95
6
96
3
40
0.0
40
0.0
40
0.0
40
1.0
40
1.0
40
1.0
10
396.1325966851
20
2415.9944751381
10
1307.0994475138
20
2415.8839779006
10
1590.4696132597
20
2415.5524861878
72
4
94
2
73
0
74
0
95
6
96
3
40
0.0
40
0.0
40
0.0
40
1.0
40
1.0
40
1.0
10
1590.4696132597
20
2415.5524861878
10
1684.8895027624
20
2415.4143646409
10
1779.0055248619
20
2413.9226519337
72
4
94
3
73
0
74
0
95
8
96
4
40
0.0
40
0.0
40
0.0
40
0.0
40
1.0
40
1.0
40
1.0
40
1.0
10
1779.0055248619
20
2413.9226519337
10
1779.8369871997
20
2413.9226519337
10
1780.5615392827
20
2414.466065996
10
1780.773480663
20
2415.2486187845
72
4
94
2
73
0
74
0
95
6
96
3
40
0.0
40
0.0
40
0.0
40
1.0
40
1.0
40
1.0
10
1780.773480663
20
2415.2486187845
10
1792.8453038674
20
2458.729281768
10
1868.3977900552
20
2727.4309392265
72
4
94
2
73
0
74
0
95
6
96
3
40
0.0
40
0.0
40
0.0
40
1.0
40
1.0
40
1.0
10
1868.3977900552
20
2727.4309392265
10
1877.320441989
20
2759.1988950276
10
1886.3535911602
20
2777.4861878453
72
4
94
3
73
0
74
0
95
8
96
4
40
0.0
40
0.0
40
0.0
40
0.0
40
1.0
40
1.0
40
1.0
40
1.0
10
1886.3535911602
20
2777.4861878453
10
1896.8784530387
20
2798.729281768
10
1917.6243093923
20
2808.5082872928
10
1940.6077348066
20
2808.453038674
72
4
94
2
73
0
74
0
95
6
96
3
40
0.0
40
0.0
40
0.0
40
1.0
40
1.0
40
1.0
10
1940.6077348066
20
2808.453038674
10
2926.1325966851
20
2805.9116022099
10
4156.2983425414
20
2805.4972375691
72
4
94
3
73
0
74
0
95
8
96
4
40
0.0
40
0.0
40
0.0
40
0.0
40
1.0
40
1.0
40
1.0
40
1.0
10
4156.2983425414
20
2805.4972375691
10
4166.546961326
20
2805.4972375691
10
4176.6574585635
20
2803.7845303867
10
4184.6132596685
20
2802.4861878453
72
4
94
2
73
0
74
0
95
6
96
3
40
0.0
40
0.0
40
0.0
40
1.0
40
1.0
40
1.0
10
4184.6132596685
20
2802.4861878453
10
4235.8839779006
20
2794.1160220994
10
4261.8508287293
20
2749.4198895028
72
4
94
3
73
0
74
0
95
8
96
4
40
0.0
40
0.0
40
0.0
40
0.0
40
1.0
40
1.0
40
1.0
40
1.0
10
4261.8508287293
20
2749.4198895028
10
4277.2099447514
20
2722.955801105
10
4283.591160221
20
2689.5580110497
10
4275.1104972376
20
2659.0883977901
72
4
94
2
73
0
74
0
95
6
96
3
40
0.0
40
0.0
40
0.0
40
1.0
40
1.0
40
1.0
10
4275.1104972376
20
2659.0883977901
10
4271.3259668508
20
2645.5248618785
10
4271.3259668508
20
2645.4696132597
72
4
94
2
73
0
74
0
95
6
96
3
40
0.0
40
0.0
40
0.0
40
1.0
40
1.0
40
1.0
10
4271.3259668508
20
2645.4696132597
10
4238.7016574586
20
2511.0773480663
10
4215.3038674033
20
2418.7845303867
97
0
92
0
93
40
72
4
94
3
73
0
74
0
95
8
96
4
40
0.0
40
0.0
40
0.0
40
0.0
40
1.0
40
1.0
40
1.0
40
1.0
10
2733.591160221
20
2698.591160221
10
2747.4585635359
20
2681.7955801105
10
2745.8011049724
20
2660.8563535912
10
2740.1657458564
20
2641.1878453039
72
4
94
2
73
0
74
0
95
6
96
3
40
0.0
40
0.0
40
0.0
40
1.0
40
1.0
40
1.0
10
2740.1657458564
20
2641.1878453039
10
2728.8121546961
20
2601.546961326
10
2715.7458563536
20
2557.7071823204
72
4
94
2
73
0
74
0
95
6
96
3
40
0.0
40
0.0
40
0.0
40
1.0
40
1.0
40
1.0
10
2715.7458563536
20
2557.7071823204
10
2636.9337016575
20
2293.1491712707
10
2605.6906077348
20
2187.3204419889
72
4
94
3
73
0
74
0
95
8
96
4
40
0.0
40
0.0
40
0.0
40
0.0
40
1.0
40
1.0
40
1.0
40
1.0
10
2605.6906077348
20
2187.3204419889
10
2605.6318797166
20
2187.1181565927
10
2605.6740464798
20
2186.900035452
10
2605.8044393579
20
2186.7316113177
72
4
94
3
73
0
74
0
95
8
96
4
40
0.0
40
0.0
40
0.0
40
0.0
40
1.0
40
1.0
40
1.0
40
1.0
10
2605.8044393579
20
2186.7316113177
10
2605.9348322361
20
2186.5631871834
10
2606.1382550933
20
2186.4640883978
10
2606.3535911602
20
2186.4640883978
72
1
10
2606.3535911602
20
2186.4640883978
11
2859.5580110497
21
2188.6187845304
72
1
10
2859.5580110497
20
2188.6187845304
11
2859.5580110497
21
2188.6187845304
72
4
94
3
73
0
74
0
95
8
96
4
40
0.0
40
0.0
40
0.0
40
0.0
40
1.0
40
1.0
40
1.0
40
1.0
10
2859.5580110497
20
2188.6187845304
10
2860.2531104367
20
2188.6353345158
10
2860.862198256
20
2189.0893817993
10
2861.0773480663
20
2189.7513812155
72
1
10
2861.0773480663
20
2189.7513812155
11
2906.2154696133
21
2338.5359116022
72
1
10
2906.2154696133
20
2338.5359116022
11
2906.2154696133
21
2338.5359116022
72
4
94
3
73
0
74
0
95
8
96
4
40
0.0
40
0.0
40
0.0
40
0.0
40
1.0
40
1.0
40
1.0
40
1.0
10
2906.2154696133
20
2338.5359116022
10
2906.9680946708
20
2341.022846575
10
2909.2769881658
20
2342.7122808396
10
2911.8784530387
20
2342.679558011
72
1
10
2911.8784530387
20
2342.679558011
11
2988.0662983425
21
2341.7679558011
72
1
10
2988.0662983425
20
2341.7679558011
11
2988.0662983425
21
2341.7679558011
72
4
94
3
73
0
74
0
95
8
96
4
40
0.0
40
0.0
40
0.0
40
0.0
40
1.0
40
1.0
40
1.0
40
1.0
10
2988.0662983425
20
2341.7679558011
10
2988.8758639762
20
2341.7514340535
10
2989.5864279293
20
2341.2185110887
10
2989.8342541436
20
2340.4419889503
72
1
10
2989.8342541436
20
2340.4419889503
11
3037.8453038674
21
2185.9668508287
72
4
94
3
73
0
74
0
95
8
96
4
40
0.0
40
0.0
40
0.0
40
0.0
40
1.0
40
1.0
40
1.0
40
1.0
10
3037.8453038674
20
2185.9668508287
10
3037.8996494898
20
2185.8219291689
10
3037.994740509
20
2185.6888017421
10
3038.1215469613
20
2185.5801104972
72
1
10
3038.1215469613
20
2185.5801104972
11
3038.7845303867
21
2185.0828729282
72
4
94
2
73
0
74
0
95
6
96
3
40
0.0
40
0.0
40
0.0
40
1.0
40
1.0
40
1.0
10
3038.7845303867
20
2185.0828729282
10
3038.7845303867
20
2183.5082872928
10
3040.0552486188
20
2183.3701657459
72
4
94
2
73
0
74
0
95
6
96
3
40
0.0
40
0.0
40
0.0
40
1.0
40
1.0
40
1.0
10
3040.0552486188
20
2183.3701657459
10
3041.1049723757
20
2183.2596685083
10
3041.3812154696
20
2184.1712707182
72
1
10
3041.3812154696
20
2184.1712707182
11
3297.7624309392
21
2184.9171270718
72
4
94
2
73
0
74
0
95
6
96
3
40
0.0
40
0.0
40
0.0
40
1.0
40
1.0
40
1.0
10
3297.7624309392
20
2184.9171270718
10
3299.226519337
20
2184.6961325967
10
3300.2762430939
20
2185.8839779006
72
4
94
2
73
0
74
0
95
6
96
3
40
0.0
40
0.0
40
0.0
40
1.0
40
1.0
40
1.0
10
3300.2762430939
20
2185.8839779006
10
3301.0497237569
20
2186.7403314917
10
3300.3867403315
20
2187.7900552486
72
1
10
3300.3867403315
20
2187.7900552486
11
3245.0
21
2354.0055248619
72
1
10
3245.0
20
2354.0055248619
11
3245.0
21
2354.0055248619
72
4
94
3
73
0
74
0
95
8
96
4
40
0.0
40
0.0
40
0.0
40
0.0
40
1.0
40
1.0
40
1.0
40
1.0
10
3245.0
20
2354.0055248619
10
3244.8502173577
20
2354.4616810906
10
3244.9119941187
20
2354.9609050354
10
3245.168476882
20
2355.367002744
72
4
94
3
73
0
74
0
95
8
96
4
40
0.0
40
0.0
40
0.0
40
0.0
40
1.0
40
1.0
40
1.0
40
1.0
10
3245.168476882
20
2355.367002744
10
3245.4249596453
20
2355.7731004526
10
3245.8493857163
20
2356.0436976584
10
3246.3259668508
20
2356.1049723757
72
4
94
3
73
0
74
0
95
8
96
4
40
0.0
40
0.0
40
0.0
40
0.0
40
1.0
40
1.0
40
1.0
40
1.0
10
3246.3259668508
20
2356.1049723757
10
3276.0773480663
20
2360.0276243094
10
3309.0055248619
20
2387.8729281768
10
3324.7237569061
20
2412.1270718232
72
4
94
2
73
0
74
0
95
6
96
3
40
0.0
40
0.0
40
0.0
40
1.0
40
1.0
40
1.0
10
3324.7237569061
20
2412.1270718232
10
3331.4917127072
20
2422.5966850829
10
3338.9779005525
20
2447.2375690608
72
4
94
2
73
0
74
0
95
6
96
3
40
0.0
40
0.0
40
0.0
40
1.0
40
1.0
40
1.0
10
3338.9779005525
20
2447.2375690608
10
3357.3480662983
20
2507.7348066298
10
3390.3591160221
20
2609.9447513812
72
1
10
3390.3591160221
20
2609.9447513812
11
3390.3591160221
21
2609.9447513812
72
4
94
3
73
0
74
0
95
8
96
4
40
0.0
40
0.0
40
0.0
40
0.0
40
1.0
40
1.0
40
1.0
40
1.0
10
3390.3591160221
20
2609.9447513812
10
3390.6526009024
20
2610.8618916322
10
3390.8289494855
20
2611.8086050782
10
3390.8839779006
20
2612.7624309392
72
4
94
3
73
0
74
0
95
8
96
4
40
0.0
40
0.0
40
0.0
40
0.0
40
1.0
40
1.0
40
1.0
40
1.0
10
3390.8839779006
20
2612.7624309392
10
3393.8674033149
20
2657.817679558
10
3356.9060773481
20
2687.4309392265
10
3316.6574585635
20
2697.2375690608
72
4
94
2
73
0
74
0
95
6
96
3
40
0.0
40
0.0
40
0.0
40
1.0
40
1.0
40
1.0
10
3316.6574585635
20
2697.2375690608
10
3305.4419889503
20
2699.9723756906
10
3284.7237569061
20
2699.9723756906
72
4
94
2
73
0
74
0
95
6
96
3
40
0.0
40
0.0
40
0.0
40
1.0
40
1.0
40
1.0
10
3284.7237569061
20
2699.9723756906
10
3159.6961325967
20
2699.9447513812
10
2973.0662983425
20
2701.4917127072
72
4
94
2
73
0
74
0
95
6
96
3
40
0.0
40
0.0
40
0.0
40
1.0
40
1.0
40
1.0
10
2973.0662983425
20
2701.4917127072
10
2856.1602209945
20
2702.4585635359
10
2739.3370165746
20
2701.8784530387
72
4
94
2
73
0
74
0
95
6
96
3
40
0.0
40
0.0
40
0.0
40
1.0
40
1.0
40
1.0
10
2739.3370165746
20
2701.8784530387
10
2736.3535911602
20
2703.4254143646
10
2732.320441989
20
2702.9005524862
72
1
10
2732.320441989
20
2702.9005524862
11
2732.320441989
21
2702.9005524862
72
4
94
3
73
0
74
0
95
8
96
4
40
0.0
40
0.0
40
0.0
40
0.0
40
1.0
40
1.0
40
1.0
40
1.0
10
2732.320441989
20
2702.9005524862
10
2731.9458879995
20
2702.8460719059
10
2731.6146094195
20
2702.6289489188
10
2731.4169246522
20
2702.3083790259
72
4
94
3
73
0
74
0
95
8
96
4
40
0.0
40
0.0
40
0.0
40
0.0
40
1.0
40
1.0
40
1.0
40
1.0
10
2731.4169246522
20
2702.3083790259
10
2731.2192398849
20
2701.987809133
10
2731.1757612358
20
2701.5972176945
10
2731.2983425414
20
2701.2430939227
72
4
94
2
73
0
74
0
95
6
96
3
40
0.0
40
0.0
40
0.0
40
1.0
40
1.0
40
1.0
10
2731.2983425414
20
2701.2430939227
10
2731.8784530387
20
2699.6408839779
10
2733.591160221
20
2698.591160221
97
0
92
0
93
49
72
4
94
2
73
0
74
0
95
6
96
3
40
0.0
40
0.0
40
0.0
40
1.0
40
1.0
40
1.0
10
1995.3591160221
20
2696.9889502762
10
2008.3977900552
20
2673.1767955801
10
2000.9392265193
20
2648.1491712707
72
4
94
3
73
0
74
0
95
8
96
4
40
0.0
40
0.0
40
0.0
40
0.0
40
1.0
40
1.0
40
1.0
40
1.0
10
2000.9392265193
20
2648.1491712707
10
1955.1657458564
20
2494.6132596685
10
1910.7458563536
20
2340.6629834254
10
1865.8011049724
20
2186.8784530387
72
4
94
2
73
0
74
0
95
6
96
3
40
0.0
40
0.0
40
0.0
40
1.0
40
1.0
40
1.0
10
1865.8011049724
20
2186.8784530387
10
1865.5248618785
20
2185.9668508287
10
1865.5248618785
20
2184.9171270718
72
4
94
2
73
0
74
0
95
6
96
3
40
0.0
40
0.0
40
0.0
40
1.0
40
1.0
40
1.0
10
1865.5248618785
20
2184.9171270718
10
1864.2541436464
20
2184.1436464088
10
1865.0552486188
20
2183.1215469613
72
1
10
1865.0552486188
20
2183.1215469613
11
1865.0552486188
21
2183.1215469613
72
4
94
3
73
0
74
0
95
8
96
4
40
0.0
40
0.0
40
0.0
40
0.0
40
1.0
40
1.0
40
1.0
40
1.0
10
1865.0552486188
20
2183.1215469613
10
1865.4007604056
20
2182.6723816384
10
1865.9492425683
20
2182.4240123572
10
1866.5193370166
20
2182.4585635359
72
1
10
1866.5193370166
20
2182.4585635359
11
1888.2044198895
21
2183.4806629834
72
4
94
2
73
0
74
0
95
6
96
3
40
0.0
40
0.0
40
0.0
40
1.0
40
1.0
40
1.0
10
1888.2044198895
20
2183.4806629834
10
1888.3425414365
20
2183.4806629834
10
1888.4806629834
20
2183.4806629834
72
4
94
3
73
0
74
0
95
8
96
4
40
0.0
40
0.0
40
0.0
40
0.0
40
1.0
40
1.0
40
1.0
40
1.0
10
1888.4806629834
20
2183.4806629834
10
1902.2099447514
20
2181.9060773481
10
1916.0773480663
20
2183.6464088398
10
1929.3370165746
20
2183.5359116022
72
4
94
2
73
0
74
0
95
6
96
3
40
0.0
40
0.0
40
0.0
40
1.0
40
1.0
40
1.0
10
1929.3370165746
20
2183.5359116022
10
1971.4917127072
20
2183.1491712707
10
2013.6464088398
20
2183.3977900552
72
1
10
2013.6464088398
20
2183.3977900552
11
2051.0497237569
21
2183.3701657459
72
4
94
2
73
0
74
0
95
6
96
3
40
0.0
40
0.0
40
0.0
40
1.0
40
1.0
40
1.0
10
2051.0497237569
20
2183.3701657459
10
2098.6740331492
20
2182.3480662983
10
2118.7845303867
20
2183.1491712707
72
4
94
2
73
0
74
0
95
6
96
3
40
0.0
40
0.0
40
0.0
40
1.0
40
1.0
40
1.0
10
2118.7845303867
20
2183.1491712707
10
2122.5690607735
20
2183.2872928177
10
2122.4861878453
20
2190.5524861878
72
1
10
2122.4861878453
20
2190.5524861878
11
2123.0110497238
21
2192.7624309392
72
4
94
2
73
0
74
0
95
6
96
3
40
0.0
40
0.0
40
0.0
40
1.0
40
1.0
40
1.0
10
2123.0110497238
20
2192.7624309392
10
2125.7458563536
20
2197.2375690608
10
2125.6077348066
20
2200.9944751381
72
1
10
2125.6077348066
20
2200.9944751381
11
2128.6187845304
21
2210.4419889503
72
4
94
2
73
0
74
0
95
6
96
3
40
0.0
40
0.0
40
0.0
40
1.0
40
1.0
40
1.0
10
2128.6187845304
20
2210.4419889503
10
2130.8839779006
20
2214.1988950276
10
2130.9944751381
20
2218.3701657459
72
1
10
2130.9944751381
20
2218.3701657459
11
2138.0110497238
21
2242.4861878453
72
4
94
2
73
0
74
0
95
6
96
3
40
0.0
40
0.0
40
0.0
40
1.0
40
1.0
40
1.0
10
2138.0110497238
20
2242.4861878453
10
2141.2154696133
20
2245.3591160221
10
2140.6077348066
20
2251.270718232
72
1
10
2140.6077348066
20
2251.270718232
11
2142.320441989
21
2256.2154696133
72
4
94
2
73
0
74
0
95
6
96
3
40
0.0
40
0.0
40
0.0
40
1.0
40
1.0
40
1.0
10
2142.320441989
20
2256.2154696133
10
2145.0828729282
20
2260.4143646409
10
2144.861878453
20
2265.3591160221
72
4
94
2
73
0
74
0
95
6
96
3
40
0.0
40
0.0
40
0.0
40
1.0
40
1.0
40
1.0
10
2144.861878453
20
2265.3591160221
10
2145.0276243094
20
2265.5524861878
10
2145.2209944751
20
2265.7182320442
72
4
94
2
73
0
74
0
95
6
96
3
40
0.0
40
0.0
40
0.0
40
1.0
40
1.0
40
1.0
10
2145.2209944751
20
2265.7182320442
10
2147.5690607735
20
2269.7790055249
10
2147.7900552486
20
2274.1988950276
72
4
94
2
73
0
74
0
95
6
96
3
40
0.0
40
0.0
40
0.0
40
1.0
40
1.0
40
1.0
10
2147.7900552486
20
2274.1988950276
10
2150.4696132597
20
2278.6464088398
10
2150.5248618785
20
2283.9226519337
72
4
94
2
73
0
74
0
95
6
96
3
40
0.0
40
0.0
40
0.0
40
1.0
40
1.0
40
1.0
10
2150.5248618785
20
2283.9226519337
10
2154.6408839779
20
2291.5745856354
10
2155.8563535912
20
2300.3591160221
72
4
94
2
73
0
74
0
95
6
96
3
40
0.0
40
0.0
40
0.0
40
1.0
40
1.0
40
1.0
10
2155.8563535912
20
2300.3591160221
10
2155.6077348066
20
2301.1325966851
10
2156.2430939227
20
2301.8508287293
72
4
94
2
73
0
74
0
95
6
96
3
40
0.0
40
0.0
40
0.0
40
1.0
40
1.0
40
1.0
10
2156.2430939227
20
2301.8508287293
10
2160.2209944751
20
2309.1988950276
10
2161.4364640884
20
2317.5138121547
72
4
94
2
73
0
74
0
95
6
96
3
40
0.0
40
0.0
40
0.0
40
1.0
40
1.0
40
1.0
10
2161.4364640884
20
2317.5138121547
10
2161.6022099448
20
2317.8729281768
10
2161.7679558011
20
2318.2596685083
72
4
94
2
73
0
74
0
95
6
96
3
40
0.0
40
0.0
40
0.0
40
1.0
40
1.0
40
1.0
10
2161.7679558011
20
2318.2596685083
10
2162.182320442
20
2318.3977900552
10
2162.4309392265
20
2318.5359116022
72
1
10
2162.4309392265
20
2318.5359116022
11
2162.4309392265
21
2318.5359116022
72
4
94
3
73
0
74
0
95
8
96
4
40
0.0
40
0.0
40
0.0
40
0.0
40
1.0
40
1.0
40
1.0
40
1.0
10
2162.4309392265
20
2318.5359116022
10
2162.4842121571
20
2318.5714268893
10
2162.5236788206
20
2318.6306268844
10
2162.5414364641
20
2318.7016574586
72
4
94
2
73
0
74
0
95
6
96
3
40
0.0
40
0.0
40
0.0
40
1.0
40
1.0
40
1.0
10
2162.5414364641
20
2318.7016574586
10
2163.4254143646
20
2321.3535911602
10
2162.2928176796
20
2321.270718232
72
1
10
2162.2928176796
20
2321.270718232
11
2165.6906077348
21
2327.5690607735
72
1
10
2165.6906077348
20
2327.5690607735
11
2165.6906077348
21
2327.5690607735
72
4
94
3
73
0
74
0
95
8
96
4
40
0.0
40
0.0
40
0.0
40
0.0
40
1.0
40
1.0
40
1.0
40
1.0
10
2165.6906077348
20
2327.5690607735
10
2166.1018017663
20
2328.3571826673
10
2166.899134847
20
2328.8712526798
10
2167.7900552486
20
2328.9226519337
72
4
94
2
73
0
74
0
95
6
96
3
40
0.0
40
0.0
40
0.0
40
1.0
40
1.0
40
1.0
10
2167.7900552486
20
2328.9226519337
10
2181.9613259669
20
2329.7237569061
10
2196.1878453039
20
2329.861878453
72
4
94
2
73
0
74
0
95
6
96
3
40
0.0
40
0.0
40
0.0
40
1.0
40
1.0
40
1.0
10
2196.1878453039
20
2329.861878453
10
2306.9060773481
20
2331.0497237569
10
2460.0552486188
20
2331.3259668508
72
4
94
2
73
0
74
0
95
6
96
3
40
0.0
40
0.0
40
0.0
40
1.0
40
1.0
40
1.0
10
2460.0552486188
20
2331.3259668508
10
2474.0607734807
20
2331.3535911602
10
2481.7955801105
20
2332.7071823204
72
4
94
3
73
0
74
0
95
8
96
4
40
0.0
40
0.0
40
0.0
40
0.0
40
1.0
40
1.0
40
1.0
40
1.0
10
2481.7955801105
20
2332.7071823204
10
2518.8121546961
20
2339.1160220994
10
2578.6187845304
20
2372.0994475138
10
2590.0
20
2410.6077348066
72
4
94
2
73
0
74
0
95
6
96
3
40
0.0
40
0.0
40
0.0
40
1.0
40
1.0
40
1.0
10
2590.0
20
2410.6077348066
10
2635.7458563536
20
2565.6906077348
10
2645.635359116
20
2597.3756906077
72
4
94
2
73
0
74
0
95
6
96
3
40
0.0
40
0.0
40
0.0
40
1.0
40
1.0
40
1.0
10
2645.635359116
20
2597.3756906077
10
2651.8508287293
20
2617.3480662983
10
2650.7458563536
20
2628.2872928177
72
4
94
3
73
0
74
0
95
8
96
4
40
0.0
40
0.0
40
0.0
40
0.0
40
1.0
40
1.0
40
1.0
40
1.0
10
2650.7458563536
20
2628.2872928177
10
2647.4585635359
20
2661.1049723757
10
2622.817679558
20
2684.9171270718
10
2593.1215469613
20
2694.3370165746
72
4
94
2
73
0
74
0
95
6
96
3
40
0.0
40
0.0
40
0.0
40
1.0
40
1.0
40
1.0
10
2593.1215469613
20
2694.3370165746
10
2579.861878453
20
2698.5635359116
10
2547.0994475138
20
2698.7016574586
72
4
94
2
73
0
74
0
95
6
96
3
40
0.0
40
0.0
40
0.0
40
1.0
40
1.0
40
1.0
10
2547.0994475138
20
2698.7016574586
10
2460.2762430939
20
2699.1160220994
10
2060.773480663
20
2701.6298342541
72
4
94
2
73
0
74
0
95
6
96
3
40
0.0
40
0.0
40
0.0
40
1.0
40
1.0
40
1.0
10
2060.773480663
20
2701.6298342541
10
2031.0220994475
20
2701.7955801105
10
2001.6298342541
20
2701.9060773481
72
4
94
2
73
0
74
0
95
6
96
3
40
0.0
40
0.0
40
0.0
40
1.0
40
1.0
40
1.0
10
2001.6298342541
20
2701.9060773481
10
1998.1491712707
20
2702.4585635359
10
1995.0552486188
20
2701.8784530387
72
1
10
1995.0552486188
20
2701.8784530387
11
1995.0552486188
21
2701.8784530387
72
4
94
3
73
0
74
0
95
8
96
4
40
0.0
40
0.0
40
0.0
40
0.0
40
1.0
40
1.0
40
1.0
40
1.0
10
1995.0552486188
20
2701.8784530387
10
1994.2228459899
20
2701.7243044037
10
1993.6612114788
20
2700.9428998664
10
1993.7845303867
20
2700.1104972376
72
4
94
2
73
0
74
0
95
6
96
3
40
0.0
40
0.0
40
0.0
40
1.0
40
1.0
40
1.0
10
1993.7845303867
20
2700.1104972376
10
1994.0055248619
20
2698.5635359116
10
1995.3591160221
20
2696.9889502762
97
0
92
0
93
54
72
4
94
2
73
0
74
0
95
6
96
3
40
0.0
40
0.0
40
0.0
40
1.0
40
1.0
40
1.0
10
3040.3867403315
20
1539.2817679558
10
3041.5745856354
20
1539.9723756906
10
3041.7403314917
20
1541.9613259669
72
4
94
2
73
0
74
0
95
6
96
3
40
0.0
40
0.0
40
0.0
40
1.0
40
1.0
40
1.0
10
3041.7403314917
20
1541.9613259669
10
3041.8508287293
20
1543.453038674
10
3040.3591160221
20
1544.861878453
72
1
10
3040.3591160221
20
1544.861878453
11
3007.4309392265
21
1600.7182320442
72
1
10
3007.4309392265
20
1600.7182320442
11
3007.4309392265
21
1600.7182320442
72
4
94
3
73
0
74
0
95
8
96
4
40
0.0
40
0.0
40
0.0
40
0.0
40
1.0
40
1.0
40
1.0
40
1.0
10
3007.4309392265
20
1600.7182320442
10
3006.6128651592
20
1602.0987320328
10
3006.6022840595
20
1603.8022890775
10
3007.4033149171
20
1605.1657458564
72
1
10
3007.4033149171
20
1605.1657458564
11
3088.1767955801
21
1743.0386740331
72
4
94
2
73
0
74
0
95
6
96
3
40
0.0
40
0.0
40
0.0
40
1.0
40
1.0
40
1.0
10
3088.1767955801
20
1743.0386740331
10
3089.1160220994
20
1743.4254143646
10
3089.3093922652
20
1744.0331491713
72
4
94
2
73
0
74
0
95
6
96
3
40
0.0
40
0.0
40
0.0
40
1.0
40
1.0
40
1.0
10
3089.3093922652
20
1744.0331491713
10
3089.5580110497
20
1744.7790055249
10
3088.7569060773
20
1745.3591160221
72
4
94
2
73
0
74
0
95
6
96
3
40
0.0
40
0.0
40
0.0
40
1.0
40
1.0
40
1.0
10
3088.7569060773
20
1745.3591160221
10
3087.817679558
20
1745.9944751381
10
3086.2154696133
20
1745.7182320442
72
1
10
3086.2154696133
20
1745.7182320442
11
2991.6298342541
21
1747.1546961326
72
4
94
2
73
0
74
0
95
6
96
3
40
0.0
40
0.0
40
0.0
40
1.0
40
1.0
40
1.0
10
2991.6298342541
20
1747.1546961326
10
2986.7679558011
20
1748.729281768
10
2983.453038674
20
1747.4309392265
72
1
10
2983.453038674
20
1747.4309392265
11
2962.7624309392
21
1692.2099447514
72
1
10
2962.7624309392
20
1692.2099447514
11
2962.7624309392
21
1692.2099447514
72
4
94
3
73
0
74
0
95
8
96
4
40
0.0
40
0.0
40
0.0
40
0.0
40
1.0
40
1.0
40
1.0
40
1.0
10
2962.7624309392
20
1692.2099447514
10
2962.3446059806
20
1691.0926150866
10
2961.2979962809
20
1690.335293029
10
2960.1050753056
20
1690.2870942017
72
4
94
3
73
0
74
0
95
8
96
4
40
0.0
40
0.0
40
0.0
40
0.0
40
1.0
40
1.0
40
1.0
40
1.0
10
2960.1050753056
20
1690.2870942017
10
2958.9121543303
20
1690.2388953745
10
2957.8045358874
20
1690.9091779111
10
2957.2928176796
20
1691.9889502762
72
1
10
2957.2928176796
20
1691.9889502762
11
2932.9005524862
21
1743.2320441989
72
1
10
2932.9005524862
20
1743.2320441989
11
2932.9005524862
21
1743.2320441989
72
4
94
3
73
0
74
0
95
8
96
4
40
0.0
40
0.0
40
0.0
40
0.0
40
1.0
40
1.0
40
1.0
40
1.0
10
2932.9005524862
20
1743.2320441989
10
2931.7128981061
20
1745.7323692095
10
2932.6246912399
20
1748.7196914504
10
2935.0
20
1750.1104972376
72
1
10
2935.0
20
1750.1104972376
11
3025.6629834254
21
1803.2596685083
72
1
10
3025.6629834254
20
1803.2596685083
11
3025.6629834254
21
1803.2596685083
72
4
94
3
73
0
74
0
95
8
96
4
40
0.0
40
0.0
40
0.0
40
0.0
40
1.0
40
1.0
40
1.0
40
1.0
10
3025.6629834254
20
1803.2596685083
10
3025.7908571771
20
1803.3327392235
10
3025.9031367441
20
1803.4263055294
10
3025.9944751381
20
1803.5359116022
72
4
94
2
73
0
74
0
95
6
96
3
40
0.0
40
0.0
40
0.0
40
1.0
40
1.0
40
1.0
10
3025.9944751381
20
1803.5359116022
10
3030.635359116
20
1808.2320441989
10
3031.7955801105
20
1812.8453038674
72
4
94
2
73
0
74
0
95
6
96
3
40
0.0
40
0.0
40
0.0
40
1.0
40
1.0
40
1.0
10
3031.7955801105
20
1812.8453038674
10
3045.5524861878
20
1868.8121546961
10
3059.4751381215
20
1924.4475138122
72
4
94
2
73
0
74
0
95
6
96
3
40
0.0
40
0.0
40
0.0
40
1.0
40
1.0
40
1.0
10
3059.4751381215
20
1924.4475138122
10
3061.3535911602
20
1927.5414364641
10
3059.4751381215
20
1930.5524861878
72
4
94
2
73
0
74
0
95
6
96
3
40
0.0
40
0.0
40
0.0
40
1.0
40
1.0
40
1.0
10
3059.4751381215
20
1930.5524861878
10
3055.0828729282
20
1954.3370165746
10
3035.4143646409
20
1963.3149171271
72
4
94
2
73
0
74
0
95
6
96
3
40
0.0
40
0.0
40
0.0
40
1.0
40
1.0
40
1.0
10
3035.4143646409
20
1963.3149171271
10
3024.9447513812
20
1968.0939226519
10
3005.3591160221
20
1968.2320441989
72
4
94
2
73
0
74
0
95
6
96
3
40
0.0
40
0.0
40
0.0
40
1.0
40
1.0
40
1.0
10
3005.3591160221
20
1968.2320441989
10
2958.8674033149
20
1968.5359116022
10
2910.6629834254
20
1970.3038674033
72
4
94
2
73
0
74
0
95
6
96
3
40
0.0
40
0.0
40
0.0
40
1.0
40
1.0
40
1.0
10
2910.6629834254
20
1970.3038674033
10
2886.3535911602
20
1971.1878453039
10
2874.2541436464
20
1967.4309392265
72
4
94
3
73
0
74
0
95
8
96
4
40
0.0
40
0.0
40
0.0
40
0.0
40
1.0
40
1.0
40
1.0
40
1.0
10
2874.2541436464
20
1967.4309392265
10
2849.9447513812
20
1959.8895027624
10
2835.4696132597
20
1944.5580110497
10
2824.5027624309
20
1920.635359116
72
4
94
3
73
0
74
0
95
8
96
4
40
0.0
40
0.0
40
0.0
40
0.0
40
1.0
40
1.0
40
1.0
40
1.0
10
2824.5027624309
20
1920.635359116
10
2814.1436464088
20
1898.0110497238
10
2809.6132596685
20
1877.7624309392
10
2803.7569060773
20
1853.0662983425
72
4
94
2
73
0
74
0
95
6
96
3
40
0.0
40
0.0
40
0.0
40
1.0
40
1.0
40
1.0
10
2803.7569060773
20
1853.0662983425
10
2796.9337016575
20
1824.1436464088
10
2796.2430939227
20
1816.8784530387
72
4
94
2
73
0
74
0
95
6
96
3
40
0.0
40
0.0
40
0.0
40
1.0
40
1.0
40
1.0
10
2796.2430939227
20
1816.8784530387
10
2793.3425414365
20
1786.270718232
10
2814.6132596685
20
1760.5248618785
72
1
10
2814.6132596685
20
1760.5248618785
11
2814.6132596685
21
1760.5248618785
72
4
94
3
73
0
74
0
95
8
96
4
40
0.0
40
0.0
40
0.0
40
0.0
40
1.0
40
1.0
40
1.0
40
1.0
10
2814.6132596685
20
1760.5248618785
10
2815.185422372
20
1759.8332366325
10
2815.382073355
20
1758.9050702838
10
2815.1396874289
20
1758.0401932296
72
4
94
3
73
0
74
0
95
8
96
4
40
0.0
40
0.0
40
0.0
40
0.0
40
1.0
40
1.0
40
1.0
40
1.0
10
2815.1396874289
20
1758.0401932296
10
2814.8973015029
20
1757.1753161753
10
2814.2466028571
20
1756.4833579089
10
2813.3977900552
20
1756.1878453039
72
4
94
3
73
0
74
0
95
8
96
4
40
0.0
40
0.0
40
0.0
40
0.0
40
1.0
40
1.0
40
1.0
40
1.0
10
2813.3977900552
20
1756.1878453039
10
2784.1436464088
20
1746.1325966851
10
2749.5027624309
20
1732.679558011
10
2735.1657458564
20
1704.8342541436
72
4
94
2
73
0
74
0
95
6
96
3
40
0.0
40
0.0
40
0.0
40
1.0
40
1.0
40
1.0
10
2735.1657458564
20
1704.8342541436
10
2735.138121547
20
1704.7513812155
10
2735.1104972376
20
1704.6685082873
72
1
10
2735.1104972376
20
1704.6685082873
11
2695.0
21
1542.8453038674
72
1
10
2695.0
20
1542.8453038674
11
2695.0
21
1542.8453038674
72
4
94
3
73
0
74
0
95
8
96
4
40
0.0
40
0.0
40
0.0
40
0.0
40
1.0
40
1.0
40
1.0
40
1.0
10
2695.0
20
1542.8453038674
10
2694.9449675372
20
1542.6251740161
10
2694.9171270718
20
1542.3931701382
10
2694.9171270718
20
1542.1546961326
72
4
94
3
73
0
74
0
95
8
96
4
40
0.0
40
0.0
40
0.0
40
0.0
40
1.0
40
1.0
40
1.0
40
1.0
10
2694.9171270718
20
1542.1546961326
10
2695.4419889503
20
1517.1270718232
10
2712.4585635359
20
1501.1602209945
10
2735.635359116
20
1494.6961325967
72
1
10
2735.635359116
20
1494.6961325967
11
2735.635359116
21
1494.6961325967
72
4
94
3
73
0
74
0
95
8
96
4
40
0.0
40
0.0
40
0.0
40
0.0
40
1.0
40
1.0
40
1.0
40
1.0
10
2735.635359116
20
1494.6961325967
10
2736.644324466
20
1494.4209602285
10
2737.6836267689
20
1494.272488471
10
2738.729281768
20
1494.2541436464
72
4
94
2
73
0
74
0
95
6
96
3
40
0.0
40
0.0
40
0.0
40
1.0
40
1.0
40
1.0
10
2738.729281768
20
1494.2541436464
10
2786.1602209945
20
1492.9281767956
10
2842.4861878453
20
1493.2320441989
72
4
94
2
73
0
74
0
95
6
96
3
40
0.0
40
0.0
40
0.0
40
1.0
40
1.0
40
1.0
10
2842.4861878453
20
1493.2320441989
10
2854.364640884
20
1493.2872928177
10
2873.4254143646
20
1496.1878453039
72
4
94
3
73
0
74
0
95
8
96
4
40
0.0
40
0.0
40
0.0
40
0.0
40
1.0
40
1.0
40
1.0
40
1.0
10
2873.4254143646
20
1496.1878453039
10
2893.0110497238
20
1499.1436464088
10
2907.6243093923
20
1507.7900552486
10
2921.8784530387
20
1520.138121547
72
4
94
3
73
0
74
0
95
8
96
4
40
0.0
40
0.0
40
0.0
40
0.0
40
1.0
40
1.0
40
1.0
40
1.0
10
2921.8784530387
20
1520.138121547
10
2922.5456425025
20
1520.7099982303
10
2923.4331269318
20
1520.9544796441
10
2924.2987688566
20
1520.8048625213
72
4
94
3
73
0
74
0
95
8
96
4
40
0.0
40
0.0
40
0.0
40
0.0
40
1.0
40
1.0
40
1.0
40
1.0
10
2924.2987688566
20
1520.8048625213
10
2925.1644107814
20
1520.6552453985
10
2925.917875592
20
1520.1271431284
10
2926.3535911602
20
1519.364640884
72
1
10
2926.3535911602
20
1519.364640884
11
2942.7900552486
21
1490.9392265193
72
1
10
2942.7900552486
20
1490.9392265193
11
2942.7900552486
21
1490.9392265193
72
4
94
3
73
0
74
0
95
8
96
4
40
0.0
40
0.0
40
0.0
40
0.0
40
1.0
40
1.0
40
1.0
40
1.0
10
2942.7900552486
20
1490.9392265193
10
2943.131048241
20
1490.3254391331
10
2943.786677147
20
1489.9447513812
10
2944.5027624309
20
1489.9447513812
72
1
10
2944.5027624309
20
1489.9447513812
11
3013.5082872928
21
1490.5248618785
72
4
94
3
73
0
74
0
95
8
96
4
40
0.0
40
0.0
40
0.0
40
0.0
40
1.0
40
1.0
40
1.0
40
1.0
10
3013.5082872928
20
1490.5248618785
10
3015.0843277556
20
1490.5418085501
10
3016.515131214
20
1491.4387301211
10
3017.2099447514
20
1492.8453038674
72
1
10
3017.2099447514
20
1492.8453038674
11
3040.3867403315
21
1539.2817679558
97
0
75
0
76
1
98
0
0
HATCH
5
200
100
AcDbEntity
8
Layer 5
6
ByLayer
370
-1
62
256
100
AcDbHatch
10
0
20
0
30
0
210
0
220
0
230
1
2
FILL_512
70
1
71
0
91
1
92
0
93
27
72
4
94
3
73
0
74
0
95
8
96
4
40
0.0
40
0.0
40
0.0
40
0.0
40
1.0
40
1.0
40
1.0
40
1.0
10
4078.8397790055
20
1477.9005524862
10
4078.4153334658
20
1477.89457438
10
4078.0183628441
20
1478.1086743408
10
4077.788442335
20
1478.4675746477
72
4
94
3
73
0
74
0
95
8
96
4
40
0.0
40
0.0
40
0.0
40
0.0
40
1.0
40
1.0
40
1.0
40
1.0
10
4077.788442335
20
1478.4675746477
10
4077.5585218259
20
1478.8264749545
10
4077.5278391346
20
1479.2799313847
10
4077.7071823204
20
1479.6685082873
72
4
94
2
73
0
74
0
95
6
96
3
40
0.0
40
0.0
40
0.0
40
1.0
40
1.0
40
1.0
10
4077.7071823204
20
1479.6685082873
10
4163.0110497238
20
1662.5966850829
10
4333.3425414365
20
2025.8287292818
72
4
94
2
73
0
74
0
95
6
96
3
40
0.0
40
0.0
40
0.0
40
1.0
40
1.0
40
1.0
10
4333.3425414365
20
2025.8287292818
10
4360.6077348066
20
2084.0055248619
10
4367.9281767956
20
2102.4585635359
72
1
10
4367.9281767956
20
2102.4585635359
11
4367.9281767956
21
2102.4585635359
72
4
94
3
73
0
74
0
95
8
96
4
40
0.0
40
0.0
40
0.0
40
0.0
40
1.0
40
1.0
40
1.0
40
1.0
10
4367.9281767956
20
2102.4585635359
10
4368.226937236
20
2103.2220624392
10
4368.9767397219
20
2103.7182552608
10
4369.8066298343
20
2103.7016574586
72
1
10
4369.8066298343
20
2103.7016574586
11
4560.5801104972
21
2099.0883977901
72
1
10
4560.5801104972
20
2099.0883977901
11
4560.5801104972
21
2099.0883977901
72
4
94
3
73
0
74
0
95
8
96
4
40
0.0
40
0.0
40
0.0
40
0.0
40
1.0
40
1.0
40
1.0
40
1.0
10
4560.5801104972
20
2099.0883977901
10
4561.0218887541
20
2099.073913257
10
4561.4388713328
20
2098.8805339543
10
4561.7356642576
20
2098.5524996691
72
4
94
3
73
0
74
0
95
8
96
4
40
0.0
40
0.0
40
0.0
40
0.0
40
1.0
40
1.0
40
1.0
40
1.0
10
4561.7356642576
20
2098.5524996691
10
4562.0324571823
20
2098.2244653838
10
4562.1836651986
20
2097.7898445552
10
4562.1546961326
20
2097.3480662983
72
1
10
4562.1546961326
20
2097.3480662983
11
4524.9447513812
21
1483.9226519337
72
1
10
4524.9447513812
20
1483.9226519337
11
4524.9447513812
21
1483.9226519337
72
4
94
3
73
0
74
0
95
8
96
4
40
0.0
40
0.0
40
0.0
40
0.0
40
1.0
40
1.0
40
1.0
40
1.0
10
4524.9447513812
20
1483.9226519337
10
4524.8359672962
20
1482.0267007384
10
4523.2771666649
20
1480.540402462
10
4521.3812154696
20
1480.5248618785
72
1
10
4521.3812154696
20
1480.5248618785
11
4373.3977900552
21
1479.2541436464
72
4
94
3
73
0
74
0
95
8
96
4
40
0.0
40
0.0
40
0.0
40
0.0
40
1.0
40
1.0
40
1.0
40
1.0
10
4373.3977900552
20
1479.2541436464
10
4373.0685821409
20
1479.2541436464
10
4372.754088157
20
1479.3907492409
10
4372.5290384593
20
1479.6315000803
72
4
94
3
73
0
74
0
95
8
96
4
40
0.0
40
0.0
40
0.0
40
0.0
40
1.0
40
1.0
40
1.0
40
1.0
10
4372.5290384593
20
1479.6315000803
10
4372.3039887616
20
1479.8722509197
10
4372.18847467
20
1480.1956539641
10
4372.2099447514
20
1480.5248618785
72
4
94
2
73
0
74
0
95
6
96
3
40
0.0
40
0.0
40
0.0
40
1.0
40
1.0
40
1.0
10
4372.2099447514
20
1480.5248618785
10
4374.8342541436
20
1517.0165745856
10
4375.773480663
20
1533.1491712707
72
4
94
2
73
0
74
0
95
6
96
3
40
0.0
40
0.0
40
0.0
40
1.0
40
1.0
40
1.0
10
4375.773480663
20
1533.1491712707
10
4376.4640883978
20
1545.3314917127
10
4375.5524861878
20
1555.9392265193
72
1
10
4375.5524861878
20
1555.9392265193
11
4375.5524861878
21
1555.9392265193
72
4
94
3
73
0
74
0
95
8
96
4
40
0.0
40
0.0
40
0.0
40
0.0
40
1.0
40
1.0
40
1.0
40
1.0
10
4375.5524861878
20
1555.9392265193
10
4375.3802265327
20
1557.9280425377
10
4373.72914751
20
1559.4594781529
10
4371.7403314917
20
1559.4751381215
72
1
10
4371.7403314917
20
1559.4751381215
11
4267.5966850829
21
1560.2209944751
72
4
94
3
73
0
74
0
95
8
96
4
40
0.0
40
0.0
40
0.0
40
0.0
40
1.0
40
1.0
40
1.0
40
1.0
10
4267.5966850829
20
1560.2209944751
10
4266.1966088356
20
1560.2384954282
10
4264.8603258038
20
1559.6310940501
10
4263.9502762431
20
1558.5635359116
72
4
94
2
73
0
74
0
95
6
96
3
40
0.0
40
0.0
40
0.0
40
1.0
40
1.0
40
1.0
10
4263.9502762431
20
1558.5635359116
10
4262.0165745856
20
1556.3535911602
10
4259.3370165746
20
1549.9723756906
72
4
94
2
73
0
74
0
95
6
96
3
40
0.0
40
0.0
40
0.0
40
1.0
40
1.0
40
1.0
10
4259.3370165746
20
1549.9723756906
10
4249.5856353591
20
1526.8784530387
10
4232.044198895
20
1481.1325966851
72
1
10
4232.044198895
20
1481.1325966851
11
4232.044198895
21
1481.1325966851
72
4
94
3
73
0
74
0
95
8
96
4
40
0.0
40
0.0
40
0.0
40
0.0
40
1.0
40
1.0
40
1.0
40
1.0
10
4232.044198895
20
1481.1325966851
10
4231.5936475642
20
1479.9645006421
10
4230.4780508117
20
1479.1879578046
10
4229.226519337
20
1479.1712707182
72
1
10
4229.226519337
20
1479.1712707182
11
4078.8397790055
21
1477.9005524862
97
0
75
0
76
1
98
0
0
HATCH
5
230
100
AcDbEntity
8
Layer 5
6
ByLayer
370
-1
62
256
100
AcDbHatch
10
0
20
0
30
0
210
0
220
0
230
1
2
FILL_560
70
1
71
0
91
1
92
0
93
47
72
1
10
1844.364640884
20
2097.4585635359
11
1578.3425414365
21
1480.3591160221
72
1
10
1578.3425414365
20
1480.3591160221
11
1578.3425414365
21
1480.3591160221
72
4
94
3
73
0
74
0
95
8
96
4
40
0.0
40
0.0
40
0.0
40
0.0
40
1.0
40
1.0
40
1.0
40
1.0
10
1578.3425414365
20
1480.3591160221
10
1578.1240447194
20
1479.8717002687
10
1577.6481024561
20
1479.5580110497
10
1577.1270718232
20
1479.5580110497
72
1
10
1577.1270718232
20
1479.5580110497
11
1424.3093922652
21
1478.2320441989
72
1
10
1424.3093922652
20
1478.2320441989
11
1424.3093922652
21
1478.2320441989
72
4
94
3
73
0
74
0
95
8
96
4
40
0.0
40
0.0
40
0.0
40
0.0
40
1.0
40
1.0
40
1.0
40
1.0
10
1424.3093922652
20
1478.2320441989
10
1423.6831896506
20
1478.2320441989
10
1423.0853206664
20
1478.4916548807
10
1422.6603538445
20
1478.9481007264
72
4
94
3
73
0
74
0
95
8
96
4
40
0.0
40
0.0
40
0.0
40
0.0
40
1.0
40
1.0
40
1.0
40
1.0
10
1422.6603538445
20
1478.9481007264
10
1422.2353870227
20
1479.4045465721
10
1422.0220116328
20
1480.0162724402
10
1422.0718232044
20
1480.635359116
72
1
10
1422.0718232044
20
1480.635359116
11
1446.4640883978
21
1771.408839779
72
4
94
3
73
0
74
0
95
8
96
4
40
0.0
40
0.0
40
0.0
40
0.0
40
1.0
40
1.0
40
1.0
40
1.0
10
1446.4640883978
20
1771.408839779
10
1446.5368917206
20
1772.2957166207
10
1445.9554970255
20
1773.1032912474
10
1445.0911012126
20
1773.3159600585
72
4
94
3
73
0
74
0
95
8
96
4
40
0.0
40
0.0
40
0.0
40
0.0
40
1.0
40
1.0
40
1.0
40
1.0
10
1445.0911012126
20
1773.3159600585
10
1444.2267053996
20
1773.5286288696
10
1443.3342050607
20
1773.0836792117
10
1442.9834254144
20
1772.2651933702
72
1
10
1442.9834254144
20
1772.2651933702
11
1317.2928176796
21
1480.7458563536
72
4
94
3
73
0
74
0
95
8
96
4
40
0.0
40
0.0
40
0.0
40
0.0
40
1.0
40
1.0
40
1.0
40
1.0
10
1317.2928176796
20
1480.7458563536
10
1317.0085345619
20
1480.0602323639
10
1316.3326246323
20
1479.6132596685
10
1315.5801104972
20
1479.6132596685
72
1
10
1315.5801104972
20
1479.6132596685
11
1158.7569060773
21
1478.2596685083
72
1
10
1158.7569060773
20
1478.2596685083
11
1158.7569060773
21
1478.2596685083
72
4
94
3
73
0
74
0
95
8
96
4
40
0.0
40
0.0
40
0.0
40
0.0
40
1.0
40
1.0
40
1.0
40
1.0
10
1158.7569060773
20
1478.2596685083
10
1158.2361673928
20
1478.2596685083
10
1157.7398387255
20
1478.4795395888
10
1157.3919326271
20
1478.8643448188
72
4
94
3
73
0
74
0
95
8
96
4
40
0.0
40
0.0
40
0.0
40
0.0
40
1.0
40
1.0
40
1.0
40
1.0
10
1157.3919326271
20
1478.8643448188
10
1157.0440265286
20
1479.2491500489
10
1156.8774055834
20
1479.7625414186
10
1156.9337016575
20
1480.2762430939
72
1
10
1156.9337016575
20
1480.2762430939
11
1222.7900552486
21
2099.6961325967
72
1
10
1222.7900552486
20
2099.6961325967
11
1222.7900552486
21
2099.6961325967
72
4
94
3
73
0
74
0
95
8
96
4
40
0.0
40
0.0
40
0.0
40
0.0
40
1.0
40
1.0
40
1.0
40
1.0
10
1222.7900552486
20
2099.6961325967
10
1222.8846837688
20
2100.4689321782
10
1223.5365926837
20
2101.0497237569
10
1224.3093922652
20
2101.0497237569
72
1
10
1224.3093922652
20
2101.0497237569
11
1377.3480662983
21
2099.1988950276
72
1
10
1377.3480662983
20
2099.1988950276
11
1377.3480662983
21
2099.1988950276
72
4
94
3
73
0
74
0
95
8
96
4
40
0.0
40
0.0
40
0.0
40
0.0
40
1.0
40
1.0
40
1.0
40
1.0
10
1377.3480662983
20
2099.1988950276
10
1377.7337591182
20
2099.1988950276
10
1378.1001206029
20
2099.0303050356
10
1378.3500868731
20
2098.7377913151
72
4
94
3
73
0
74
0
95
8
96
4
40
0.0
40
0.0
40
0.0
40
0.0
40
1.0
40
1.0
40
1.0
40
1.0
10
1378.3500868731
20
2098.7377913151
10
1378.6000531434
20
2098.4452775946
10
1378.7083951858
20
2098.0583634591
10
1378.6464088398
20
2097.679558011
72
1
10
1378.6464088398
20
2097.679558011
11
1324.4751381215
21
1749.6132596685
72
1
10
1324.4751381215
20
1749.6132596685
11
1324.4751381215
21
1749.6132596685
72
4
94
3
73
0
74
0
95
8
96
4
40
0.0
40
0.0
40
0.0
40
0.0
40
1.0
40
1.0
40
1.0
40
1.0
10
1324.4751381215
20
1749.6132596685
10
1324.3311188406
20
1748.6701656676
10
1324.7685493149
20
1747.7331347469
10
1325.5840746299
20
1747.2377786296
72
4
94
3
73
0
74
0
95
8
96
4
40
0.0
40
0.0
40
0.0
40
0.0
40
1.0
40
1.0
40
1.0
40
1.0
10
1325.5840746299
20
1747.2377786296
10
1326.3995999449
20
1746.7424225124
10
1327.4332198691
20
1746.7859265244
10
1328.2044198895
20
1747.3480662983
72
4
94
2
73
0
74
0
95
6
96
3
40
0.0
40
0.0
40
0.0
40
1.0
40
1.0
40
1.0
10
1328.2044198895
20
1747.3480662983
10
1328.6187845304
20
1747.6519337017
10
1329.5303867403
20
1749.8895027624
72
4
94
2
73
0
74
0
95
6
96
3
40
0.0
40
0.0
40
0.0
40
1.0
40
1.0
40
1.0
10
1329.5303867403
20
1749.8895027624
10
1420.2486187845
20
1968.3701657459
10
1462.044198895
20
2069.7513812155
72
4
94
2
73
0
74
0
95
6
96
3
40
0.0
40
0.0
40
0.0
40
1.0
40
1.0
40
1.0
10
1462.044198895
20
2069.7513812155
10
1465.773480663
20
2078.8397790055
10
1471.9889502762
20
2095.635359116
72
1
10
1471.9889502762
20
2095.635359116
11
1471.9889502762
21
2095.635359116
72
4
94
3
73
0
74
0
95
8
96
4
40
0.0
40
0.0
40
0.0
40
0.0
40
1.0
40
1.0
40
1.0
40
1.0
10
1471.9889502762
20
2095.635359116
10
1472.3199252312
20
2096.5289914944
10
1473.1948946011
20
2097.1159962616
10
1474.1712707182
20
2097.0994475138
72
1
10
1474.1712707182
20
2097.0994475138
11
1588.8397790055
21
2095.7458563536
72
4
94
3
73
0
74
0
95
8
96
4
40
0.0
40
0.0
40
0.0
40
0.0
40
1.0
40
1.0
40
1.0
40
1.0
10
1588.8397790055
20
2095.7458563536
10
1589.1513571299
20
2095.7387750326
10
1589.4457833229
20
2095.6029043611
10
1589.6508210014
20
2095.3715798007
72
4
94
3
73
0
74
0
95
8
96
4
40
0.0
40
0.0
40
0.0
40
0.0
40
1.0
40
1.0
40
1.0
40
1.0
10
1589.6508210014
20
2095.3715798007
10
1589.8558586799
20
2095.1402552404
10
1589.9525336769
20
2094.8348835437
10
1589.9171270718
20
2094.5303867403
72
1
10
1589.9171270718
20
2094.5303867403
11
1553.3977900552
21
1750.8287292818
72
1
10
1553.3977900552
20
1750.8287292818
11
1553.3977900552
21
1750.8287292818
72
4
94
3
73
0
74
0
95
8
96
4
40
0.0
40
0.0
40
0.0
40
0.0
40
1.0
40
1.0
40
1.0
40
1.0
10
1553.3977900552
20
1750.8287292818
10
1553.2931676576
20
1749.8726970275
10
1553.8307477873
20
1748.9620067531
10
1554.7183404615
20
1748.5916443422
72
4
94
3
73
0
74
0
95
8
96
4
40
0.0
40
0.0
40
0.0
40
0.0
40
1.0
40
1.0
40
1.0
40
1.0
10
1554.7183404615
20
1748.5916443422
10
1555.6059331358
20
1748.2212819314
10
1556.6314806883
20
1748.479731878
10
1557.2375690608
20
1749.226519337
72
4
94
2
73
0
74
0
95
6
96
3
40
0.0
40
0.0
40
0.0
40
1.0
40
1.0
40
1.0
10
1557.2375690608
20
1749.226519337
10
1559.0331491713
20
1751.4364640884
10
1561.408839779
20
1757.7900552486
72
4
94
2
73
0
74
0
95
6
96
3
40
0.0
40
0.0
40
0.0
40
1.0
40
1.0
40
1.0
10
1561.408839779
20
1757.7900552486
10
1615.3591160221
20
1901.0497237569
10
1689.5580110497
20
2100.7182320442
72
4
94
3
73
0
74
0
95
8
96
4
40
0.0
40
0.0
40
0.0
40
0.0
40
1.0
40
1.0
40
1.0
40
1.0
10
1689.5580110497
20
2100.7182320442
10
1689.8559960706
20
2101.5128587666
10
1690.6308670913
20
2102.033129309
10
1691.4917127072
20
2102.0165745856
72
1
10
1691.4917127072
20
2102.0165745856
11
1843.8121546961
21
2098.3425414365
72
1
10
1843.8121546961
20
2098.3425414365
11
1843.8121546961
21
2098.3425414365
72
4
94
3
73
0
74
0
95
8
96
4
40
0.0
40
0.0
40
0.0
40
0.0
40
1.0
40
1.0
40
1.0
40
1.0
10
1843.8121546961
20
2098.3425414365
10
1844.018478364
20
2098.3362892041
10
1844.2077186774
20
2098.2270119029
10
1844.3181193197
20
2098.0503708751
72
4
94
3
73
0
74
0
95
8
96
4
40
0.0
40
0.0
40
0.0
40
0.0
40
1.0
40
1.0
40
1.0
40
1.0
10
1844.3181193197
20
2098.0503708751
10
1844.4285199621
20
2097.8737298473
10
1844.4459199047
20
2097.6523827391
10
1844.364640884
20
2097.4585635359
72
1
10
1844.364640884
20
2097.4585635359
11
1844.364640884
21
2097.4585635359
97
0
75
0
76
1
98
0
0
HATCH
5
23f
100
AcDbEntity
8
Layer 5
6
ByLayer
370
-1
62
256
100
AcDbHatch
10
0
20
0
30
0
210
0
220
0
230
1
2
FILL_575
70
1
71
0
91
1
92
0
93
14
72
1
10
4570.6077348066
20
1478.2044198895
11
4570.6077348066
21
1478.2044198895
72
4
94
3
73
0
74
0
95
8
96
4
40
0.0
40
0.0
40
0.0
40
0.0
40
1.0
40
1.0
40
1.0
40
1.0
10
4570.6077348066
20
1478.2044198895
10
4570.557784143
20
1478.1981760565
10
4570.5081170451
20
1478.2175529558
10
4570.4749807549
20
1478.2562119611
72
4
94
3
73
0
74
0
95
8
96
4
40
0.0
40
0.0
40
0.0
40
0.0
40
1.0
40
1.0
40
1.0
40
1.0
10
4570.4749807549
20
1478.2562119611
10
4570.4418444646
20
1478.2948709664
10
4570.4295012844
20
1478.3478393916
10
4570.4419889503
20
1478.3977900552
72
4
94
2
73
0
74
0
95
6
96
3
40
0.0
40
0.0
40
0.0
40
1.0
40
1.0
40
1.0
10
4570.4419889503
20
1478.3977900552
10
4576.270718232
20
1502.0994475138
10
4709.3922651934
20
2028.2596685083
72
4
94
2
73
0
74
0
95
6
96
3
40
0.0
40
0.0
40
0.0
40
1.0
40
1.0
40
1.0
10
4709.3922651934
20
2028.2596685083
10
4719.7790055249
20
2069.364640884
10
4725.9944751381
20
2100.0276243094
72
1
10
4725.9944751381
20
2100.0276243094
11
4725.9944751381
21
2100.0276243094
72
4
94
3
73
0
74
0
95
8
96
4
40
0.0
40
0.0
40
0.0
40
0.0
40
1.0
40
1.0
40
1.0
40
1.0
10
4725.9944751381
20
2100.0276243094
10
4726.0904946856
20
2100.459712273
10
4726.4739893845
20
2100.7618596115
10
4726.9060773481
20
2100.7458563536
72
1
10
4726.9060773481
20
2100.7458563536
11
4873.0386740331
21
2097.2099447514
72
4
94
3
73
0
74
0
95
8
96
4
40
0.0
40
0.0
40
0.0
40
0.0
40
1.0
40
1.0
40
1.0
40
1.0
10
4873.0386740331
20
2097.2099447514
10
4873.381177005
20
2097.2032290068
10
4873.702491126
20
2097.0429617258
10
4873.9120247984
20
2096.7743288125
72
4
94
3
73
0
74
0
95
8
96
4
40
0.0
40
0.0
40
0.0
40
0.0
40
1.0
40
1.0
40
1.0
40
1.0
10
4873.9120247984
20
2096.7743288125
10
4874.1215584708
20
2096.5056958991
10
4874.196611034
20
2096.1578007645
10
4874.1160220994
20
2095.8287292818
72
1
10
4874.1160220994
20
2095.8287292818
11
4716.8784530387
21
1484.4198895028
72
1
10
4716.8784530387
20
1484.4198895028
11
4716.8784530387
21
1484.4198895028
72
4
94
3
73
0
74
0
95
8
96
4
40
0.0
40
0.0
40
0.0
40
0.0
40
1.0
40
1.0
40
1.0
40
1.0
10
4716.8784530387
20
1484.4198895028
10
4716.5513521756
20
1483.1605511801
10
4715.4356948179
20
1482.2702791471
10
4714.1436464088
20
1482.2375690608
72
1
10
4714.1436464088
20
1482.2375690608
11
4570.6077348066
21
1478.2044198895
97
0
75
0
76
1
98
0
0
HATCH
5
266
100
AcDbEntity
8
Layer 5
6
ByLayer
370
-1
62
256
100
AcDbHatch
10
0
20
0
30
0
210
0
220
0
230
1
2
FILL_614
70
1
71
0
91
1
92
0
93
38
72
1
10
5112.1270718232
20
1836.7955801105
11
5112.1270718232
21
1836.7955801105
72
4
94
3
73
0
74
0
95
8
96
4
40
0.0
40
0.0
40
0.0
40
0.0
40
1.0
40
1.0
40
1.0
40
1.0
10
5112.1270718232
20
1836.7955801105
10
5112.2510866057
20
1836.2244594015
10
5112.7462662209
20
1835.8120238081
10
5113.3313682664
20
1835.7925204066
72
4
94
3
73
0
74
0
95
8
96
4
40
0.0
40
0.0
40
0.0
40
0.0
40
1.0
40
1.0
40
1.0
40
1.0
10
5113.3313682664
20
1835.7925204066
10
5113.916470312
20
1835.7730170051
10
5114.4435552293
20
1836.151377114
10
5114.6132596685
20
1836.7127071823
72
4
94
2
73
0
74
0
95
6
96
3
40
0.0
40
0.0
40
0.0
40
1.0
40
1.0
40
1.0
10
5114.6132596685
20
1836.7127071823
10
5121.4364640884
20
1858.8950276243
10
5125.9944751381
20
1877.4309392265
72
4
94
2
73
0
74
0
95
6
96
3
40
0.0
40
0.0
40
0.0
40
1.0
40
1.0
40
1.0
10
5125.9944751381
20
1877.4309392265
10
5146.6574585635
20
1961.6298342541
10
5178.3977900552
20
2097.3480662983
72
1
10
5178.3977900552
20
2097.3480662983
11
5178.3977900552
21
2097.3480662983
72
4
94
3
73
0
74
0
95
8
96
4
40
0.0
40
0.0
40
0.0
40
0.0
40
1.0
40
1.0
40
1.0
40
1.0
10
5178.3977900552
20
2097.3480662983
10
5178.6397012133
20
2098.3802205726
10
5179.5709500207
20
2099.1045252006
10
5180.635359116
20
2099.0883977901
72
1
10
5180.635359116
20
2099.0883977901
11
5326.9337016575
21
2097.320441989
72
1
10
5326.9337016575
20
2097.320441989
11
5326.9337016575
21
2097.3204419889
72
4
94
3
73
0
74
0
95
8
96
4
40
0.0
40
0.0
40
0.0
40
0.0
40
1.0
40
1.0
40
1.0
40
1.0
10
5326.9337016575
20
2097.3204419889
10
5327.2399549876
20
2097.320441989
10
5327.5289916532
20
2097.1787693495
10
5327.717678261
20
2096.9361722823
72
4
94
3
73
0
74
0
95
8
96
4
40
0.0
40
0.0
40
0.0
40
0.0
40
1.0
40
1.0
40
1.0
40
1.0
10
5327.717678261
20
2096.9361722823
10
5327.9063648689
20
2096.693575215
10
5327.9737869782
20
2096.3769437154
10
5327.9005524862
20
2096.0773480663
72
1
10
5327.9005524862
20
2096.0773480663
11
5173.6464088398
21
1479.8066298343
72
4
94
3
73
0
74
0
95
8
96
4
40
0.0
40
0.0
40
0.0
40
0.0
40
1.0
40
1.0
40
1.0
40
1.0
10
5173.6464088398
20
1479.8066298343
10
5173.3706199038
20
1478.6872512118
10
5172.3672939929
20
1477.9005524862
10
5171.2154696133
20
1477.9005524862
72
1
10
5171.2154696133
20
1477.9005524862
11
5019.364640884
21
1478.2596685083
72
1
10
5019.364640884
20
1478.2596685083
11
5019.364640884
21
1478.2596685083
72
4
94
3
73
0
74
0
95
8
96
4
40
0.0
40
0.0
40
0.0
40
0.0
40
1.0
40
1.0
40
1.0
40
1.0
10
5019.364640884
20
1478.2596685083
10
5018.5432352174
20
1478.2596685083
10
5017.8641742184
20
1478.9144773288
10
5017.817679558
20
1479.7513812155
72
4
94
2
73
0
74
0
95
6
96
3
40
0.0
40
0.0
40
0.0
40
1.0
40
1.0
40
1.0
10
5017.817679558
20
1479.7513812155
10
5017.5966850829
20
1484.2541436464
10
5005.8011049724
20
1702.0165745856
72
4
94
2
73
0
74
0
95
6
96
3
40
0.0
40
0.0
40
0.0
40
1.0
40
1.0
40
1.0
10
5005.8011049724
20
1702.0165745856
10
5003.9502762431
20
1736.1049723757
10
5002.0718232044
20
1751.7403314917
72
4
94
2
73
0
74
0
95
6
96
3
40
0.0
40
0.0
40
0.0
40
1.0
40
1.0
40
1.0
10
5002.0718232044
20
1751.7403314917
10
5001.6850828729
20
1755.0552486188
10
5001.2430939227
20
1756.7679558011
72
1
10
5001.2430939227
20
1756.7679558011
11
5001.2430939227
21
1756.7679558011
72
4
94
3
73
0
74
0
95
8
96
4
40
0.0
40
0.0
40
0.0
40
0.0
40
1.0
40
1.0
40
1.0
40
1.0
10
5001.2430939227
20
1756.7679558011
10
5001.0554562534
20
1757.4705061441
10
5000.4530343888
20
1757.9835086479
10
4999.7292250588
20
1758.0571163763
72
4
94
3
73
0
74
0
95
8
96
4
40
0.0
40
0.0
40
0.0
40
0.0
40
1.0
40
1.0
40
1.0
40
1.0
10
4999.7292250588
20
1758.0571163763
10
4999.0054157289
20
1758.1307241048
10
4998.3107004189
20
1757.7496338561
10
4997.9834254144
20
1757.0994475138
72
4
94
2
73
0
74
0
95
6
96
3
40
0.0
40
0.0
40
0.0
40
1.0
40
1.0
40
1.0
10
4997.9834254144
20
1757.0994475138
10
4995.7182320442
20
1752.5138121547
10
4992.679558011
20
1741.3812154696
72
4
94
2
73
0
74
0
95
6
96
3
40
0.0
40
0.0
40
0.0
40
1.0
40
1.0
40
1.0
10
4992.679558011
20
1741.3812154696
10
4964.3922651934
20
1637.7900552486
10
4923.2872928177
20
1480.2209944751
72
1
10
4923.2872928177
20
1480.2209944751
11
4923.2872928177
21
1480.2209944751
72
4
94
3
73
0
74
0
95
8
96
4
40
0.0
40
0.0
40
0.0
40
0.0
40
1.0
40
1.0
40
1.0
40
1.0
10
4923.2872928177
20
1480.2209944751
10
4923.0266536906
20
1479.2435977488
10
4922.1425733023
20
1478.5635359116
10
4921.1325966851
20
1478.5635359116
72
1
10
4921.1325966851
20
1478.5635359116
11
4783.8397790055
21
1477.3756906077
72
1
10
4783.8397790055
20
1477.3756906077
11
4783.8397790055
21
1477.3756906077
72
4
94
3
73
0
74
0
95
8
96
4
40
0.0
40
0.0
40
0.0
40
0.0
40
1.0
40
1.0
40
1.0
40
1.0
10
4783.8397790055
20
1477.3756906077
10
4783.4841247077
20
1477.3756906077
10
4783.148606548
20
1477.5407592959
10
4782.9320579569
20
1477.8222724643
72
4
94
3
73
0
74
0
95
8
96
4
40
0.0
40
0.0
40
0.0
40
0.0
40
1.0
40
1.0
40
1.0
40
1.0
10
4782.9320579569
20
1477.8222724643
10
4782.7155093658
20
1478.1037856327
10
4782.64259996
20
1478.4696727797
10
4782.7348066298
20
1478.8121546961
72
1
10
4782.7348066298
20
1478.8121546961
11
4942.7348066298
21
2101.0497237569
72
1
10
4942.7348066298
20
2101.0497237569
11
4942.7348066298
21
2101.0497237569
72
4
94
3
73
0
74
0
95
8
96
4
40
0.0
40
0.0
40
0.0
40
0.0
40
1.0
40
1.0
40
1.0
40
1.0
10
4942.7348066298
20
2101.0497237569
10
4942.8159795743
20
2101.3744155349
10
4943.1007225867
20
2101.6022099448
10
4943.4254143646
20
2101.6022099448
72
1
10
4943.4254143646
20
2101.6022099448
11
5091.3259668508
21
2099.5027624309
72
1
10
5091.3259668508
20
2099.5027624309
11
5091.3259668508
21
2099.5027624309
72
4
94
3
73
0
74
0
95
8
96
4
40
0.0
40
0.0
40
0.0
40
0.0
40
1.0
40
1.0
40
1.0
40
1.0
10
5091.3259668508
20
2099.5027624309
10
5091.4056101944
20
2099.5027624309
10
5091.4757840385
20
2099.4325885869
10
5091.4917127072
20
2099.3370165746
72
4
94
2
73
0
74
0
95
6
96
3
40
0.0
40
0.0
40
0.0
40
1.0
40
1.0
40
1.0
10
5091.4917127072
20
2099.3370165746
10
5098.0662983425
20
1998.3149171271
10
5109.5303867403
20
1850.0276243094
72
4
94
3
73
0
74
0
95
8
96
4
40
0.0
40
0.0
40
0.0
40
0.0
40
1.0
40
1.0
40
1.0
40
1.0
10
5109.5303867403
20
1850.0276243094
10
5109.9447513812
20
1844.6408839779
10
5111.2983425414
20
1840.6077348066
10
5112.1270718232
20
1836.7955801105
97
0
75
0
76
1
98
0
0
HATCH
5
29d
100
AcDbEntity
8
Layer 5
6
ByLayer
370
-1
62
256
100
AcDbHatch
10
0
20
0
30
0
210
0
220
0
230
1
2
FILL_669
70
1
71
0
91
1
92
0
93
54
72
1
10
464.5580110497
20
1667.9834254144
11
464.5580110497
21
1667.9834254144
72
4
94
3
73
0
74
0
95
8
96
4
40
0.0
40
0.0
40
0.0
40
0.0
40
1.0
40
1.0
40
1.0
40
1.0
10
464.5580110497
20
1667.9834254144
10
464.8090243699
20
1667.9766412706
10
465.0445262989
20
1667.8610212731
10
465.1997060146
20
1667.6683843847
72
4
94
3
73
0
74
0
95
8
96
4
40
0.0
40
0.0
40
0.0
40
0.0
40
1.0
40
1.0
40
1.0
40
1.0
10
465.1997060146
20
1667.6683843847
10
465.3548857302
20
1667.4757474963
10
465.4133891724
20
1667.2263953089
10
465.3591160221
20
1666.9889502762
72
1
10
465.3591160221
20
1666.9889502762
11
451.0220994475
21
1605.3867403315
72
1
10
451.0220994475
20
1605.3867403315
11
451.0220994475
21
1605.3867403315
72
4
94
3
73
0
74
0
95
8
96
4
40
0.0
40
0.0
40
0.0
40
0.0
40
1.0
40
1.0
40
1.0
40
1.0
10
451.0220994475
20
1605.3867403315
10
450.7752061282
20
1604.3257663376
10
451.0271386208
20
1603.2101497108
10
451.7058071802
20
1602.3591208823
72
4
94
3
73
0
74
0
95
8
96
4
40
0.0
40
0.0
40
0.0
40
0.0
40
1.0
40
1.0
40
1.0
40
1.0
10
451.7058071802
20
1602.3591208823
10
452.3844757396
20
1601.5080920538
10
453.4150972674
20
1601.0154266551
10
454.5027624309
20
1601.0220994475
72
1
10
454.5027624309
20
1601.0220994475
11
523.6187845304
21
1601.6022099448
72
1
10
523.6187845304
20
1601.6022099448
11
523.6187845304
21
1601.6022099448
72
4
94
3
73
0
74
0
95
8
96
4
40
0.0
40
0.0
40
0.0
40
0.0
40
1.0
40
1.0
40
1.0
40
1.0
10
523.6187845304
20
1601.6022099448
10
525.0304895186
20
1601.6184364389
10
526.250055753
20
1602.5986485525
10
526.5745856354
20
1603.9779005525
72
1
10
526.5745856354
20
1603.9779005525
11
553.9779005525
21
1721.8232044199
72
4
94
3
73
0
74
0
95
8
96
4
40
0.0
40
0.0
40
0.0
40
0.0
40
1.0
40
1.0
40
1.0
40
1.0
10
553.9779005525
20
1721.8232044199
10
554.3302456222
20
1723.3206709662
10
553.9880745618
20
1724.8973123164
10
553.0458337438
20
1726.1179424671
72
4
94
3
73
0
74
0
95
8
96
4
40
0.0
40
0.0
40
0.0
40
0.0
40
1.0
40
1.0
40
1.0
40
1.0
10
553.0458337438
20
1726.1179424671
10
552.1035929257
20
1727.3385726177
10
550.6609197129
20
1728.0741158942
10
549.1160220994
20
1728.1215469613
72
4
94
2
73
0
74
0
95
6
96
3
40
0.0
40
0.0
40
0.0
40
1.0
40
1.0
40
1.0
10
549.1160220994
20
1728.1215469613
10
473.7016574586
20
1730.2762430939
10
422.5966850829
20
1731.1325966851
72
4
94
3
73
0
74
0
95
8
96
4
40
0.0
40
0.0
40
0.0
40
0.0
40
1.0
40
1.0
40
1.0
40
1.0
10
422.5966850829
20
1731.1325966851
10
415.5801104972
20
1731.2430939227
10
407.817679558
20
1733.2044198895
10
403.5359116022
20
1734.364640884
72
4
94
3
73
0
74
0
95
8
96
4
40
0.0
40
0.0
40
0.0
40
0.0
40
1.0
40
1.0
40
1.0
40
1.0
10
403.5359116022
20
1734.364640884
10
372.8729281768
20
1742.679558011
10
347.9834254144
20
1769.1712707182
10
356.9337016575
20
1802.320441989
72
4
94
2
73
0
74
0
95
6
96
3
40
0.0
40
0.0
40
0.0
40
1.0
40
1.0
40
1.0
10
356.9337016575
20
1802.320441989
10
387.1546961326
20
1914.2541436464
10
414.8066298343
20
2021.9337016575
72
4
94
3
73
0
74
0
95
8
96
4
40
0.0
40
0.0
40
0.0
40
0.0
40
1.0
40
1.0
40
1.0
40
1.0
10
414.8066298343
20
2021.9337016575
10
423.5635359116
20
2055.9668508287
10
451.1325966851
20
2084.1160220994
10
484.5580110497
20
2094.9447513812
72
4
94
2
73
0
74
0
95
6
96
3
40
0.0
40
0.0
40
0.0
40
1.0
40
1.0
40
1.0
10
484.5580110497
20
2094.9447513812
10
496.270718232
20
2098.7569060773
10
521.3259668508
20
2099.0055248619
72
4
94
2
73
0
74
0
95
6
96
3
40
0.0
40
0.0
40
0.0
40
1.0
40
1.0
40
1.0
10
521.3259668508
20
2099.0055248619
10
687.0165745856
20
2100.6906077348
10
731.270718232
20
2101.1878453039
72
4
94
2
73
0
74
0
95
6
96
3
40
0.0
40
0.0
40
0.0
40
1.0
40
1.0
40
1.0
10
731.270718232
20
2101.1878453039
10
745.6906077348
20
2101.3259668508
10
765.7458563536
20
2091.6850828729
72
4
94
3
73
0
74
0
95
8
96
4
40
0.0
40
0.0
40
0.0
40
0.0
40
1.0
40
1.0
40
1.0
40
1.0
10
765.7458563536
20
2091.6850828729
10
793.4806629834
20
2078.3701657459
10
797.817679558
20
2047.4033149171
10
789.5856353591
20
2019.0331491713
72
4
94
2
73
0
74
0
95
6
96
3
40
0.0
40
0.0
40
0.0
40
1.0
40
1.0
40
1.0
10
789.5856353591
20
2019.0331491713
10
768.1767955801
20
1945.1657458564
10
757.817679558
20
1906.7127071823
72
4
94
3
73
0
74
0
95
8
96
4
40
0.0
40
0.0
40
0.0
40
0.0
40
1.0
40
1.0
40
1.0
40
1.0
10
757.817679558
20
1906.7127071823
10
757.6210692287
20
1905.9918026414
10
756.9691425424
20
1905.4859974538
10
756.2154696133
20
1905.4696132597
72
1
10
756.2154696133
20
1905.4696132597
11
611.4640883978
21
1904.2541436464
72
4
94
3
73
0
74
0
95
8
96
4
40
0.0
40
0.0
40
0.0
40
0.0
40
1.0
40
1.0
40
1.0
40
1.0
10
611.4640883978
20
1904.2541436464
10
611.0701750014
20
1904.2475784231
10
610.6957303922
20
1904.4251029766
10
610.4518137691
20
1904.7340640325
72
4
94
3
73
0
74
0
95
8
96
4
40
0.0
40
0.0
40
0.0
40
0.0
40
1.0
40
1.0
40
1.0
40
1.0
10
610.4518137691
20
1904.7340640325
10
610.2078971461
20
1905.0430250883
10
610.122516126
20
1905.4479463319
10
610.2209944751
20
1905.8287292818
72
1
10
610.2209944751
20
1905.8287292818
11
627.1270718232
21
1971.5745856354
72
1
10
627.1270718232
20
1971.5745856354
11
627.1270718232
21
1971.5745856354
72
4
94
3
73
0
74
0
95
8
96
4
40
0.0
40
0.0
40
0.0
40
0.0
40
1.0
40
1.0
40
1.0
40
1.0
10
627.1270718232
20
1971.5745856354
10
627.455375913
20
1972.8543015771
10
627.1829746787
20
1974.2138687566
10
626.3870875453
20
1975.2678814468
72
4
94
3
73
0
74
0
95
8
96
4
40
0.0
40
0.0
40
0.0
40
0.0
40
1.0
40
1.0
40
1.0
40
1.0
10
626.3870875453
20
1975.2678814468
10
625.5912004119
20
1976.321894137
10
624.3585904757
20
1976.9554498589
10
623.0386740331
20
1976.9889502762
72
4
94
2
73
0
74
0
95
6
96
3
40
0.0
40
0.0
40
0.0
40
1.0
40
1.0
40
1.0
10
623.0386740331
20
1976.9889502762
10
591.6022099448
20
1977.8453038674
10
562.7624309392
20
1978.7569060773
72
4
94
2
73
0
74
0
95
6
96
3
40
0.0
40
0.0
40
0.0
40
1.0
40
1.0
40
1.0
10
562.7624309392
20
1978.7569060773
10
553.8950276243
20
1979.0331491713
10
551.7127071823
20
1970.9116022099
72
4
94
2
73
0
74
0
95
6
96
3
40
0.0
40
0.0
40
0.0
40
1.0
40
1.0
40
1.0
10
551.7127071823
20
1970.9116022099
10
530.1933701657
20
1890.3314917127
10
521.8232044199
20
1856.4364640884
72
4
94
2
73
0
74
0
95
6
96
3
40
0.0
40
0.0
40
0.0
40
1.0
40
1.0
40
1.0
10
521.8232044199
20
1856.4364640884
10
521.7403314917
20
1856.1325966851
10
521.7679558011
20
1854.5303867403
72
1
10
521.7679558011
20
1854.5303867403
11
521.7679558011
21
1854.5303867403
72
4
94
3
73
0
74
0
95
8
96
4
40
0.0
40
0.0
40
0.0
40
0.0
40
1.0
40
1.0
40
1.0
40
1.0
10
521.7679558011
20
1854.5303867403
10
521.7833236392
20
1852.7016140067
10
523.2541001946
20
1851.2185809801
10
525.0828729282
20
1851.1878453039
72
4
94
2
73
0
74
0
95
6
96
3
40
0.0
40
0.0
40
0.0
40
1.0
40
1.0
40
1.0
10
525.0828729282
20
1851.1878453039
10
578.5635359116
20
1850.4972375691
10
658.729281768
20
1850.0
72
4
94
2
73
0
74
0
95
6
96
3
40
0.0
40
0.0
40
0.0
40
1.0
40
1.0
40
1.0
10
658.729281768
20
1850.0
10
670.6906077348
20
1849.9171270718
10
689.4751381215
20
1841.4364640884
72
4
94
2
73
0
74
0
95
6
96
3
40
0.0
40
0.0
40
0.0
40
1.0
40
1.0
40
1.0
10
689.4751381215
20
1841.4364640884
10
708.729281768
20
1832.7071823204
10
717.2928176796
20
1816.1049723757
72
4
94
3
73
0
74
0
95
8
96
4
40
0.0
40
0.0
40
0.0
40
0.0
40
1.0
40
1.0
40
1.0
40
1.0
10
717.2928176796
20
1816.1049723757
10
725.6906077348
20
1799.8342541436
10
723.3425414365
20
1786.270718232
10
718.2044198895
20
1767.817679558
72
4
94
2
73
0
74
0
95
6
96
3
40
0.0
40
0.0
40
0.0
40
1.0
40
1.0
40
1.0
10
718.2044198895
20
1767.817679558
10
690.7182320442
20
1669.1436464088
10
653.591160221
20
1529.3370165746
72
1
10
653.591160221
20
1529.3370165746
11
653.591160221
21
1529.3370165746
72
4
94
3
73
0
74
0
95
8
96
4
40
0.0
40
0.0
40
0.0
40
0.0
40
1.0
40
1.0
40
1.0
40
1.0
10
653.591160221
20
1529.3370165746
10
653.2250514438
20
1528.000719538
10
652.6566003412
20
1526.7333531452
10
651.9060773481
20
1525.5801104972
72
4
94
3
73
0
74
0
95
8
96
4
40
0.0
40
0.0
40
0.0
40
0.0
40
1.0
40
1.0
40
1.0
40
1.0
10
651.9060773481
20
1525.5801104972
10
636.2983425414
20
1501.8784530387
10
611.0497237569
20
1487.5690607735
10
583.5359116022
20
1481.6850828729
72
4
94
2
73
0
74
0
95
6
96
3
40
0.0
40
0.0
40
0.0
40
1.0
40
1.0
40
1.0
10
583.5359116022
20
1481.6850828729
10
574.226519337
20
1479.6961325967
10
547.679558011
20
1480.3038674033
72
4
94
2
73
0
74
0
95
6
96
3
40
0.0
40
0.0
40
0.0
40
1.0
40
1.0
40
1.0
10
547.679558011
20
1480.3038674033
10
450.5248618785
20
1482.5138121547
10
329.5580110497
20
1483.6740331492
72
4
94
2
73
0
74
0
95
6
96
3
40
0.0
40
0.0
40
0.0
40
1.0
40
1.0
40
1.0
10
329.5580110497
20
1483.6740331492
10
324.3370165746
20
1483.729281768
10
314.4475138122
20
1488.591160221
72
4
94
3
73
0
74
0
95
8
96
4
40
0.0
40
0.0
40
0.0
40
0.0
40
1.0
40
1.0
40
1.0
40
1.0
10
314.4475138122
20
1488.591160221
10
299.7513812155
20
1495.8011049724
10
290.6906077348
20
1512.0718232044
10
287.817679558
20
1527.8729281768
72
4
94
2
73
0
74
0
95
6
96
3
40
0.0
40
0.0
40
0.0
40
1.0
40
1.0
40
1.0
10
287.817679558
20
1527.8729281768
10
286.1049723757
20
1537.4585635359
10
289.861878453
20
1553.4254143646
72
4
94
2
73
0
74
0
95
6
96
3
40
0.0
40
0.0
40
0.0
40
1.0
40
1.0
40
1.0
10
289.861878453
20
1553.4254143646
10
301.4364640884
20
1602.3480662983
10
315.4696132597
20
1667.5414364641
72
1
10
315.4696132597
20
1667.5414364641
11
315.4696132597
21
1667.5414364641
72
4
94
3
73
0
74
0
95
8
96
4
40
0.0
40
0.0
40
0.0
40
0.0
40
1.0
40
1.0
40
1.0
40
1.0
10
315.4696132597
20
1667.5414364641
10
315.6623253203
20
1668.4247000754
10
316.4371783776
20
1669.0492085097
10
317.320441989
20
1669.0331491713
72
1
10
317.320441989
20
1669.0331491713
11
464.5580110497
21
1667.9834254144
97
0
75
0
76
1
98
0
0
HATCH
5
2c4
100
AcDbEntity
8
Layer 5
6
ByLayer
370
-1
62
256
100
AcDbHatch
10
0
20
0
30
0
210
0
220
0
230
1
2
FILL_708
70
1
71
0
91
1
92
0
93
38
72
1
10
1085.8839779006
20
1849.1712707182
11
1085.8839779006
21
1849.1712707182
72
4
94
3
73
0
74
0
95
8
96
4
40
0.0
40
0.0
40
0.0
40
0.0
40
1.0
40
1.0
40
1.0
40
1.0
10
1085.8839779006
20
1849.1712707182
10
1086.2329320282
20
1849.1644284804
10
1086.560914979
20
1849.0033194724
10
1086.7795545996
20
1848.7313531151
72
4
94
3
73
0
74
0
95
8
96
4
40
0.0
40
0.0
40
0.0
40
0.0
40
1.0
40
1.0
40
1.0
40
1.0
10
1086.7795545996
20
1848.7313531151
10
1086.9981942202
20
1848.4593867578
10
1087.0849969636
20
1848.104542829
10
1087.0165745856
20
1847.7624309392
72
1
10
1087.0165745856
20
1847.7624309392
11
1063.2872928177
21
1728.1215469613
72
1
10
1063.2872928177
20
1728.1215469613
11
1063.2872928177
21
1728.1215469613
72
4
94
3
73
0
74
0
95
8
96
4
40
0.0
40
0.0
40
0.0
40
0.0
40
1.0
40
1.0
40
1.0
40
1.0
10
1063.2872928177
20
1728.1215469613
10
1063.0940967823
20
1727.2038657932
10
1062.287371998
20
1726.546961326
10
1061.3535911602
20
1726.546961326
72
1
10
1061.3535911602
20
1726.546961326
11
930.8563535912
21
1725.4143646409
72
4
94
3
73
0
74
0
95
8
96
4
40
0.0
40
0.0
40
0.0
40
0.0
40
1.0
40
1.0
40
1.0
40
1.0
10
930.8563535912
20
1725.4143646409
10
928.8892468145
20
1725.3981075601
10
927.1841625255
20
1724.056774586
10
926.7127071823
20
1722.1546961326
72
1
10
926.7127071823
20
1722.1546961326
11
898.1491712707
21
1608.0386740331
72
4
94
3
73
0
74
0
95
8
96
4
40
0.0
40
0.0
40
0.0
40
0.0
40
1.0
40
1.0
40
1.0
40
1.0
10
898.1491712707
20
1608.0386740331
10
897.8322416065
20
1606.7841607791
10
898.1154966177
20
1605.4536003732
10
898.915951152
20
1604.4368067755
72
4
94
3
73
0
74
0
95
8
96
4
40
0.0
40
0.0
40
0.0
40
0.0
40
1.0
40
1.0
40
1.0
40
1.0
10
898.915951152
20
1604.4368067755
10
899.7164056864
20
1603.4200131778
10
900.9434395987
20
1602.8320984647
10
902.2375690608
20
1602.8453038674
72
1
10
902.2375690608
20
1602.8453038674
11
1056.7679558011
21
1604.1712707182
72
1
10
1056.7679558011
20
1604.1712707182
11
1056.7679558011
21
1604.1712707182
72
4
94
3
73
0
74
0
95
8
96
4
40
0.0
40
0.0
40
0.0
40
0.0
40
1.0
40
1.0
40
1.0
40
1.0
10
1056.7679558011
20
1604.1712707182
10
1057.1651411192
20
1604.1712707182
10
1057.5356902783
20
1603.9723385839
10
1057.7570822138
20
1603.6402506807
72
4
94
3
73
0
74
0
95
8
96
4
40
0.0
40
0.0
40
0.0
40
0.0
40
1.0
40
1.0
40
1.0
40
1.0
10
1057.7570822138
20
1603.6402506807
10
1057.9784741493
20
1603.3081627774
10
1058.0218726711
20
1602.8861733904
10
1057.8729281768
20
1602.5138121547
72
1
10
1057.8729281768
20
1602.5138121547
11
1010.8839779006
21
1484.4198895028
72
1
10
1010.8839779006
20
1484.4198895028
11
1010.8839779006
21
1484.4198895028
72
4
94
3
73
0
74
0
95
8
96
4
40
0.0
40
0.0
40
0.0
40
0.0
40
1.0
40
1.0
40
1.0
40
1.0
10
1010.8839779006
20
1484.4198895028
10
1010.5676059251
20
1483.6039828293
10
1009.7775389242
20
1483.0662983425
10
1008.8950276243
20
1483.0662983425
72
1
10
1008.8950276243
20
1483.0662983425
11
707.5966850829
21
1480.4972375691
72
1
10
707.5966850829
20
1480.4972375691
11
707.5966850829
21
1480.4972375691
72
4
94
3
73
0
74
0
95
8
96
4
40
0.0
40
0.0
40
0.0
40
0.0
40
1.0
40
1.0
40
1.0
40
1.0
10
707.5966850829
20
1480.4972375691
10
707.1526347748
20
1480.4907074175
10
706.731683814
20
1480.6945388388
10
706.4601084853
20
1481.0475867661
72
4
94
3
73
0
74
0
95
8
96
4
40
0.0
40
0.0
40
0.0
40
0.0
40
1.0
40
1.0
40
1.0
40
1.0
10
706.4601084853
20
1481.0475867661
10
706.1885331566
20
1481.4006346934
10
706.0979268847
20
1481.8618276747
10
706.2154696133
20
1482.2928176796
72
1
10
706.2154696133
20
1482.2928176796
11
871.5193370166
21
2100.1933701657
72
1
10
871.5193370166
20
2100.1933701657
11
871.5193370166
21
2100.1933701657
72
4
94
3
73
0
74
0
95
8
96
4
40
0.0
40
0.0
40
0.0
40
0.0
40
1.0
40
1.0
40
1.0
40
1.0
10
871.5193370166
20
2100.1933701657
10
871.6649772766
20
2100.7435667037
10
872.1684278407
20
2101.1211546268
10
872.7348066298
20
2101.1049723757
72
1
10
872.7348066298
20
2101.1049723757
11
1177.7071823204
21
2097.4585635359
72
4
94
3
73
0
74
0
95
8
96
4
40
0.0
40
0.0
40
0.0
40
0.0
40
1.0
40
1.0
40
1.0
40
1.0
10
1177.7071823204
20
2097.4585635359
10
1177.9429276791
20
2097.4585635359
10
1178.1668490925
20
2097.3549077039
10
1178.3206601499
20
2097.1745774986
72
4
94
3
73
0
74
0
95
8
96
4
40
0.0
40
0.0
40
0.0
40
0.0
40
1.0
40
1.0
40
1.0
40
1.0
10
1178.3206601499
20
2097.1745774986
10
1178.4744712074
20
2096.9942472933
10
1178.5429557279
20
2096.7550823753
10
1178.5082872928
20
2096.5193370166
72
1
10
1178.5082872928
20
2096.5193370166
11
1159.0055248619
21
1971.2430939227
72
4
94
3
73
0
74
0
95
8
96
4
40
0.0
40
0.0
40
0.0
40
0.0
40
1.0
40
1.0
40
1.0
40
1.0
10
1159.0055248619
20
1971.2430939227
10
1158.8633514296
20
1970.2636769448
10
1158.0117886115
20
1969.5422140017
10
1157.0165745856
20
1969.5580110497
72
1
10
1157.0165745856
20
1969.5580110497
11
995.4419889503
21
1971.4917127072
72
1
10
995.4419889503
20
1971.4917127072
11
995.4419889503
21
1971.4917127072
72
4
94
3
73
0
74
0
95
8
96
4
40
0.0
40
0.0
40
0.0
40
0.0
40
1.0
40
1.0
40
1.0
40
1.0
10
995.4419889503
20
1971.4917127072
10
994.2731111372
20
1971.5079471213
10
993.2480205583
20
1970.7448241347
10
992.955801105
20
1969.6408839779
72
1
10
992.955801105
20
1969.6408839779
11
961.7679558011
21
1852.9834254144
72
1
10
961.7679558011
20
1852.9834254144
11
961.7679558011
21
1852.9834254144
72
4
94
3
73
0
74
0
95
8
96
4
40
0.0
40
0.0
40
0.0
40
0.0
40
1.0
40
1.0
40
1.0
40
1.0
10
961.7679558011
20
1852.9834254144
10
961.6159593517
20
1852.4283079471
10
961.7295854157
20
1851.8340924137
10
962.0756093647
20
1851.3745293564
72
4
94
3
73
0
74
0
95
8
96
4
40
0.0
40
0.0
40
0.0
40
0.0
40
1.0
40
1.0
40
1.0
40
1.0
10
962.0756093647
20
1851.3745293564
10
962.4216333137
20
1850.9149662992
10
962.9609685112
20
1850.6419676573
10
963.5359116022
20
1850.635359116
72
1
10
963.5359116022
20
1850.635359116
11
1085.8839779006
21
1849.1712707182
97
0
75
0
76
1
98
0
0
HATCH
5
2ef
100
AcDbEntity
8
Layer 5
6
ByLayer
370
-1
62
256
100
AcDbHatch
10
0
20
0
30
0
210
0
220
0
230
1
2
FILL_751
70
1
71
0
91
1
92
0
93
42
72
1
10
2194.4198895028
20
2100.8011049724
11
2194.4198895028
21
2100.8011049724
72
4
94
3
73
0
74
0
95
8
96
4
40
0.0
40
0.0
40
0.0
40
0.0
40
1.0
40
1.0
40
1.0
40
1.0
10
2194.4198895028
20
2100.8011049724
10
2194.6036289781
20
2100.8327841923
10
2194.7913052635
20
2100.7732180532
10
2194.9231456363
20
2100.6413776805
72
4
94
3
73
0
74
0
95
8
96
4
40
0.0
40
0.0
40
0.0
40
0.0
40
1.0
40
1.0
40
1.0
40
1.0
10
2194.9231456363
20
2100.6413776805
10
2195.054986009
20
2100.5095373077
10
2195.1145521481
20
2100.3218610223
10
2195.0828729282
20
2100.138121547
72
1
10
2195.0828729282
20
2100.138121547
11
2176.1325966851
21
1978.3977900552
72
4
94
3
73
0
74
0
95
8
96
4
40
0.0
40
0.0
40
0.0
40
0.0
40
1.0
40
1.0
40
1.0
40
1.0
10
2176.1325966851
20
1978.3977900552
10
2175.9569450495
20
1977.2959752503
10
2175.0128107598
20
1976.4800567283
10
2173.8950276243
20
1976.4640883978
72
1
10
2173.8950276243
20
1976.4640883978
11
2009.6408839779
21
1975.0552486188
72
1
10
2009.6408839779
20
1975.0552486188
11
2009.6408839779
21
1975.0552486188
72
4
94
3
73
0
74
0
95
8
96
4
40
0.0
40
0.0
40
0.0
40
0.0
40
1.0
40
1.0
40
1.0
40
1.0
10
2009.6408839779
20
1975.0552486188
10
2008.6254578532
20
1975.0552486188
10
2007.7142855564
20
1974.4295037885
10
2007.3480662983
20
1973.4806629834
72
4
94
2
73
0
74
0
95
6
96
3
40
0.0
40
0.0
40
0.0
40
1.0
40
1.0
40
1.0
10
2007.3480662983
20
1973.4806629834
10
2004.4475138122
20
1965.9944751381
10
2001.3535911602
20
1951.6574585635
72
4
94
2
73
0
74
0
95
6
96
3
40
0.0
40
0.0
40
0.0
40
1.0
40
1.0
40
1.0
10
2001.3535911602
20
1951.6574585635
10
1999.7790055249
20
1944.3370165746
10
1980.3591160221
20
1853.5359116022
72
1
10
1980.3591160221
20
1853.5359116022
11
1980.3591160221
21
1853.5359116022
72
4
94
3
73
0
74
0
95
8
96
4
40
0.0
40
0.0
40
0.0
40
0.0
40
1.0
40
1.0
40
1.0
40
1.0
10
1980.3591160221
20
1853.5359116022
10
1980.2102046931
20
1852.8455045314
10
1980.3786477831
20
1852.1247441231
10
1980.817832218
20
1851.5730856256
72
4
94
3
73
0
74
0
95
8
96
4
40
0.0
40
0.0
40
0.0
40
0.0
40
1.0
40
1.0
40
1.0
40
1.0
10
1980.817832218
20
1851.5730856256
10
1981.257016653
20
1851.0214271281
10
1981.9203649279
20
1850.6973764316
10
1982.6243093923
20
1850.6906077348
72
1
10
1982.6243093923
20
1850.6906077348
11
2109.1160220994
21
1849.7790055249
72
1
10
2109.1160220994
20
1849.7790055249
11
2109.1160220994
21
1849.7790055249
72
4
94
3
73
0
74
0
95
8
96
4
40
0.0
40
0.0
40
0.0
40
0.0
40
1.0
40
1.0
40
1.0
40
1.0
10
2109.1160220994
20
1849.7790055249
10
2109.3270292574
20
1849.7790055249
10
2109.5268183767
20
1849.6838590827
10
2109.6566882644
20
1849.5215217231
72
4
94
3
73
0
74
0
95
8
96
4
40
0.0
40
0.0
40
0.0
40
0.0
40
1.0
40
1.0
40
1.0
40
1.0
10
2109.6566882644
20
1849.5215217231
10
2109.786558152
20
1849.3591843635
10
2109.8317573144
20
1849.1480954537
10
2109.7790055249
20
1848.9502762431
72
1
10
2109.7790055249
20
1848.9502762431
11
2078.0662983425
21
1730.4143646409
72
1
10
2078.0662983425
20
1730.4143646409
11
2078.0662983425
21
1730.4143646409
72
4
94
3
73
0
74
0
95
8
96
4
40
0.0
40
0.0
40
0.0
40
0.0
40
1.0
40
1.0
40
1.0
40
1.0
10
2078.0662983425
20
1730.4143646409
10
2077.871952416
20
1729.6693719225
10
2077.1976523006
20
1729.1550752244
10
2076.4364640884
20
1729.1712707182
72
1
10
2076.4364640884
20
1729.1712707182
11
1945.1657458564
21
1730.1104972376
72
4
94
3
73
0
74
0
95
8
96
4
40
0.0
40
0.0
40
0.0
40
0.0
40
1.0
40
1.0
40
1.0
40
1.0
10
1945.1657458564
20
1730.1104972376
10
1943.4120866288
20
1730.1265858543
10
1941.8893752022
20
1728.9153381286
10
1941.5193370166
20
1727.2099447514
72
1
10
1941.5193370166
20
1727.2099447514
11
1915.8011049724
21
1606.9060773481
72
4
94
3
73
0
74
0
95
8
96
4
40
0.0
40
0.0
40
0.0
40
0.0
40
1.0
40
1.0
40
1.0
40
1.0
10
1915.8011049724
20
1606.9060773481
10
1915.6060638307
20
1605.991401649
10
1915.8362002369
20
1605.0376240106
10
1916.426851073
20
1604.3127343481
72
4
94
3
73
0
74
0
95
8
96
4
40
0.0
40
0.0
40
0.0
40
0.0
40
1.0
40
1.0
40
1.0
40
1.0
10
1916.426851073
20
1604.3127343481
10
1917.0175019091
20
1603.5878446856
10
1917.9049266366
20
1603.1700700235
10
1918.8397790055
20
1603.1767955801
72
1
10
1918.8397790055
20
1603.1767955801
11
2072.1270718232
21
1604.4751381215
72
1
10
2072.1270718232
20
1604.4751381215
11
2072.1270718232
21
1604.4751381215
72
4
94
3
73
0
74
0
95
8
96
4
40
0.0
40
0.0
40
0.0
40
0.0
40
1.0
40
1.0
40
1.0
40
1.0
10
2072.1270718232
20
1604.4751381215
10
2072.4097792391
20
1604.4812839349
10
2072.6765079378
20
1604.3447718951
10
2072.837575575
20
1604.1115015241
72
4
94
3
73
0
74
0
95
8
96
4
40
0.0
40
0.0
40
0.0
40
0.0
40
1.0
40
1.0
40
1.0
40
1.0
10
2072.837575575
20
1604.1115015241
10
2072.9986432121
20
1603.878231153
10
2073.0326556232
20
1603.5791871028
10
2072.9281767956
20
1603.3149171271
72
1
10
2072.9281767956
20
1603.3149171271
11
2026.9060773481
21
1481.3259668508
72
1
10
2026.9060773481
20
1481.3259668508
11
2026.9060773481
21
1481.3259668508
72
4
94
3
73
0
74
0
95
8
96
4
40
0.0
40
0.0
40
0.0
40
0.0
40
1.0
40
1.0
40
1.0
40
1.0
10
2026.9060773481
20
1481.3259668508
10
2026.5908807295
20
1480.4633234738
10
2025.7632547035
20
1479.8895027624
10
2024.8342541436
20
1479.8895027624
72
1
10
2024.8342541436
20
1479.8895027624
11
1725.6906077348
21
1482.044198895
72
1
10
1725.6906077348
20
1482.044198895
11
1725.6906077348
21
1482.044198895
72
4
94
3
73
0
74
0
95
8
96
4
40
0.0
40
0.0
40
0.0
40
0.0
40
1.0
40
1.0
40
1.0
40
1.0
10
1725.6906077348
20
1482.044198895
10
1725.341534175
20
1482.044198895
10
1725.0130517743
20
1482.2092656238
10
1724.8019181711
20
1482.4907770946
72
4
94
3
73
0
74
0
95
8
96
4
40
0.0
40
0.0
40
0.0
40
0.0
40
1.0
40
1.0
40
1.0
40
1.0
10
1724.8019181711
20
1482.4907770946
10
1724.590784568
20
1482.7722885655
10
1724.5210515584
20
1483.1381757172
10
1724.6132596685
20
1483.4806629834
72
4
94
2
73
0
74
0
95
6
96
3
40
0.0
40
0.0
40
0.0
40
1.0
40
1.0
40
1.0
10
1724.6132596685
20
1483.4806629834
10
1762.4309392265
20
1624.0883977901
10
1885.3867403315
20
2085.0276243094
72
4
94
2
73
0
74
0
95
6
96
3
40
0.0
40
0.0
40
0.0
40
1.0
40
1.0
40
1.0
10
1885.3867403315
20
2085.0276243094
10
1886.0773480663
20
2087.6243093923
10
1888.0110497238
20
2100.2762430939
72
1
10
1888.0110497238
20
2100.2762430939
11
1888.0110497238
21
2100.2762430939
72
4
94
3
73
0
74
0
95
8
96
4
40
0.0
40
0.0
40
0.0
40
0.0
40
1.0
40
1.0
40
1.0
40
1.0
10
1888.0110497238
20
2100.2762430939
10
1888.1217346682
20
2100.9877891652
10
1888.7359677408
20
2101.5075248421
10
1889.4475138122
20
2101.4917127072
72
4
94
2
73
0
74
0
95
6
96
3
40
0.0
40
0.0
40
0.0
40
1.0
40
1.0
40
1.0
10
1889.4475138122
20
2101.4917127072
10
1996.9337016575
20
2100.6629834254
10
2185.0828729282
20
2099.8342541436
72
4
94
2
73
0
74
0
95
6
96
3
40
0.0
40
0.0
40
0.0
40
1.0
40
1.0
40
1.0
10
2185.0828729282
20
2099.8342541436
10
2187.679558011
20
2099.8342541436
10
2194.4198895028
20
2100.8011049724
97
0
75
0
76
1
98
0
0
HATCH
5
312
100
AcDbEntity
8
Layer 5
6
ByLayer
370
-1
62
256
100
AcDbHatch
10
0
20
0
30
0
210
0
220
0
230
1
2
FILL_786
70
1
71
0
91
1
92
0
93
34
72
4
94
3
73
0
74
0
95
8
96
4
40
0.0
40
0.0
40
0.0
40
0.0
40
1.0
40
1.0
40
1.0
40
1.0
10
2483.4806629834
20
1695.5248618785
10
2482.2456392779
20
1695.3528965524
10
2481.3463069332
20
1694.2736977387
10
2481.408839779
20
1693.0386740331
72
1
10
2481.408839779
20
1693.0386740331
11
2494.1712707182
21
1483.8674033149
72
1
10
2494.1712707182
20
1483.8674033149
11
2494.1712707182
21
1483.8674033149
72
4
94
3
73
0
74
0
95
8
96
4
40
0.0
40
0.0
40
0.0
40
0.0
40
1.0
40
1.0
40
1.0
40
1.0
10
2494.1712707182
20
1483.8674033149
10
2494.2000235229
20
1483.3282882276
10
2494.0062457586
20
1482.8010521266
10
2493.6353535952
20
1482.40926463
72
4
94
3
73
0
74
0
95
8
96
4
40
0.0
40
0.0
40
0.0
40
0.0
40
1.0
40
1.0
40
1.0
40
1.0
10
2493.6353535952
20
1482.40926463
10
2493.2644614319
20
1482.0174771335
10
2492.7490598387
20
1481.7955801105
10
2492.2099447514
20
1481.7955801105
72
1
10
2492.2099447514
20
1481.7955801105
11
2336.1049723757
21
1482.1546961326
72
1
10
2336.1049723757
20
1482.1546961326
11
2336.1049723757
21
1482.1546961326
72
4
94
3
73
0
74
0
95
8
96
4
40
0.0
40
0.0
40
0.0
40
0.0
40
1.0
40
1.0
40
1.0
40
1.0
10
2336.1049723757
20
1482.1546961326
10
2335.4970353544
20
1482.1702842613
10
2335.0035519481
20
1482.651731487
10
2334.9723756906
20
1483.2596685083
72
1
10
2334.9723756906
20
1483.2596685083
11
2324.9723756906
21
1689.3922651934
72
1
10
2324.9723756906
20
1689.3922651934
11
2324.9723756906
21
1689.3922651934
72
4
94
3
73
0
74
0
95
8
96
4
40
0.0
40
0.0
40
0.0
40
0.0
40
1.0
40
1.0
40
1.0
40
1.0
10
2324.9723756906
20
1689.3922651934
10
2324.9357435788
20
1690.1322338529
10
2324.6066604174
20
1690.8273432728
10
2324.0575207457
20
1691.3246773151
72
4
94
3
73
0
74
0
95
8
96
4
40
0.0
40
0.0
40
0.0
40
0.0
40
1.0
40
1.0
40
1.0
40
1.0
10
2324.0575207457
20
1691.3246773151
10
2323.508381074
20
1691.8220113574
10
2322.7841675545
20
1692.0808310069
10
2322.044198895
20
1692.044198895
72
1
10
2322.044198895
20
1692.044198895
11
2309.0055248619
21
1691.408839779
72
1
10
2309.0055248619
20
1691.408839779
11
2309.0055248619
21
1691.408839779
72
4
94
3
73
0
74
0
95
8
96
4
40
0.0
40
0.0
40
0.0
40
0.0
40
1.0
40
1.0
40
1.0
40
1.0
10
2309.0055248619
20
1691.408839779
10
2306.2934344256
20
1691.2773444851
10
2303.9776431106
20
1689.3866742811
10
2303.2872928177
20
1686.7403314917
72
1
10
2303.2872928177
20
1686.7403314917
11
2251.0497237569
21
1483.5635359116
72
1
10
2251.0497237569
20
1483.5635359116
11
2251.0497237569
21
1483.5635359116
72
4
94
3
73
0
74
0
95
8
96
4
40
0.0
40
0.0
40
0.0
40
0.0
40
1.0
40
1.0
40
1.0
40
1.0
10
2251.0497237569
20
1483.5635359116
10
2250.7728551318
20
1482.5212069699
10
2249.8431457182
20
1481.7955801105
10
2248.7845303867
20
1481.7955801105
72
1
10
2248.7845303867
20
1481.7955801105
11
2103.2596685083
21
1482.1546961326
72
1
10
2103.2596685083
20
1482.1546961326
11
2103.2596685083
21
1482.1546961326
72
4
94
3
73
0
74
0
95
8
96
4
40
0.0
40
0.0
40
0.0
40
0.0
40
1.0
40
1.0
40
1.0
40
1.0
10
2103.2596685083
20
1482.1546961326
10
2102.980712692
20
1482.1546961326
10
2102.7167295995
20
1482.2808588987
10
2102.5440551272
20
1482.4967019891
72
4
94
3
73
0
74
0
95
8
96
4
40
0.0
40
0.0
40
0.0
40
0.0
40
1.0
40
1.0
40
1.0
40
1.0
10
2102.5440551272
20
1482.4967019891
10
2102.371380655
20
1482.7125450794
10
2102.3092725562
20
1482.9939963023
10
2102.3756906077
20
1483.2596685083
72
4
94
2
73
0
74
0
95
6
96
3
40
0.0
40
0.0
40
0.0
40
1.0
40
1.0
40
1.0
10
2102.3756906077
20
1483.2596685083
10
2178.8397790055
20
1777.2928176796
10
2252.0165745856
20
2058.8397790055
72
4
94
2
73
0
74
0
95
6
96
3
40
0.0
40
0.0
40
0.0
40
1.0
40
1.0
40
1.0
10
2252.0165745856
20
2058.8397790055
10
2258.2044198895
20
2082.6519337017
10
2261.5745856354
20
2100.138121547
72
1
10
2261.5745856354
20
2100.138121547
11
2261.5745856354
21
2100.138121547
72
4
94
3
73
0
74
0
95
8
96
4
40
0.0
40
0.0
40
0.0
40
0.0
40
1.0
40
1.0
40
1.0
40
1.0
10
2261.5745856354
20
2100.138121547
10
2261.7165240997
20
2100.9108976304
10
2262.4158728656
20
2101.4561526004
10
2263.2044198895
20
2101.408839779
72
4
94
2
73
0
74
0
95
6
96
3
40
0.0
40
0.0
40
0.0
40
1.0
40
1.0
40
1.0
10
2263.2044198895
20
2101.408839779
10
2270.9392265193
20
2100.8287292818
10
2293.5082872928
20
2100.2762430939
72
4
94
2
73
0
74
0
95
6
96
3
40
0.0
40
0.0
40
0.0
40
1.0
40
1.0
40
1.0
10
2293.5082872928
20
2100.2762430939
10
2340.0
20
2099.1436464088
10
2585.635359116
20
2096.5745856354
72
4
94
3
73
0
74
0
95
8
96
4
40
0.0
40
0.0
40
0.0
40
0.0
40
1.0
40
1.0
40
1.0
40
1.0
10
2585.635359116
20
2096.5745856354
10
2614.3922651934
20
2096.270718232
10
2631.6022099448
20
2066.9613259669
10
2631.8508287293
20
2041.0220994475
72
1
10
2631.8508287293
20
2041.0220994475
11
2631.8508287293
21
2041.0220994475
72
4
94
3
73
0
74
0
95
8
96
4
40
0.0
40
0.0
40
0.0
40
0.0
40
1.0
40
1.0
40
1.0
40
1.0
10
2631.8508287293
20
2041.0220994475
10
2631.8691598719
20
2039.6472637541
10
2631.7018828692
20
2038.2811682326
10
2631.3535911602
20
2036.9613259669
72
4
94
2
73
0
74
0
95
6
96
3
40
0.0
40
0.0
40
0.0
40
1.0
40
1.0
40
1.0
10
2631.3535911602
20
2036.9613259669
10
2580.9392265193
20
1841.2983425414
10
2566.9889502762
20
1784.4751381215
72
4
94
2
73
0
74
0
95
6
96
3
40
0.0
40
0.0
40
0.0
40
1.0
40
1.0
40
1.0
10
2566.9889502762
20
1784.4751381215
10
2565.7182320442
20
1779.3093922652
10
2560.9116022099
20
1766.4364640884
72
4
94
3
73
0
74
0
95
8
96
4
40
0.0
40
0.0
40
0.0
40
0.0
40
1.0
40
1.0
40
1.0
40
1.0
10
2560.9116022099
20
1766.4364640884
10
2548.3149171271
20
1732.6519337017
10
2520.6906077348
20
1700.3591160221
10
2483.4806629834
20
1695.5248618785
97
0
75
0
76
1
98
0
0
HATCH
5
32b
100
AcDbEntity
8
Layer 5
6
ByLayer
370
-1
62
256
100
AcDbHatch
10
0
20
0
30
0
210
0
220
0
230
1
2
FILL_811
70
1
71
0
91
1
92
0
93
24
72
4
94
2
73
0
74
0
95
6
96
3
40
0.0
40
0.0
40
0.0
40
1.0
40
1.0
40
1.0
10
3351.9613259669
20
2099.8066298343
10
3433.7845303867
20
2100.1933701657
10
3444.0607734807
20
2100.0276243094
72
4
94
2
73
0
74
0
95
6
96
3
40
0.0
40
0.0
40
0.0
40
1.0
40
1.0
40
1.0
10
3444.0607734807
20
2100.0276243094
10
3633.6740331492
20
2096.4917127072
10
3658.8397790055
20
2096.270718232
72
4
94
2
73
0
74
0
95
6
96
3
40
0.0
40
0.0
40
0.0
40
1.0
40
1.0
40
1.0
10
3658.8397790055
20
2096.270718232
10
3667.4861878453
20
2096.1878453039
10
3681.9889502762
20
2096.6298342541
72
1
10
3681.9889502762
20
2096.6298342541
11
3681.9889502762
21
2096.6298342541
72
4
94
3
73
0
74
0
95
8
96
4
40
0.0
40
0.0
40
0.0
40
0.0
40
1.0
40
1.0
40
1.0
40
1.0
10
3681.9889502762
20
2096.6298342541
10
3682.704181464
20
2096.6481735154
10
3683.4191301729
20
2096.57389313
10
3684.1160220994
20
2096.408839779
72
4
94
3
73
0
74
0
95
8
96
4
40
0.0
40
0.0
40
0.0
40
0.0
40
1.0
40
1.0
40
1.0
40
1.0
10
3684.1160220994
20
2096.408839779
10
3721.6298342541
20
2086.9060773481
10
3732.8453038674
20
2051.2430939227
10
3729.5580110497
20
2015.773480663
72
1
10
3729.5580110497
20
2015.773480663
11
3729.5580110497
21
2015.773480663
72
4
94
3
73
0
74
0
95
8
96
4
40
0.0
40
0.0
40
0.0
40
0.0
40
1.0
40
1.0
40
1.0
40
1.0
10
3729.5580110497
20
2015.773480663
10
3729.4847182787
20
2014.9122906039
10
3729.2893948292
20
2014.0658889891
10
3728.9779005525
20
2013.2596685083
72
4
94
2
73
0
74
0
95
6
96
3
40
0.0
40
0.0
40
0.0
40
1.0
40
1.0
40
1.0
10
3728.9779005525
20
2013.2596685083
10
3727.4309392265
20
2009.364640884
10
3725.8287292818
20
2003.4806629834
72
4
94
2
73
0
74
0
95
6
96
3
40
0.0
40
0.0
40
0.0
40
1.0
40
1.0
40
1.0
10
3725.8287292818
20
2003.4806629834
10
3685.0828729282
20
1852.955801105
10
3620.0828729282
20
1608.4806629834
72
4
94
2
73
0
74
0
95
6
96
3
40
0.0
40
0.0
40
0.0
40
1.0
40
1.0
40
1.0
10
3620.0828729282
20
1608.4806629834
10
3618.4806629834
20
1602.4861878453
10
3609.9723756906
20
1568.1491712707
72
4
94
3
73
0
74
0
95
8
96
4
40
0.0
40
0.0
40
0.0
40
0.0
40
1.0
40
1.0
40
1.0
40
1.0
10
3609.9723756906
20
1568.1491712707
10
3599.8342541436
20
1527.2651933702
10
3570.7182320442
20
1492.0994475138
10
3529.1436464088
20
1480.9116022099
72
1
10
3529.1436464088
20
1480.9116022099
11
3529.1436464088
21
1480.9116022099
72
4
94
3
73
0
74
0
95
8
96
4
40
0.0
40
0.0
40
0.0
40
0.0
40
1.0
40
1.0
40
1.0
40
1.0
10
3529.1436464088
20
1480.9116022099
10
3528.9056038332
20
1480.8383583405
10
3528.6634569403
20
1480.8011049724
10
3528.4254143646
20
1480.8011049724
72
1
10
3528.4254143646
20
1480.8011049724
11
3201.8232044199
21
1478.0110497238
72
1
10
3201.8232044199
20
1478.0110497238
11
3201.8232044199
21
1478.0110497238
72
4
94
3
73
0
74
0
95
8
96
4
40
0.0
40
0.0
40
0.0
40
0.0
40
1.0
40
1.0
40
1.0
40
1.0
10
3201.8232044199
20
1478.0110497238
10
3201.5290714016
20
1478.0110497238
10
3201.2487926758
20
1478.1350314788
10
3201.0533605153
20
1478.3515914405
72
4
94
3
73
0
74
0
95
8
96
4
40
0.0
40
0.0
40
0.0
40
0.0
40
1.0
40
1.0
40
1.0
40
1.0
10
3201.0533605153
20
1478.3515914405
10
3200.8579283548
20
1478.5681514021
10
3200.7660891369
20
1478.8565165576
10
3200.8011049724
20
1479.1436464088
72
4
94
2
73
0
74
0
95
6
96
3
40
0.0
40
0.0
40
0.0
40
1.0
40
1.0
40
1.0
10
3200.8011049724
20
1479.1436464088
10
3201.1878453039
20
1482.679558011
10
3207.6243093923
20
1507.7900552486
72
4
94
2
73
0
74
0
95
6
96
3
40
0.0
40
0.0
40
0.0
40
1.0
40
1.0
40
1.0
10
3207.6243093923
20
1507.7900552486
10
3270.5801104972
20
1753.0662983425
10
3334.5856353591
20
1993.9779005525
72
4
94
3
73
0
74
0
95
8
96
4
40
0.0
40
0.0
40
0.0
40
0.0
40
1.0
40
1.0
40
1.0
40
1.0
10
3334.5856353591
20
1993.9779005525
10
3341.9060773481
20
2021.546961326
10
3349.1160220994
20
2043.2596685083
10
3355.1104972376
20
2071.1325966851
72
4
94
2
73
0
74
0
95
6
96
3
40
0.0
40
0.0
40
0.0
40
1.0
40
1.0
40
1.0
10
3355.1104972376
20
2071.1325966851
10
3357.7071823204
20
2083.2320441989
10
3350.8563535912
20
2098.0662983425
72
4
94
3
73
0
74
0
95
8
96
4
40
0.0
40
0.0
40
0.0
40
0.0
40
1.0
40
1.0
40
1.0
40
1.0
10
3350.8563535912
20
2098.0662983425
10
3350.676792257
20
2098.4433771443
10
3350.7038731216
20
2098.886189508
10
3350.9280924298
20
2099.2393349184
72
4
94
3
73
0
74
0
95
8
96
4
40
0.0
40
0.0
40
0.0
40
0.0
40
1.0
40
1.0
40
1.0
40
1.0
10
3350.9280924298
20
2099.2393349184
10
3351.152311738
20
2099.5924803288
10
3351.5423495205
20
2099.8066298343
10
3351.9613259669
20
2099.8066298343
97
0
75
0
76
1
98
0
0
HATCH
5
351
100
AcDbEntity
8
Layer 5
6
ByLayer
370
-1
62
256
100
AcDbHatch
10
0
20
0
30
0
210
0
220
0
230
1
2
FILL_849
70
1
71
0
91
1
92
0
93
37
72
1
10
3899.1712707182
20
1477.182320442
11
3899.1712707182
21
1477.182320442
72
4
94
3
73
0
74
0
95
8
96
4
40
0.0
40
0.0
40
0.0
40
0.0
40
1.0
40
1.0
40
1.0
40
1.0
10
3899.1712707182
20
1477.182320442
10
3897.9093127071
20
1477.182320442
10
3896.8614341723
20
1478.1458869108
10
3896.7679558011
20
1479.3922651934
72
4
94
2
73
0
74
0
95
6
96
3
40
0.0
40
0.0
40
0.0
40
1.0
40
1.0
40
1.0
10
3896.7679558011
20
1479.3922651934
10
3894.8066298343
20
1507.1546961326
10
3886.7403314917
20
1636.0497237569
72
4
94
2
73
0
74
0
95
6
96
3
40
0.0
40
0.0
40
0.0
40
1.0
40
1.0
40
1.0
10
3886.7403314917
20
1636.0497237569
10
3885.1104972376
20
1661.7679558011
10
3882.2651933702
20
1685.8839779006
72
1
10
3882.2651933702
20
1685.8839779006
11
3882.2651933702
21
1685.8839779006
72
4
94
3
73
0
74
0
95
8
96
4
40
0.0
40
0.0
40
0.0
40
0.0
40
1.0
40
1.0
40
1.0
40
1.0
10
3882.2651933702
20
1685.8839779006
10
3881.997575086
20
1688.0721509299
10
3880.1320920769
20
1689.7118748487
10
3877.9281767956
20
1689.6961325967
72
1
10
3877.9281767956
20
1689.6961325967
11
3858.0939226519
21
1689.5303867403
72
1
10
3858.0939226519
20
1689.5303867403
11
3858.0939226519
21
1689.5303867403
72
4
94
3
73
0
74
0
95
8
96
4
40
0.0
40
0.0
40
0.0
40
0.0
40
1.0
40
1.0
40
1.0
40
1.0
10
3858.0939226519
20
1689.5303867403
10
3857.1358736816
20
1689.5138686546
10
3856.2918006807
20
1688.880813904
10
3855.9944751381
20
1687.955801105
72
4
94
2
73
0
74
0
95
6
96
3
40
0.0
40
0.0
40
0.0
40
1.0
40
1.0
40
1.0
10
3855.9944751381
20
1687.955801105
10
3850.4972375691
20
1670.9668508287
10
3844.9723756906
20
1648.1215469613
72
4
94
2
73
0
74
0
95
6
96
3
40
0.0
40
0.0
40
0.0
40
1.0
40
1.0
40
1.0
10
3844.9723756906
20
1648.1215469613
10
3836.3812154696
20
1612.5690607735
10
3804.4475138122
20
1478.1491712707
72
1
10
3804.4475138122
20
1478.1491712707
11
3804.4475138122
21
1478.1491712707
72
4
94
3
73
0
74
0
95
8
96
4
40
0.0
40
0.0
40
0.0
40
0.0
40
1.0
40
1.0
40
1.0
40
1.0
10
3804.4475138122
20
1478.1491712707
10
3804.2678652395
20
1477.4469086686
10
3803.6354784651
20
1476.9500333459
10
3802.9005524862
20
1476.9337016575
72
1
10
3802.9005524862
20
1476.9337016575
11
3652.5690607735
21
1475.6629834254
72
4
94
3
73
0
74
0
95
8
96
4
40
0.0
40
0.0
40
0.0
40
0.0
40
1.0
40
1.0
40
1.0
40
1.0
10
3652.5690607735
20
1475.6629834254
10
3652.4975792248
20
1475.6629834254
10
3652.4298025625
20
1475.695050238
10
3652.3862695971
20
1475.7494664447
72
4
94
3
73
0
74
0
95
8
96
4
40
0.0
40
0.0
40
0.0
40
0.0
40
1.0
40
1.0
40
1.0
40
1.0
10
3652.3862695971
20
1475.7494664447
10
3652.3427366318
20
1475.8038826514
10
3652.3285713305
20
1475.8742432933
10
3652.3480662983
20
1475.9392265193
72
4
94
2
73
0
74
0
95
6
96
3
40
0.0
40
0.0
40
0.0
40
1.0
40
1.0
40
1.0
10
3652.3480662983
20
1475.9392265193
10
3741.4364640884
20
1820.7458563536
10
3792.817679558
20
2021.4364640884
72
4
94
2
73
0
74
0
95
6
96
3
40
0.0
40
0.0
40
0.0
40
1.0
40
1.0
40
1.0
10
3792.817679558
20
2021.4364640884
10
3803.7569060773
20
2064.1436464088
10
3810.7458563536
20
2096.8508287293
72
1
10
3810.7458563536
20
2096.8508287293
11
3810.7458563536
21
2096.8508287293
72
4
94
3
73
0
74
0
95
8
96
4
40
0.0
40
0.0
40
0.0
40
0.0
40
1.0
40
1.0
40
1.0
40
1.0
10
3810.7458563536
20
2096.8508287293
10
3811.0731622873
20
2098.3891666178
10
3812.3792077612
20
2099.5263269011
10
3813.9502762431
20
2099.6408839779
72
4
94
3
73
0
74
0
95
8
96
4
40
0.0
40
0.0
40
0.0
40
0.0
40
1.0
40
1.0
40
1.0
40
1.0
10
3813.9502762431
20
2099.6408839779
10
3822.5414364641
20
2100.2486187845
10
3830.5801104972
20
2099.0331491713
10
3839.0883977901
20
2099.0331491713
72
4
94
2
73
0
74
0
95
6
96
3
40
0.0
40
0.0
40
0.0
40
1.0
40
1.0
40
1.0
10
3839.0883977901
20
2099.0331491713
10
3957.3756906077
20
2099.1160220994
10
4101.7955801105
20
2097.5414364641
72
4
94
2
73
0
74
0
95
6
96
3
40
0.0
40
0.0
40
0.0
40
1.0
40
1.0
40
1.0
10
4101.7955801105
20
2097.5414364641
10
4136.3535911602
20
2097.1546961326
10
4145.635359116
20
2092.955801105
72
4
94
3
73
0
74
0
95
8
96
4
40
0.0
40
0.0
40
0.0
40
0.0
40
1.0
40
1.0
40
1.0
40
1.0
10
4145.635359116
20
2092.955801105
10
4171.6574585635
20
2081.2154696133
10
4178.6187845304
20
2050.7458563536
10
4178.6187845304
20
2023.6740331492
72
4
94
2
73
0
74
0
95
6
96
3
40
0.0
40
0.0
40
0.0
40
1.0
40
1.0
40
1.0
10
4178.6187845304
20
2023.6740331492
10
4178.6187845304
20
2011.3259668508
10
4173.0386740331
20
1992.0718232044
72
4
94
2
73
0
74
0
95
6
96
3
40
0.0
40
0.0
40
0.0
40
1.0
40
1.0
40
1.0
10
4173.0386740331
20
1992.0718232044
10
4148.0662983425
20
1905.9944751381
10
4103.591160221
20
1743.2872928177
72
1
10
4103.591160221
20
1743.2872928177
11
4103.591160221
21
1743.2872928177
72
4
94
3
73
0
74
0
95
8
96
4
40
0.0
40
0.0
40
0.0
40
0.0
40
1.0
40
1.0
40
1.0
40
1.0
10
4103.591160221
20
1743.2872928177
10
4102.8276027669
20
1740.5421219707
10
4101.4487247457
20
1738.0015864385
10
4099.5580110497
20
1735.8563535912
72
4
94
2
73
0
74
0
95
6
96
3
40
0.0
40
0.0
40
0.0
40
1.0
40
1.0
40
1.0
10
4099.5580110497
20
1735.8563535912
10
4073.4254143646
20
1706.4640883978
10
4033.3149171271
20
1697.7624309392
72
1
10
4033.3149171271
20
1697.7624309392
11
4033.3149171271
21
1697.7624309392
72
4
94
3
73
0
74
0
95
8
96
4
40
0.0
40
0.0
40
0.0
40
0.0
40
1.0
40
1.0
40
1.0
40
1.0
10
4033.3149171271
20
1697.7624309392
10
4031.9768028445
20
1697.4722374804
10
4031.0220994475
20
1696.2989875226
10
4031.0220994475
20
1694.9447513812
72
4
94
2
73
0
74
0
95
6
96
3
40
0.0
40
0.0
40
0.0
40
1.0
40
1.0
40
1.0
10
4031.0220994475
20
1694.9447513812
10
4030.8287292818
20
1675.0276243094
10
4032.4033149171
20
1650.5524861878
72
4
94
2
73
0
74
0
95
6
96
3
40
0.0
40
0.0
40
0.0
40
1.0
40
1.0
40
1.0
10
4032.4033149171
20
1650.5524861878
10
4036.9060773481
20
1580.5524861878
10
4044.364640884
20
1479.6408839779
72
1
10
4044.364640884
20
1479.6408839779
11
4044.364640884
21
1479.6408839779
72
4
94
3
73
0
74
0
95
8
96
4
40
0.0
40
0.0
40
0.0
40
0.0
40
1.0
40
1.0
40
1.0
40
1.0
10
4044.364640884
20
1479.6408839779
10
4044.3929919665
20
1479.3290220696
10
4044.2893847671
20
1479.0196198521
10
4044.0791707609
20
1478.7883844453
72
4
94
3
73
0
74
0
95
8
96
4
40
0.0
40
0.0
40
0.0
40
0.0
40
1.0
40
1.0
40
1.0
40
1.0
10
4044.0791707609
20
1478.7883844453
10
4043.8689567546
20
1478.5571490384
10
4043.5715304166
20
1478.4254143646
10
4043.2596685083
20
1478.4254143646
72
1
10
4043.2596685083
20
1478.4254143646
11
3899.1712707182
21
1477.182320442
97
0
75
0
76
1
98
0
0
HATCH
5
38e
100
AcDbEntity
8
Layer 5
6
ByLayer
370
-1
62
256
100
AcDbHatch
10
0
20
0
30
0
210
0
220
0
230
1
2
FILL_910
70
1
71
0
91
1
92
0
93
60
72
1
10
5425.4419889503
20
1669.0607734807
11
5415.8287292818
21
1607.4033149171
72
1
10
5415.8287292818
20
1607.4033149171
11
5415.8287292818
21
1607.4033149171
72
4
94
3
73
0
74
0
95
8
96
4
40
0.0
40
0.0
40
0.0
40
0.0
40
1.0
40
1.0
40
1.0
40
1.0
10
5415.8287292818
20
1607.4033149171
10
5415.5862461402
20
1605.8237104522
10
5416.0417056796
20
1604.2168320601
10
5417.0762964086
20
1603.0018511527
72
4
94
3
73
0
74
0
95
8
96
4
40
0.0
40
0.0
40
0.0
40
0.0
40
1.0
40
1.0
40
1.0
40
1.0
10
5417.0762964086
20
1603.0018511527
10
5418.1108871376
20
1601.7868702454
10
5419.6220089688
20
1601.0842761561
10
5421.2154696133
20
1601.0773480663
72
1
10
5421.2154696133
20
1601.0773480663
11
5480.3591160221
21
1600.635359116
72
1
10
5480.3591160221
20
1600.635359116
11
5480.3591160221
21
1600.635359116
72
4
94
3
73
0
74
0
95
8
96
4
40
0.0
40
0.0
40
0.0
40
0.0
40
1.0
40
1.0
40
1.0
40
1.0
10
5480.3591160221
20
1600.635359116
10
5482.8505434423
20
1600.6191810159
10
5485.0253232019
20
1602.3246661958
10
5485.6077348066
20
1604.7513812155
72
1
10
5485.6077348066
20
1604.7513812155
11
5513.0386740331
21
1720.0276243094
72
1
10
5513.0386740331
20
1720.0276243094
11
5513.0386740331
21
1720.0276243094
72
4
94
3
73
0
74
0
95
8
96
4
40
0.0
40
0.0
40
0.0
40
0.0
40
1.0
40
1.0
40
1.0
40
1.0
10
5513.0386740331
20
1720.0276243094
10
5513.093706496
20
1720.2477541607
10
5513.1215469613
20
1720.4797580386
10
5513.1215469613
20
1720.7182320442
72
4
94
2
73
0
74
0
95
6
96
3
40
0.0
40
0.0
40
0.0
40
1.0
40
1.0
40
1.0
10
5513.1215469613
20
1720.7182320442
10
5513.1215469613
20
1729.2817679558
10
5504.0331491713
20
1729.7790055249
72
4
94
2
73
0
74
0
95
6
96
3
40
0.0
40
0.0
40
0.0
40
1.0
40
1.0
40
1.0
10
5504.0331491713
20
1729.7790055249
10
5461.1602209945
20
1732.1270718232
10
5402.4861878453
20
1732.817679558
72
4
94
2
73
0
74
0
95
6
96
3
40
0.0
40
0.0
40
0.0
40
1.0
40
1.0
40
1.0
10
5402.4861878453
20
1732.817679558
10
5376.7403314917
20
1733.1215469613
10
5365.9668508287
20
1735.8839779006
72
4
94
3
73
0
74
0
95
8
96
4
40
0.0
40
0.0
40
0.0
40
0.0
40
1.0
40
1.0
40
1.0
40
1.0
10
5365.9668508287
20
1735.8839779006
10
5341.4364640884
20
1742.182320442
10
5320.9944751381
20
1757.2375690608
10
5315.0828729282
20
1782.9005524862
72
4
94
2
73
0
74
0
95
6
96
3
40
0.0
40
0.0
40
0.0
40
1.0
40
1.0
40
1.0
10
5315.0828729282
20
1782.9005524862
10
5313.8121546961
20
1788.5082872928
10
5318.2596685083
20
1805.2486187845
72
4
94
2
73
0
74
0
95
6
96
3
40
0.0
40
0.0
40
0.0
40
1.0
40
1.0
40
1.0
10
5318.2596685083
20
1805.2486187845
10
5350.773480663
20
1927.7624309392
10
5376.0497237569
20
2028.8674033149
72
4
94
3
73
0
74
0
95
8
96
4
40
0.0
40
0.0
40
0.0
40
0.0
40
1.0
40
1.0
40
1.0
40
1.0
10
5376.0497237569
20
2028.8674033149
10
5380.8011049724
20
2047.9005524862
10
5395.4696132597
20
2064.6408839779
10
5409.6408839779
20
2076.546961326
72
4
94
2
73
0
74
0
95
6
96
3
40
0.0
40
0.0
40
0.0
40
1.0
40
1.0
40
1.0
10
5409.6408839779
20
2076.546961326
10
5426.9613259669
20
2091.1325966851
10
5447.679558011
20
2095.635359116
72
1
10
5447.679558011
20
2095.635359116
11
5447.6795580111
21
2095.635359116
72
4
94
3
73
0
74
0
95
8
96
4
40
0.0
40
0.0
40
0.0
40
0.0
40
1.0
40
1.0
40
1.0
40
1.0
10
5447.6795580111
20
2095.635359116
10
5449.3135546742
20
2095.9841898643
10
5450.9719532161
20
2096.1509561982
10
5452.6243093923
20
2096.1325966851
72
4
94
2
73
0
74
0
95
6
96
3
40
0.0
40
0.0
40
0.0
40
1.0
40
1.0
40
1.0
10
5452.6243093923
20
2096.1325966851
10
5603.6187845304
20
2094.1988950276
10
5691.6850828729
20
2094.9447513812
72
4
94
2
73
0
74
0
95
6
96
3
40
0.0
40
0.0
40
0.0
40
1.0
40
1.0
40
1.0
10
5691.6850828729
20
2094.9447513812
10
5711.408839779
20
2095.1104972376
10
5719.3922651934
20
2091.3535911602
72
4
94
3
73
0
74
0
95
8
96
4
40
0.0
40
0.0
40
0.0
40
0.0
40
1.0
40
1.0
40
1.0
40
1.0
10
5719.3922651934
20
2091.3535911602
10
5733.5635359116
20
2084.6961325967
10
5747.2651933702
20
2070.1657458564
10
5747.4585635359
20
2053.1491712707
72
4
94
2
73
0
74
0
95
6
96
3
40
0.0
40
0.0
40
0.0
40
1.0
40
1.0
40
1.0
10
5747.4585635359
20
2053.1491712707
10
5747.6243093923
20
2040.6906077348
10
5742.7900552486
20
2020.2209944751
72
4
94
2
73
0
74
0
95
6
96
3
40
0.0
40
0.0
40
0.0
40
1.0
40
1.0
40
1.0
10
5742.7900552486
20
2020.2209944751
10
5734.4198895028
20
1984.5303867403
10
5718.9502762431
20
1911.3259668508
72
1
10
5718.9502762431
20
1911.3259668508
11
5718.9502762431
21
1911.3259668508
72
4
94
3
73
0
74
0
95
8
96
4
40
0.0
40
0.0
40
0.0
40
0.0
40
1.0
40
1.0
40
1.0
40
1.0
10
5718.9502762431
20
1911.3259668508
10
5718.8217774538
20
1910.6834729045
10
5718.2552413779
20
1910.2209944751
10
5717.5966850829
20
1910.2209944751
72
1
10
5717.5966850829
20
1910.2209944751
11
5571.9889502762
21
1911.270718232
72
4
94
3
73
0
74
0
95
8
96
4
40
0.0
40
0.0
40
0.0
40
0.0
40
1.0
40
1.0
40
1.0
40
1.0
10
5571.9889502762
20
1911.270718232
10
5571.6931363915
20
1911.2775976247
10
5571.4151813092
20
1911.4134941039
10
5571.2289481217
20
1911.6422948771
72
4
94
3
73
0
74
0
95
8
96
4
40
0.0
40
0.0
40
0.0
40
0.0
40
1.0
40
1.0
40
1.0
40
1.0
10
5571.2289481217
20
1911.6422948771
10
5571.0427149341
20
1911.8710956504
10
5570.9670643062
20
1912.1696290438
10
5571.0220994475
20
1912.4585635359
72
1
10
5571.0220994475
20
1912.4585635359
11
5582.2375690608
21
1968.9226519337
72
1
10
5582.2375690608
20
1968.9226519337
11
5582.2375690608
21
1968.9226519337
72
4
94
3
73
0
74
0
95
8
96
4
40
0.0
40
0.0
40
0.0
40
0.0
40
1.0
40
1.0
40
1.0
40
1.0
10
5582.2375690608
20
1968.9226519337
10
5582.5421346758
20
1970.473167792
10
5582.1555881407
20
1972.0794039443
10
5581.1790026369
20
1973.3213659436
72
4
94
3
73
0
74
0
95
8
96
4
40
0.0
40
0.0
40
0.0
40
0.0
40
1.0
40
1.0
40
1.0
40
1.0
10
5581.1790026369
20
1973.3213659436
10
5580.2024171331
20
1974.563327943
10
5578.7328997741
20
1975.3175208735
10
5577.1546961326
20
1975.3867403315
72
1
10
5577.1546961326
20
1975.3867403315
11
5517.7348066298
21
1977.9834254144
72
1
10
5517.7348066298
20
1977.9834254144
11
5517.7348066298
21
1977.9834254144
72
4
94
3
73
0
74
0
95
8
96
4
40
0.0
40
0.0
40
0.0
40
0.0
40
1.0
40
1.0
40
1.0
40
1.0
10
5517.7348066298
20
1977.9834254144
10
5517.0252125413
20
1978.0198148548
10
5516.3085637641
20
1977.8972301956
10
5515.635359116
20
1977.6243093923
72
4
94
2
73
0
74
0
95
6
96
3
40
0.0
40
0.0
40
0.0
40
1.0
40
1.0
40
1.0
10
5515.635359116
20
1977.6243093923
10
5508.5082872928
20
1974.7237569061
10
5506.0220994475
20
1966.2154696133
72
4
94
2
73
0
74
0
95
6
96
3
40
0.0
40
0.0
40
0.0
40
1.0
40
1.0
40
1.0
10
5506.0220994475
20
1966.2154696133
10
5495.4972375691
20
1930.3867403315
10
5475.4972375691
20
1854.8895027624
72
1
10
5475.4972375691
20
1854.8895027624
11
5475.4972375691
21
1854.8895027624
72
4
94
3
73
0
74
0
95
8
96
4
40
0.0
40
0.0
40
0.0
40
0.0
40
1.0
40
1.0
40
1.0
40
1.0
10
5475.4972375691
20
1854.8895027624
10
5475.2229198821
20
1853.8766374566
10
5475.3945753525
20
1852.7946118545
10
5475.9692580017
20
1851.9141347681
72
4
94
3
73
0
74
0
95
8
96
4
40
0.0
40
0.0
40
0.0
40
0.0
40
1.0
40
1.0
40
1.0
40
1.0
10
5475.9692580017
20
1851.9141347681
10
5476.5439406509
20
1851.0336576817
10
5477.4672868396
20
1850.4380201914
10
5478.5082872928
20
1850.2762430939
72
4
94
2
73
0
74
0
95
6
96
3
40
0.0
40
0.0
40
0.0
40
1.0
40
1.0
40
1.0
10
5478.5082872928
20
1850.2762430939
10
5489.5303867403
20
1848.5082872928
10
5501.3812154696
20
1848.2320441989
72
4
94
2
73
0
74
0
95
6
96
3
40
0.0
40
0.0
40
0.0
40
1.0
40
1.0
40
1.0
10
5501.3812154696
20
1848.2320441989
10
5547.5414364641
20
1847.1270718232
10
5643.4254143646
20
1845.1657458564
72
4
94
2
73
0
74
0
95
6
96
3
40
0.0
40
0.0
40
0.0
40
1.0
40
1.0
40
1.0
10
5643.4254143646
20
1845.1657458564
10
5651.8784530387
20
1845.0
10
5661.3259668508
20
1835.8839779006
72
4
94
2
73
0
74
0
95
6
96
3
40
0.0
40
0.0
40
0.0
40
1.0
40
1.0
40
1.0
10
5661.3259668508
20
1835.8839779006
10
5679.5027624309
20
1818.3977900552
10
5679.9723756906
20
1793.2872928177
72
1
10
5679.9723756906
20
1793.2872928177
11
5679.9723756906
21
1793.2872928177
72
4
94
3
73
0
74
0
95
8
96
4
40
0.0
40
0.0
40
0.0
40
0.0
40
1.0
40
1.0
40
1.0
40
1.0
10
5679.9723756906
20
1793.2872928177
10
5679.9907202588
20
1792.0948958828
10
5679.8608038826
20
1790.9070890139
10
5679.5856353591
20
1789.7513812155
72
4
94
3
73
0
74
0
95
8
96
4
40
0.0
40
0.0
40
0.0
40
0.0
40
1.0
40
1.0
40
1.0
40
1.0
10
5679.5856353591
20
1789.7513812155
10
5655.6629834254
20
1692.2928176796
10
5637.0165745856
20
1619.9447513812
10
5620.8563535912
20
1544.9447513812
72
4
94
2
73
0
74
0
95
6
96
3
40
0.0
40
0.0
40
0.0
40
1.0
40
1.0
40
1.0
10
5620.8563535912
20
1544.9447513812
10
5619.0883977901
20
1536.8508287293
10
5609.9171270718
20
1524.0331491713
72
4
94
2
73
0
74
0
95
6
96
3
40
0.0
40
0.0
40
0.0
40
1.0
40
1.0
40
1.0
10
5609.9171270718
20
1524.0331491713
10
5594.2817679558
20
1502.2651933702
10
5570.138121547
20
1487.8729281768
72
4
94
3
73
0
74
0
95
8
96
4
40
0.0
40
0.0
40
0.0
40
0.0
40
1.0
40
1.0
40
1.0
40
1.0
10
5570.138121547
20
1487.8729281768
10
5563.8121546961
20
1484.1160220994
10
5558.591160221
20
1482.4585635359
10
5550.8287292818
20
1482.3480662983
72
4
94
2
73
0
74
0
95
6
96
3
40
0.0
40
0.0
40
0.0
40
1.0
40
1.0
40
1.0
10
5550.8287292818
20
1482.3480662983
10
5394.7790055249
20
1480.2762430939
10
5328.1491712707
20
1478.3425414365
72
4
94
2
73
0
74
0
95
6
96
3
40
0.0
40
0.0
40
0.0
40
1.0
40
1.0
40
1.0
10
5328.1491712707
20
1478.3425414365
10
5304.4475138122
20
1477.679558011
10
5295.138121547
20
1480.9944751381
72
4
94
3
73
0
74
0
95
8
96
4
40
0.0
40
0.0
40
0.0
40
0.0
40
1.0
40
1.0
40
1.0
40
1.0
10
5295.138121547
20
1480.9944751381
10
5270.1657458564
20
1489.9447513812
10
5247.320441989
20
1516.4640883978
10
5253.1215469613
20
1545.5524861878
72
4
94
2
73
0
74
0
95
6
96
3
40
0.0
40
0.0
40
0.0
40
1.0
40
1.0
40
1.0
10
5253.1215469613
20
1545.5524861878
10
5268.6740331492
20
1623.7016574586
10
5276.7679558011
20
1673.1767955801
72
4
94
3
73
0
74
0
95
8
96
4
40
0.0
40
0.0
40
0.0
40
0.0
40
1.0
40
1.0
40
1.0
40
1.0
10
5276.7679558011
20
1673.1767955801
10
5276.8627077292
20
1673.7926831125
10
5277.3951621914
20
1674.242311325
10
5278.0110497238
20
1674.226519337
72
1
10
5278.0110497238
20
1674.226519337
11
5424.0883977901
21
1670.6906077348
72
4
94
3
73
0
74
0
95
8
96
4
40
0.0
40
0.0
40
0.0
40
0.0
40
1.0
40
1.0
40
1.0
40
1.0
10
5424.0883977901
20
1670.6906077348
10
5424.4944526469
20
1670.6766058432
10
5424.875163188
20
1670.4901293016
10
5425.1340130035
20
1670.1784529933
72
4
94
3
73
0
74
0
95
8
96
4
40
0.0
40
0.0
40
0.0
40
0.0
40
1.0
40
1.0
40
1.0
40
1.0
10
5425.1340130035
20
1670.1784529933
10
5425.3928628189
20
1669.8667766849
10
5425.5049974625
20
1669.4598273917
10
5425.4419889503
20
1669.0607734807
97
0
75
0
76
1
98
0
0
HATCH
5
3c7
100
AcDbEntity
8
Layer 6
6
ByLayer
370
-1
62
256
100
AcDbHatch
10
0
20
0
30
0
210
0
220
0
230
1
2
FILL_967
70
1
71
0
91
2
92
0
93
37
72
4
94
2
73
0
74
0
95
6
96
3
40
0.0
40
0.0
40
0.0
40
1.0
40
1.0
40
1.0
10
2162.2928176796
20
2321.270718232
10
2161.546961326
20
2319.8342541436
10
2161.7679558011
20
2318.2596685083
72
4
94
2
73
0
74
0
95
6
96
3
40
0.0
40
0.0
40
0.0
40
1.0
40
1.0
40
1.0
10
2161.7679558011
20
2318.2596685083
10
2161.6022099448
20
2317.8729281768
10
2161.4364640884
20
2317.5138121547
72
4
94
2
73
0
74
0
95
6
96
3
40
0.0
40
0.0
40
0.0
40
1.0
40
1.0
40
1.0
10
2161.4364640884
20
2317.5138121547
10
2157.4861878453
20
2310.1657458564
10
2156.2430939227
20
2301.8508287293
72
4
94
2
73
0
74
0
95
6
96
3
40
0.0
40
0.0
40
0.0
40
1.0
40
1.0
40
1.0
10
2156.2430939227
20
2301.8508287293
10
2155.6077348066
20
2301.1325966851
10
2155.8563535912
20
2300.3591160221
72
4
94
2
73
0
74
0
95
6
96
3
40
0.0
40
0.0
40
0.0
40
1.0
40
1.0
40
1.0
10
2155.8563535912
20
2300.3591160221
10
2151.8232044199
20
2292.5138121547
10
2150.5248618785
20
2283.9226519337
72
4
94
2
73
0
74
0
95
6
96
3
40
0.0
40
0.0
40
0.0
40
1.0
40
1.0
40
1.0
10
2150.5248618785
20
2283.9226519337
10
2148.0110497238
20
2279.5856353591
10
2147.7900552486
20
2274.1988950276
72
4
94
2
73
0
74
0
95
6
96
3
40
0.0
40
0.0
40
0.0
40
1.0
40
1.0
40
1.0
10
2147.7900552486
20
2274.1988950276
10
2145.5248618785
20
2270.5524861878
10
2145.2209944751
20
2265.7182320442
72
4
94
2
73
0
74
0
95
6
96
3
40
0.0
40
0.0
40
0.0
40
1.0
40
1.0
40
1.0
10
2145.2209944751
20
2265.7182320442
10
2145.0276243094
20
2265.5524861878
10
2144.861878453
20
2265.3591160221
72
4
94
2
73
0
74
0
95
6
96
3
40
0.0
40
0.0
40
0.0
40
1.0
40
1.0
40
1.0
10
2144.861878453
20
2265.3591160221
10
2142.7900552486
20
2261.3259668508
10
2142.320441989
20
2256.2154696133
72
1
10
2142.320441989
20
2256.2154696133
11
2140.6077348066
21
2251.270718232
72
1
10
2140.6077348066
20
2251.270718232
11
2138.0110497238
21
2242.4861878453
72
1
10
2138.0110497238
20
2242.4861878453
11
2130.9944751381
21
2218.3701657459
72
4
94
2
73
0
74
0
95
6
96
3
40
0.0
40
0.0
40
0.0
40
1.0
40
1.0
40
1.0
10
2130.9944751381
20
2218.3701657459
10
2128.2044198895
20
2215.0276243094
10
2128.6187845304
20
2210.4419889503
72
1
10
2128.6187845304
20
2210.4419889503
11
2125.6077348066
21
2200.9944751381
72
4
94
2
73
0
74
0
95
6
96
3
40
0.0
40
0.0
40
0.0
40
1.0
40
1.0
40
1.0
10
2125.6077348066
20
2200.9944751381
10
2122.9834254144
20
2197.044198895
10
2123.0110497238
20
2192.7624309392
72
1
10
2123.0110497238
20
2192.7624309392
11
2122.4861878453
21
2190.5524861878
72
4
94
2
73
0
74
0
95
6
96
3
40
0.0
40
0.0
40
0.0
40
1.0
40
1.0
40
1.0
10
2122.4861878453
20
2190.5524861878
10
2117.817679558
20
2183.591160221
10
2109.1160220994
20
2183.7845303867
72
4
94
2
73
0
74
0
95
6
96
3
40
0.0
40
0.0
40
0.0
40
1.0
40
1.0
40
1.0
10
2109.1160220994
20
2183.7845303867
10
2080.1104972376
20
2184.3922651934
10
2051.0497237569
20
2183.3701657459
72
1
10
2051.0497237569
20
2183.3701657459
11
2013.6464088398
21
2183.3977900552
72
1
10
2013.6464088398
20
2183.3977900552
11
1865.5248618785
21
2184.9171270718
72
4
94
2
73
0
74
0
95
6
96
3
40
0.0
40
0.0
40
0.0
40
1.0
40
1.0
40
1.0
10
1865.5248618785
20
2184.9171270718
10
1865.5248618785
20
2185.9668508287
10
1865.8011049724
20
2186.8784530387
72
4
94
3
73
0
74
0
95
8
96
4
40
0.0
40
0.0
40
0.0
40
0.0
40
1.0
40
1.0
40
1.0
40
1.0
10
1865.8011049724
20
2186.8784530387
10
1910.7458563536
20
2340.6629834254
10
1955.1657458564
20
2494.6132596685
10
2000.9392265193
20
2648.1491712707
72
4
94
2
73
0
74
0
95
6
96
3
40
0.0
40
0.0
40
0.0
40
1.0
40
1.0
40
1.0
10
2000.9392265193
20
2648.1491712707
10
2008.3977900552
20
2673.1767955801
10
1995.3591160221
20
2696.9889502762
72
4
94
2
73
0
74
0
95
6
96
3
40
0.0
40
0.0
40
0.0
40
1.0
40
1.0
40
1.0
10
1995.3591160221
20
2696.9889502762
10
1997.7900552486
20
2699.7237569061
10
2001.6298342541
20
2701.9060773481
72
4
94
2
73
0
74
0
95
6
96
3
40
0.0
40
0.0
40
0.0
40
1.0
40
1.0
40
1.0
10
2001.6298342541
20
2701.9060773481
10
2031.0220994475
20
2701.7955801105
10
2060.773480663
20
2701.6298342541
72
4
94
2
73
0
74
0
95
6
96
3
40
0.0
40
0.0
40
0.0
40
1.0
40
1.0
40
1.0
10
2060.773480663
20
2701.6298342541
10
2460.2762430939
20
2699.1160220994
10
2547.0994475138
20
2698.7016574586
72
4
94
2
73
0
74
0
95
6
96
3
40
0.0
40
0.0
40
0.0
40
1.0
40
1.0
40
1.0
10
2547.0994475138
20
2698.7016574586
10
2579.861878453
20
2698.5635359116
10
2593.1215469613
20
2694.3370165746
72
4
94
3
73
0
74
0
95
8
96
4
40
0.0
40
0.0
40
0.0
40
0.0
40
1.0
40
1.0
40
1.0
40
1.0
10
2593.1215469613
20
2694.3370165746
10
2622.817679558
20
2684.9171270718
10
2647.4585635359
20
2661.1049723757
10
2650.7458563536
20
2628.2872928177
72
4
94
2
73
0
74
0
95
6
96
3
40
0.0
40
0.0
40
0.0
40
1.0
40
1.0
40
1.0
10
2650.7458563536
20
2628.2872928177
10
2651.8508287293
20
2617.3480662983
10
2645.635359116
20
2597.3756906077
72
4
94
2
73
0
74
0
95
6
96
3
40
0.0
40
0.0
40
0.0
40
1.0
40
1.0
40
1.0
10
2645.635359116
20
2597.3756906077
10
2635.7458563536
20
2565.6906077348
10
2590.0
20
2410.6077348066
72
4
94
3
73
0
74
0
95
8
96
4
40
0.0
40
0.0
40
0.0
40
0.0
40
1.0
40
1.0
40
1.0
40
1.0
10
2590.0
20
2410.6077348066
10
2578.6187845304
20
2372.0994475138
10
2518.8121546961
20
2339.1160220994
10
2481.7955801105
20
2332.7071823204
72
4
94
2
73
0
74
0
95
6
96
3
40
0.0
40
0.0
40
0.0
40
1.0
40
1.0
40
1.0
10
2481.7955801105
20
2332.7071823204
10
2474.0607734807
20
2331.3535911602
10
2460.0552486188
20
2331.3259668508
72
4
94
2
73
0
74
0
95
6
96
3
40
0.0
40
0.0
40
0.0
40
1.0
40
1.0
40
1.0
10
2460.0552486188
20
2331.3259668508
10
2306.9060773481
20
2331.0497237569
10
2196.1878453039
20
2329.861878453
72
4
94
2
73
0
74
0
95
6
96
3
40
0.0
40
0.0
40
0.0
40
1.0
40
1.0
40
1.0
10
2196.1878453039
20
2329.861878453
10
2181.9613259669
20
2329.7237569061
10
2167.7900552486
20
2328.9226519337
72
1
10
2167.7900552486
20
2328.9226519337
11
2167.7900552486
21
2328.9226519337
72
4
94
3
73
0
74
0
95
8
96
4
40
0.0
40
0.0
40
0.0
40
0.0
40
1.0
40
1.0
40
1.0
40
1.0
10
2167.7900552486
20
2328.9226519337
10
2166.899134847
20
2328.8712526798
10
2166.1018017663
20
2328.3571826673
10
2165.6906077348
20
2327.5690607735
72
1
10
2165.6906077348
20
2327.5690607735
11
2162.2928176796
21
2321.270718232
97
0
92
0
93
17
72
4
94
2
73
0
74
0
95
6
96
3
40
0.0
40
0.0
40
0.0
40
1.0
40
1.0
40
1.0
10
2211.2154696133
20
2487.5138121547
10
2208.7845303867
20
2484.4475138122
10
2208.8674033149
20
2479.9723756906
72
1
10
2208.8674033149
20
2479.9723756906
11
2206.9337016575
21
2472.955801105
72
4
94
2
73
0
74
0
95
6
96
3
40
0.0
40
0.0
40
0.0
40
1.0
40
1.0
40
1.0
10
2206.9337016575
20
2472.955801105
10
2204.1712707182
20
2468.3701657459
10
2204.0331491713
20
2463.3701657459
72
1
10
2204.0331491713
20
2463.3701657459
11
2203.9779005525
21
2458.8121546961
72
4
94
3
73
0
74
0
95
8
96
4
40
0.0
40
0.0
40
0.0
40
0.0
40
1.0
40
1.0
40
1.0
40
1.0
10
2203.9779005525
20
2458.8121546961
10
2203.9706101013
20
2458.2945326653
10
2204.1740323589
20
2457.7955926958
10
2204.542651007
20
2457.4269740476
72
4
94
3
73
0
74
0
95
8
96
4
40
0.0
40
0.0
40
0.0
40
0.0
40
1.0
40
1.0
40
1.0
40
1.0
10
2204.542651007
20
2457.4269740476
10
2204.9112696552
20
2457.0583553995
10
2205.4143140374
20
2456.8508287293
10
2205.9392265193
20
2456.8508287293
72
4
94
2
73
0
74
0
95
6
96
3
40
0.0
40
0.0
40
0.0
40
1.0
40
1.0
40
1.0
10
2205.9392265193
20
2456.8508287293
10
2271.0773480663
20
2457.2651933702
10
2339.0883977901
20
2458.5635359116
72
4
94
2
73
0
74
0
95
6
96
3
40
0.0
40
0.0
40
0.0
40
1.0
40
1.0
40
1.0
10
2339.0883977901
20
2458.5635359116
10
2352.2651933702
20
2458.8121546961
10
2358.3425414365
20
2471.1325966851
72
4
94
2
73
0
74
0
95
6
96
3
40
0.0
40
0.0
40
0.0
40
1.0
40
1.0
40
1.0
10
2358.3425414365
20
2471.1325966851
10
2374.5027624309
20
2504.0055248619
10
2381.7403314917
20
2539.4751381215
72
4
94
3
73
0
74
0
95
8
96
4
40
0.0
40
0.0
40
0.0
40
0.0
40
1.0
40
1.0
40
1.0
40
1.0
10
2381.7403314917
20
2539.4751381215
10
2381.9952754869
20
2540.6588066707
10
2381.9952754869
20
2541.8920438174
10
2381.7403314917
20
2543.0939226519
72
4
94
2
73
0
74
0
95
6
96
3
40
0.0
40
0.0
40
0.0
40
1.0
40
1.0
40
1.0
10
2381.7403314917
20
2543.0939226519
10
2380.8563535912
20
2547.5414364641
10
2381.0220994475
20
2550.9668508287
72
4
94
3
73
0
74
0
95
8
96
4
40
0.0
40
0.0
40
0.0
40
0.0
40
1.0
40
1.0
40
1.0
40
1.0
10
2381.0220994475
20
2550.9668508287
10
2381.4364640884
20
2560.0
10
2374.4751381215
20
2564.4475138122
10
2366.546961326
20
2566.6850828729
72
1
10
2366.546961326
20
2566.6850828729
11
2366.546961326
21
2566.6850828729
72
4
94
3
73
0
74
0
95
8
96
4
40
0.0
40
0.0
40
0.0
40
0.0
40
1.0
40
1.0
40
1.0
40
1.0
10
2366.546961326
20
2566.6850828729
10
2366.1442176688
20
2566.813228582
10
2365.7249175904
20
2566.8784530387
10
2365.3038674033
20
2566.8784530387
72
1
10
2365.3038674033
20
2566.8784530387
11
2235.635359116
21
2567.182320442
72
4
94
3
73
0
74
0
95
8
96
4
40
0.0
40
0.0
40
0.0
40
0.0
40
1.0
40
1.0
40
1.0
40
1.0
10
2235.635359116
20
2567.182320442
10
2234.8641274609
20
2567.182320442
10
2234.1800048212
20
2566.666424681
10
2233.9502762431
20
2565.9116022099
72
1
10
2233.9502762431
20
2565.9116022099
11
2211.2154696133
21
2487.5138121547
97
0
75
0
76
1
98
0
0
HATCH
5
3e9
100
AcDbEntity
8
Layer 6
6
ByLayer
370
-1
62
256
100
AcDbHatch
10
0
20
0
30
0
210
0
220
0
230
1
2
FILL_1001
70
1
71
0
91
1
92
0
93
33
72
1
10
3300.3867403315
20
2187.7900552486
11
3297.7624309392
21
2184.9171270718
72
1
10
3297.7624309392
20
2184.9171270718
11
3041.3812154696
21
2184.1712707182
72
1
10
3041.3812154696
20
2184.1712707182
11
3038.7845303867
21
2185.0828729282
72
1
10
3038.7845303867
20
2185.0828729282
11
3038.1215469613
21
2185.5801104972
72
1
10
3038.1215469613
20
2185.5801104972
11
3038.1215469613
21
2185.5801104972
72
4
94
3
73
0
74
0
95
8
96
4
40
0.0
40
0.0
40
0.0
40
0.0
40
1.0
40
1.0
40
1.0
40
1.0
10
3038.1215469613
20
2185.5801104972
10
3037.994740509
20
2185.6888017421
10
3037.8996494898
20
2185.8219291689
10
3037.8453038674
20
2185.9668508287
72
1
10
3037.8453038674
20
2185.9668508287
11
2989.8342541436
21
2340.4419889503
72
1
10
2989.8342541436
20
2340.4419889503
11
2989.8342541436
21
2340.4419889503
72
4
94
3
73
0
74
0
95
8
96
4
40
0.0
40
0.0
40
0.0
40
0.0
40
1.0
40
1.0
40
1.0
40
1.0
10
2989.8342541436
20
2340.4419889503
10
2989.5864279293
20
2341.2185110887
10
2988.8758639762
20
2341.7514340535
10
2988.0662983425
20
2341.7679558011
72
1
10
2988.0662983425
20
2341.7679558011
11
2911.8784530387
21
2342.679558011
72
4
94
3
73
0
74
0
95
8
96
4
40
0.0
40
0.0
40
0.0
40
0.0
40
1.0
40
1.0
40
1.0
40
1.0
10
2911.8784530387
20
2342.679558011
10
2909.2769881658
20
2342.7122808396
10
2906.9680946708
20
2341.022846575
10
2906.2154696133
20
2338.5359116022
72
1
10
2906.2154696133
20
2338.5359116022
11
2861.0773480663
21
2189.7513812155
72
4
94
3
73
0
74
0
95
8
96
4
40
0.0
40
0.0
40
0.0
40
0.0
40
1.0
40
1.0
40
1.0
40
1.0
10
2861.0773480663
20
2189.7513812155
10
2860.862198256
20
2189.0893817993
10
2860.2531104367
20
2188.6353345158
10
2859.5580110497
20
2188.6187845304
72
1
10
2859.5580110497
20
2188.6187845304
11
2606.3535911602
21
2186.4640883978
72
1
10
2606.3535911602
20
2186.4640883978
11
2606.3535911602
21
2186.4640883978
72
4
94
3
73
0
74
0
95
8
96
4
40
0.0
40
0.0
40
0.0
40
0.0
40
1.0
40
1.0
40
1.0
40
1.0
10
2606.3535911602
20
2186.4640883978
10
2606.1382550933
20
2186.4640883978
10
2605.9348322361
20
2186.5631871834
10
2605.8044393579
20
2186.7316113177
72
4
94
3
73
0
74
0
95
8
96
4
40
0.0
40
0.0
40
0.0
40
0.0
40
1.0
40
1.0
40
1.0
40
1.0
10
2605.8044393579
20
2186.7316113177
10
2605.6740464798
20
2186.900035452
10
2605.6318797166
20
2187.1181565927
10
2605.6906077348
20
2187.3204419889
72
4
94
2
73
0
74
0
95
6
96
3
40
0.0
40
0.0
40
0.0
40
1.0
40
1.0
40
1.0
10
2605.6906077348
20
2187.3204419889
10
2636.9337016575
20
2293.1491712707
10
2715.7458563536
20
2557.7071823204
72
4
94
2
73
0
74
0
95
6
96
3
40
0.0
40
0.0
40
0.0
40
1.0
40
1.0
40
1.0
10
2715.7458563536
20
2557.7071823204
10
2728.8121546961
20
2601.546961326
10
2740.1657458564
20
2641.1878453039
72
4
94
3
73
0
74
0
95
8
96
4
40
0.0
40
0.0
40
0.0
40
0.0
40
1.0
40
1.0
40
1.0
40
1.0
10
2740.1657458564
20
2641.1878453039
10
2745.8011049724
20
2660.8563535912
10
2747.4585635359
20
2681.7955801105
10
2733.591160221
20
2698.591160221
72
4
94
2
73
0
74
0
95
6
96
3
40
0.0
40
0.0
40
0.0
40
1.0
40
1.0
40
1.0
10
2733.591160221
20
2698.591160221
10
2736.8508287293
20
2701.7955801105
10
2739.3370165746
20
2701.8784530387
72
4
94
2
73
0
74
0
95
6
96
3
40
0.0
40
0.0
40
0.0
40
1.0
40
1.0
40
1.0
10
2739.3370165746
20
2701.8784530387
10
2856.1602209945
20
2702.4585635359
10
2973.0662983425
20
2701.4917127072
72
4
94
2
73
0
74
0
95
6
96
3
40
0.0
40
0.0
40
0.0
40
1.0
40
1.0
40
1.0
10
2973.0662983425
20
2701.4917127072
10
3159.6961325967
20
2699.9447513812
10
3284.7237569061
20
2699.9723756906
72
4
94
2
73
0
74
0
95
6
96
3
40
0.0
40
0.0
40
0.0
40
1.0
40
1.0
40
1.0
10
3284.7237569061
20
2699.9723756906
10
3305.4419889503
20
2699.9723756906
10
3316.6574585635
20
2697.2375690608
72
4
94
3
73
0
74
0
95
8
96
4
40
0.0
40
0.0
40
0.0
40
0.0
40
1.0
40
1.0
40
1.0
40
1.0
10
3316.6574585635
20
2697.2375690608
10
3356.9060773481
20
2687.4309392265
10
3393.8674033149
20
2657.817679558
10
3390.8839779006
20
2612.7624309392
72
4
94
3
73
0
74
0
95
8
96
4
40
0.0
40
0.0
40
0.0
40
0.0
40
1.0
40
1.0
40
1.0
40
1.0
10
3390.8839779006
20
2612.7624309392
10
3390.8289494855
20
2611.8086050782
10
3390.6526009024
20
2610.8618916322
10
3390.3591160221
20
2609.9447513812
72
4
94
2
73
0
74
0
95
6
96
3
40
0.0
40
0.0
40
0.0
40
1.0
40
1.0
40
1.0
10
3390.3591160221
20
2609.9447513812
10
3357.3480662983
20
2507.7348066298
10
3338.9779005525
20
2447.2375690608
72
4
94
2
73
0
74
0
95
6
96
3
40
0.0
40
0.0
40
0.0
40
1.0
40
1.0
40
1.0
10
3338.9779005525
20
2447.2375690608
10
3331.4917127072
20
2422.5966850829
10
3324.7237569061
20
2412.1270718232
72
4
94
3
73
0
74
0
95
8
96
4
40
0.0
40
0.0
40
0.0
40
0.0
40
1.0
40
1.0
40
1.0
40
1.0
10
3324.7237569061
20
2412.1270718232
10
3309.0055248619
20
2387.8729281768
10
3276.0773480663
20
2360.0276243094
10
3246.3259668508
20
2356.1049723757
72
1
10
3246.3259668508
20
2356.1049723757
11
3246.3259668508
21
2356.1049723757
72
4
94
3
73
0
74
0
95
8
96
4
40
0.0
40
0.0
40
0.0
40
0.0
40
1.0
40
1.0
40
1.0
40
1.0
10
3246.3259668508
20
2356.1049723757
10
3245.8493857163
20
2356.0436976584
10
3245.4249596453
20
2355.7731004526
10
3245.168476882
20
2355.367002744
72
4
94
3
73
0
74
0
95
8
96
4
40
0.0
40
0.0
40
0.0
40
0.0
40
1.0
40
1.0
40
1.0
40
1.0
10
3245.168476882
20
2355.367002744
10
3244.9119941187
20
2354.9609050354
10
3244.8502173577
20
2354.4616810906
10
3245.0
20
2354.0055248619
72
1
10
3245.0
20
2354.0055248619
11
3300.3867403315
21
2187.7900552486
97
0
75
0
76
1
98
0
0
HATCH
5
3fd
100
AcDbEntity
8
Layer 6
6
ByLayer
370
-1
62
256
100
AcDbHatch
10
0
20
0
30
0
210
0
220
0
230
1
2
FILL_1021
70
1
71
0
91
1
92
0
93
19
72
4
94
2
73
0
74
0
95
6
96
3
40
0.0
40
0.0
40
0.0
40
1.0
40
1.0
40
1.0
10
3919.226519337
20
2184.9171270718
10
3918.5635359116
20
2184.861878453
10
3913.7569060773
20
2185.8839779006
72
1
10
3913.7569060773
20
2185.8839779006
11
3913.7569060773
21
2185.8839779006
72
4
94
3
73
0
74
0
95
8
96
4
40
0.0
40
0.0
40
0.0
40
0.0
40
1.0
40
1.0
40
1.0
40
1.0
10
3913.7569060773
20
2185.8839779006
10
3912.9302180131
20
2186.0493155134
10
3912.0974062963
20
2186.1325966851
10
3911.270718232
20
2186.1325966851
72
4
94
2
73
0
74
0
95
6
96
3
40
0.0
40
0.0
40
0.0
40
1.0
40
1.0
40
1.0
10
3911.270718232
20
2186.1325966851
10
3704.5303867403
20
2186.5193370166
10
3481.2154696133
20
2184.9171270718
72
4
94
3
73
0
74
0
95
8
96
4
40
0.0
40
0.0
40
0.0
40
0.0
40
1.0
40
1.0
40
1.0
40
1.0
10
3481.2154696133
20
2184.9171270718
10
3468.9502762431
20
2184.8342541436
10
3453.6464088398
20
2186.7127071823
10
3443.4806629834
20
2189.3370165746
72
4
94
3
73
0
74
0
95
8
96
4
40
0.0
40
0.0
40
0.0
40
0.0
40
1.0
40
1.0
40
1.0
40
1.0
10
3443.4806629834
20
2189.3370165746
10
3409.6408839779
20
2198.0386740331
10
3376.7955801105
20
2225.0276243094
10
3376.6298342541
20
2262.3756906077
72
1
10
3376.6298342541
20
2262.3756906077
11
3376.6298342541
21
2262.3756906077
72
4
94
3
73
0
74
0
95
8
96
4
40
0.0
40
0.0
40
0.0
40
0.0
40
1.0
40
1.0
40
1.0
40
1.0
10
3376.6298342541
20
2262.3756906077
10
3376.6115303913
20
2263.455618518
10
3376.7606575354
20
2264.5274698663
10
3377.0718232044
20
2265.5524861878
72
4
94
2
73
0
74
0
95
6
96
3
40
0.0
40
0.0
40
0.0
40
1.0
40
1.0
40
1.0
10
3377.0718232044
20
2265.5524861878
10
3438.8397790055
20
2475.0
10
3466.8508287293
20
2575.7458563536
72
4
94
3
73
0
74
0
95
8
96
4
40
0.0
40
0.0
40
0.0
40
0.0
40
1.0
40
1.0
40
1.0
40
1.0
10
3466.8508287293
20
2575.7458563536
10
3469.4198895028
20
2585.0
10
3473.9226519337
20
2603.8397790055
10
3478.4254143646
20
2613.8397790055
72
4
94
3
73
0
74
0
95
8
96
4
40
0.0
40
0.0
40
0.0
40
0.0
40
1.0
40
1.0
40
1.0
40
1.0
10
3478.4254143646
20
2613.8397790055
10
3502.5690607735
20
2667.7071823204
10
3555.3867403315
20
2694.8342541436
10
3612.6519337017
20
2700.6906077348
72
4
94
3
73
0
74
0
95
8
96
4
40
0.0
40
0.0
40
0.0
40
0.0
40
1.0
40
1.0
40
1.0
40
1.0
10
3612.6519337017
20
2700.6906077348
10
3615.3591160221
20
2700.9668508287
10
3617.8453038674
20
2700.1104972376
10
3620.8839779006
20
2700.1104972376
72
4
94
2
73
0
74
0
95
6
96
3
40
0.0
40
0.0
40
0.0
40
1.0
40
1.0
40
1.0
10
3620.8839779006
20
2700.1104972376
10
3979.0607734807
20
2701.2430939227
10
4043.9779005525
20
2701.9060773481
72
4
94
2
73
0
74
0
95
6
96
3
40
0.0
40
0.0
40
0.0
40
1.0
40
1.0
40
1.0
10
4043.9779005525
20
2701.9060773481
10
4051.4640883978
20
2701.9889502762
10
4061.270718232
20
2700.635359116
72
4
94
3
73
0
74
0
95
8
96
4
40
0.0
40
0.0
40
0.0
40
0.0
40
1.0
40
1.0
40
1.0
40
1.0
10
4061.270718232
20
2700.635359116
10
4077.3756906077
20
2698.3977900552
10
4090.8839779006
20
2695.6629834254
10
4105.635359116
20
2688.6464088398
72
4
94
3
73
0
74
0
95
8
96
4
40
0.0
40
0.0
40
0.0
40
0.0
40
1.0
40
1.0
40
1.0
40
1.0
10
4105.635359116
20
2688.6464088398
10
4148.3425414365
20
2668.4254143646
10
4159.5580110497
20
2629.0883977901
10
4146.6574585635
20
2585.4419889503
72
4
94
2
73
0
74
0
95
6
96
3
40
0.0
40
0.0
40
0.0
40
1.0
40
1.0
40
1.0
10
4146.6574585635
20
2585.4419889503
10
4088.3701657459
20
2388.3701657459
10
4054.1712707182
20
2274.0055248619
72
4
94
2
73
0
74
0
95
6
96
3
40
0.0
40
0.0
40
0.0
40
1.0
40
1.0
40
1.0
10
4054.1712707182
20
2274.0055248619
10
4051.4917127072
20
2265.1104972376
10
4042.7900552486
20
2252.5966850829
72
4
94
3
73
0
74
0
95
8
96
4
40
0.0
40
0.0
40
0.0
40
0.0
40
1.0
40
1.0
40
1.0
40
1.0
10
4042.7900552486
20
2252.5966850829
10
4015.3038674033
20
2213.0662983425
10
3966.1602209945
20
2189.5027624309
10
3919.226519337
20
2184.9171270718
97
0
75
0
76
1
98
0
0
HATCH
5
40e
100
AcDbEntity
8
Layer 6
6
ByLayer
370
-1
62
256
100
AcDbHatch
10
0
20
0
30
0
210
0
220
0
230
1
2
FILL_1038
70
1
71
0
91
1
92
0
93
16
72
1
10
4231.1325966851
20
2252.4309392265
11
4233.8950276243
21
2278.591160221
72
1
10
4233.8950276243
20
2278.591160221
11
4233.8950276243
21
2278.591160221
72
4
94
3
73
0
74
0
95
8
96
4
40
0.0
40
0.0
40
0.0
40
0.0
40
1.0
40
1.0
40
1.0
40
1.0
10
4233.8950276243
20
2278.591160221
10
4234.0051634126
20
2279.5666486313
10
4234.8256165621
20
2280.3038674033
10
4235.8011049724
20
2280.3038674033
72
4
94
2
73
0
74
0
95
6
96
3
40
0.0
40
0.0
40
0.0
40
1.0
40
1.0
40
1.0
10
4235.8011049724
20
2280.3038674033
10
5322.6243093923
20
2284.0331491713
10
5580.8011049724
20
2285.138121547
72
4
94
2
73
0
74
0
95
6
96
3
40
0.0
40
0.0
40
0.0
40
1.0
40
1.0
40
1.0
10
5580.8011049724
20
2285.138121547
10
5629.7237569061
20
2285.3314917127
10
5703.2596685083
20
2286.9337016575
72
1
10
5703.2596685083
20
2286.9337016575
11
5703.2596685083
21
2286.9337016575
72
4
94
3
73
0
74
0
95
8
96
4
40
0.0
40
0.0
40
0.0
40
0.0
40
1.0
40
1.0
40
1.0
40
1.0
10
5703.2596685083
20
2286.9337016575
10
5703.5836673306
20
2286.9464074936
10
5703.8935457033
20
2286.800710647
10
5704.0911102932
20
2286.542779099
72
4
94
3
73
0
74
0
95
8
96
4
40
0.0
40
0.0
40
0.0
40
0.0
40
1.0
40
1.0
40
1.0
40
1.0
10
5704.0911102932
20
2286.542779099
10
5704.2886748831
20
2286.2848475511
10
5704.3494374177
20
2285.9466521022
10
5704.2541436464
20
2285.635359116
72
1
10
5704.2541436464
20
2285.635359116
11
5696.7127071823
21
2260.8287292818
72
4
94
3
73
0
74
0
95
8
96
4
40
0.0
40
0.0
40
0.0
40
0.0
40
1.0
40
1.0
40
1.0
40
1.0
10
5696.7127071823
20
2260.8287292818
10
5696.4837907886
20
2260.0275219039
10
5695.7510367917
20
2259.4751381215
10
5694.9171270718
20
2259.4751381215
72
4
94
2
73
0
74
0
95
6
96
3
40
0.0
40
0.0
40
0.0
40
1.0
40
1.0
40
1.0
10
5694.9171270718
20
2259.4751381215
10
5226.3259668508
20
2256.7679558011
10
4327.3756906077
20
2253.1767955801
72
4
94
2
73
0
74
0
95
6
96
3
40
0.0
40
0.0
40
0.0
40
1.0
40
1.0
40
1.0
10
4327.3756906077
20
2253.1767955801
10
4297.044198895
20
2253.0386740331
10
4232.4309392265
20
2251.0220994475
72
1
10
4232.4309392265
20
2251.0220994475
11
4232.4309392265
21
2251.0220994475
72
4
94
3
73
0
74
0
95
8
96
4
40
0.0
40
0.0
40
0.0
40
0.0
40
1.0
40
1.0
40
1.0
40
1.0
10
4232.4309392265
20
2251.0220994475
10
4232.0641237972
20
2251.0082573558
10
4231.7096189562
20
2251.1560090975
10
4231.4601517181
20
2251.42670759
72
4
94
3
73
0
74
0
95
8
96
4
40
0.0
40
0.0
40
0.0
40
0.0
40
1.0
40
1.0
40
1.0
40
1.0
10
4231.4601517181
20
2251.42670759
10
4231.2106844799
20
2251.6974060824
10
4231.0910704101
20
2252.0641237972
10
4231.1325966851
20
2252.4309392265
72
1
10
4231.1325966851
20
2252.4309392265
11
4231.1325966851
21
2252.4309392265
97
0
75
0
76
1
98
0
0
HATCH
5
41e
100
AcDbEntity
8
Layer 6
6
ByLayer
370
-1
62
256
100
AcDbHatch
10
0
20
0
30
0
210
0
220
0
230
1
2
FILL_1054
70
1
71
0
91
1
92
0
93
15
72
1
10
407.6243093923
20
2257.1270718232
11
407.6243093923
21
2257.1270718232
72
4
94
3
73
0
74
0
95
8
96
4
40
0.0
40
0.0
40
0.0
40
0.0
40
1.0
40
1.0
40
1.0
40
1.0
10
407.6243093923
20
2257.1270718232
10
407.4518697303
20
2257.1270718232
10
407.2882489207
20
2257.2036121474
10
407.176629516
20
2257.3364923909
72
4
94
3
73
0
74
0
95
8
96
4
40
0.0
40
0.0
40
0.0
40
0.0
40
1.0
40
1.0
40
1.0
40
1.0
10
407.176629516
20
2257.3364923909
10
407.0650101114
20
2257.4693726345
10
407.0166085491
20
2257.645239896
10
407.044198895
20
2257.817679558
72
1
10
407.044198895
20
2257.817679558
11
410.5524861878
21
2280.4143646409
72
1
10
410.5524861878
20
2280.4143646409
11
410.5524861878
21
2280.4143646409
72
4
94
3
73
0
74
0
95
8
96
4
40
0.0
40
0.0
40
0.0
40
0.0
40
1.0
40
1.0
40
1.0
40
1.0
10
410.5524861878
20
2280.4143646409
10
410.6000382325
20
2280.7472289534
10
410.8826053007
20
2280.9944751381
10
411.2154696133
20
2280.9944751381
72
1
10
411.2154696133
20
2280.9944751381
11
1726.9337016575
21
2277.8729281768
72
1
10
1726.9337016575
20
2277.8729281768
11
1726.9337016575
21
2277.8729281768
72
4
94
3
73
0
74
0
95
8
96
4
40
0.0
40
0.0
40
0.0
40
0.0
40
1.0
40
1.0
40
1.0
40
1.0
10
1726.9337016575
20
2277.8729281768
10
1727.0862937712
20
2277.8729281768
10
1727.2290664851
20
2277.7979791039
10
1727.3168470273
20
2277.6717945744
72
4
94
3
73
0
74
0
95
8
96
4
40
0.0
40
0.0
40
0.0
40
0.0
40
1.0
40
1.0
40
1.0
40
1.0
10
1727.3168470273
20
2277.6717945744
10
1727.4046275696
20
2277.5456100449
10
1727.4265546457
20
2277.3838031698
10
1727.3756906077
20
2277.2375690608
72
1
10
1727.3756906077
20
2277.2375690608
11
1719.2541436464
21
2255.7182320442
72
1
10
1719.2541436464
20
2255.7182320442
11
1719.2541436464
21
2255.7182320442
72
4
94
3
73
0
74
0
95
8
96
4
40
0.0
40
0.0
40
0.0
40
0.0
40
1.0
40
1.0
40
1.0
40
1.0
10
1719.2541436464
20
2255.7182320442
10
1719.1206737889
20
2255.3845574004
10
1718.8033970501
20
2255.1657458564
10
1718.453038674
20
2255.1657458564
72
4
94
2
73
0
74
0
95
6
96
3
40
0.0
40
0.0
40
0.0
40
1.0
40
1.0
40
1.0
10
1718.453038674
20
2255.1657458564
10
1638.9779005525
20
2256.408839779
10
1535.2209944751
20
2256.5193370166
72
4
94
2
73
0
74
0
95
6
96
3
40
0.0
40
0.0
40
0.0
40
1.0
40
1.0
40
1.0
10
1535.2209944751
20
2256.5193370166
10
1190.8011049724
20
2256.9613259669
10
407.6243093923
20
2257.1270718232
97
0
75
0
76
1
98
0
0
HATCH
5
452
100
AcDbEntity
8
Layer 6
6
ByLayer
370
-1
62
256
100
AcDbHatch
10
0
20
0
30
0
210
0
220
0
230
1
2
FILL_1106
70
1
71
0
91
1
92
0
93
51
72
4
94
2
73
0
74
0
95
6
96
3
40
0.0
40
0.0
40
0.0
40
1.0
40
1.0
40
1.0
10
3059.4751381215
20
1930.5524861878
10
3058.4254143646
20
1927.0718232044
10
3059.4751381215
20
1924.4475138122
72
4
94
2
73
0
74
0
95
6
96
3
40
0.0
40
0.0
40
0.0
40
1.0
40
1.0
40
1.0
10
3059.4751381215
20
1924.4475138122
10
3045.5524861878
20
1868.8121546961
10
3031.7955801105
20
1812.8453038674
72
4
94
2
73
0
74
0
95
6
96
3
40
0.0
40
0.0
40
0.0
40
1.0
40
1.0
40
1.0
10
3031.7955801105
20
1812.8453038674
10
3030.635359116
20
1808.2320441989
10
3025.9944751381
20
1803.5359116022
72
1
10
3025.9944751381
20
1803.5359116022
11
3025.9944751381
21
1803.5359116022
72
4
94
3
73
0
74
0
95
8
96
4
40
0.0
40
0.0
40
0.0
40
0.0
40
1.0
40
1.0
40
1.0
40
1.0
10
3025.9944751381
20
1803.5359116022
10
3025.9031367441
20
1803.4263055294
10
3025.7908571771
20
1803.3327392235
10
3025.6629834254
20
1803.2596685083
72
1
10
3025.6629834254
20
1803.2596685083
11
2935.0
21
1750.1104972376
72
1
10
2935.0
20
1750.1104972376
11
2935.0
21
1750.1104972376
72
4
94
3
73
0
74
0
95
8
96
4
40
0.0
40
0.0
40
0.0
40
0.0
40
1.0
40
1.0
40
1.0
40
1.0
10
2935.0
20
1750.1104972376
10
2932.6246912399
20
1748.7196914504
10
2931.7128981061
20
1745.7323692095
10
2932.9005524862
20
1743.2320441989
72
1
10
2932.9005524862
20
1743.2320441989
11
2957.2928176796
21
1691.9889502762
72
4
94
3
73
0
74
0
95
8
96
4
40
0.0
40
0.0
40
0.0
40
0.0
40
1.0
40
1.0
40
1.0
40
1.0
10
2957.2928176796
20
1691.9889502762
10
2957.8045358874
20
1690.9091779111
10
2958.9121543303
20
1690.2388953745
10
2960.1050753056
20
1690.2870942017
72
4
94
3
73
0
74
0
95
8
96
4
40
0.0
40
0.0
40
0.0
40
0.0
40
1.0
40
1.0
40
1.0
40
1.0
10
2960.1050753056
20
1690.2870942017
10
2961.2979962809
20
1690.335293029
10
2962.3446059806
20
1691.0926150866
10
2962.7624309392
20
1692.2099447514
72
1
10
2962.7624309392
20
1692.2099447514
11
2983.453038674
21
1747.4309392265
72
1
10
2983.453038674
20
1747.4309392265
11
2991.6298342541
21
1747.1546961326
72
1
10
2991.6298342541
20
1747.1546961326
11
3086.2154696133
21
1745.7182320442
72
1
10
3086.2154696133
20
1745.7182320442
11
3088.1767955801
21
1743.0386740331
72
1
10
3088.1767955801
20
1743.0386740331
11
3007.4033149171
21
1605.1657458564
72
1
10
3007.4033149171
20
1605.1657458564
11
3007.4033149171
21
1605.1657458564
72
4
94
3
73
0
74
0
95
8
96
4
40
0.0
40
0.0
40
0.0
40
0.0
40
1.0
40
1.0
40
1.0
40
1.0
10
3007.4033149171
20
1605.1657458564
10
3006.6022840595
20
1603.8022890775
10
3006.6128651592
20
1602.0987320328
10
3007.4309392265
20
1600.7182320442
72
1
10
3007.4309392265
20
1600.7182320442
11
3040.3591160221
21
1544.861878453
72
4
94
2
73
0
74
0
95
6
96
3
40
0.0
40
0.0
40
0.0
40
1.0
40
1.0
40
1.0
10
3040.3591160221
20
1544.861878453
10
3039.5580110497
20
1542.1270718232
10
3040.3867403315
20
1539.2817679558
72
1
10
3040.3867403315
20
1539.2817679558
11
3017.2099447514
21
1492.8453038674
72
1
10
3017.2099447514
20
1492.8453038674
11
3017.2099447514
21
1492.8453038674
72
4
94
3
73
0
74
0
95
8
96
4
40
0.0
40
0.0
40
0.0
40
0.0
40
1.0
40
1.0
40
1.0
40
1.0
10
3017.2099447514
20
1492.8453038674
10
3016.515131214
20
1491.4387301211
10
3015.0843277556
20
1490.5418085501
10
3013.5082872928
20
1490.5248618785
72
1
10
3013.5082872928
20
1490.5248618785
11
2944.5027624309
21
1489.9447513812
72
1
10
2944.5027624309
20
1489.9447513812
11
2944.5027624309
21
1489.9447513812
72
4
94
3
73
0
74
0
95
8
96
4
40
0.0
40
0.0
40
0.0
40
0.0
40
1.0
40
1.0
40
1.0
40
1.0
10
2944.5027624309
20
1489.9447513812
10
2943.786677147
20
1489.9447513812
10
2943.131048241
20
1490.3254391331
10
2942.7900552486
20
1490.9392265193
72
1
10
2942.7900552486
20
1490.9392265193
11
2926.3535911602
21
1519.364640884
72
1
10
2926.3535911602
20
1519.364640884
11
2926.3535911602
21
1519.364640884
72
4
94
3
73
0
74
0
95
8
96
4
40
0.0
40
0.0
40
0.0
40
0.0
40
1.0
40
1.0
40
1.0
40
1.0
10
2926.3535911602
20
1519.364640884
10
2925.917875592
20
1520.1271431284
10
2925.1644107814
20
1520.6552453985
10
2924.2987688566
20
1520.8048625213
72
4
94
3
73
0
74
0
95
8
96
4
40
0.0
40
0.0
40
0.0
40
0.0
40
1.0
40
1.0
40
1.0
40
1.0
10
2924.2987688566
20
1520.8048625213
10
2923.4331269318
20
1520.9544796441
10
2922.5456425025
20
1520.7099982303
10
2921.8784530387
20
1520.138121547
72
4
94
3
73
0
74
0
95
8
96
4
40
0.0
40
0.0
40
0.0
40
0.0
40
1.0
40
1.0
40
1.0
40
1.0
10
2921.8784530387
20
1520.138121547
10
2907.6243093923
20
1507.7900552486
10
2893.0110497238
20
1499.1436464088
10
2873.4254143646
20
1496.1878453039
72
4
94
2
73
0
74
0
95
6
96
3
40
0.0
40
0.0
40
0.0
40
1.0
40
1.0
40
1.0
10
2873.4254143646
20
1496.1878453039
10
2854.364640884
20
1493.2872928177
10
2842.4861878453
20
1493.2320441989
72
4
94
2
73
0
74
0
95
6
96
3
40
0.0
40
0.0
40
0.0
40
1.0
40
1.0
40
1.0
10
2842.4861878453
20
1493.2320441989
10
2786.1602209945
20
1492.9281767956
10
2738.729281768
20
1494.2541436464
72
1
10
2738.729281768
20
1494.2541436464
11
2738.729281768
21
1494.2541436464
72
4
94
3
73
0
74
0
95
8
96
4
40
0.0
40
0.0
40
0.0
40
0.0
40
1.0
40
1.0
40
1.0
40
1.0
10
2738.729281768
20
1494.2541436464
10
2737.6836267689
20
1494.2724884709
10
2736.644324466
20
1494.4209602285
10
2735.635359116
20
1494.6961325967
72
4
94
3
73
0
74
0
95
8
96
4
40
0.0
40
0.0
40
0.0
40
0.0
40
1.0
40
1.0
40
1.0
40
1.0
10
2735.635359116
20
1494.6961325967
10
2712.4585635359
20
1501.1602209945
10
2695.4419889503
20
1517.1270718232
10
2694.9171270718
20
1542.1546961326
72
4
94
3
73
0
74
0
95
8
96
4
40
0.0
40
0.0
40
0.0
40
0.0
40
1.0
40
1.0
40
1.0
40
1.0
10
2694.9171270718
20
1542.1546961326
10
2694.9171270718
20
1542.3931701382
10
2694.9449675372
20
1542.6251740161
10
2695.0
20
1542.8453038674
72
1
10
2695.0
20
1542.8453038674
11
2735.1104972376
21
1704.6685082873
72
4
94
2
73
0
74
0
95
6
96
3
40
0.0
40
0.0
40
0.0
40
1.0
40
1.0
40
1.0
10
2735.1104972376
20
1704.6685082873
10
2735.138121547
20
1704.7513812155
10
2735.1657458564
20
1704.8342541436
72
4
94
3
73
0
74
0
95
8
96
4
40
0.0
40
0.0
40
0.0
40
0.0
40
1.0
40
1.0
40
1.0
40
1.0
10
2735.1657458564
20
1704.8342541436
10
2749.5027624309
20
1732.679558011
10
2784.1436464088
20
1746.1325966851
10
2813.3977900552
20
1756.1878453039
72
1
10
2813.3977900552
20
1756.1878453039
11
2813.3977900552
21
1756.1878453039
72
4
94
3
73
0
74
0
95
8
96
4
40
0.0
40
0.0
40
0.0
40
0.0
40
1.0
40
1.0
40
1.0
40
1.0
10
2813.3977900552
20
1756.1878453039
10
2814.2466028571
20
1756.4833579089
10
2814.8973015029
20
1757.1753161753
10
2815.1396874289
20
1758.0401932296
72
4
94
3
73
0
74
0
95
8
96
4
40
0.0
40
0.0
40
0.0
40
0.0
40
1.0
40
1.0
40
1.0
40
1.0
10
2815.1396874289
20
1758.0401932296
10
2815.382073355
20
1758.9050702838
10
2815.185422372
20
1759.8332366325
10
2814.6132596685
20
1760.5248618785
72
4
94
2
73
0
74
0
95
6
96
3
40
0.0
40
0.0
40
0.0
40
1.0
40
1.0
40
1.0
10
2814.6132596685
20
1760.5248618785
10
2793.3425414365
20
1786.270718232
10
2796.2430939227
20
1816.8784530387
72
4
94
2
73
0
74
0
95
6
96
3
40
0.0
40
0.0
40
0.0
40
1.0
40
1.0
40
1.0
10
2796.2430939227
20
1816.8784530387
10
2796.9337016575
20
1824.1436464088
10
2803.7569060773
20
1853.0662983425
72
4
94
3
73
0
74
0
95
8
96
4
40
0.0
40
0.0
40
0.0
40
0.0
40
1.0
40
1.0
40
1.0
40
1.0
10
2803.7569060773
20
1853.0662983425
10
2809.6132596685
20
1877.7624309392
10
2814.1436464088
20
1898.0110497238
10
2824.5027624309
20
1920.635359116
72
4
94
3
73
0
74
0
95
8
96
4
40
0.0
40
0.0
40
0.0
40
0.0
40
1.0
40
1.0
40
1.0
40
1.0
10
2824.5027624309
20
1920.635359116
10
2835.4696132597
20
1944.5580110497
10
2849.9447513812
20
1959.8895027624
10
2874.2541436464
20
1967.4309392265
72
4
94
2
73
0
74
0
95
6
96
3
40
0.0
40
0.0
40
0.0
40
1.0
40
1.0
40
1.0
10
2874.2541436464
20
1967.4309392265
10
2886.3535911602
20
1971.1878453039
10
2910.6629834254
20
1970.3038674033
72
4
94
2
73
0
74
0
95
6
96
3
40
0.0
40
0.0
40
0.0
40
1.0
40
1.0
40
1.0
10
2910.6629834254
20
1970.3038674033
10
2958.8674033149
20
1968.5359116022
10
3005.3591160221
20
1968.2320441989
72
4
94
2
73
0
74
0
95
6
96
3
40
0.0
40
0.0
40
0.0
40
1.0
40
1.0
40
1.0
10
3005.3591160221
20
1968.2320441989
10
3024.9447513812
20
1968.0939226519
10
3035.4143646409
20
1963.3149171271
72
4
94
2
73
0
74
0
95
6
96
3
40
0.0
40
0.0
40
0.0
40
1.0
40
1.0
40
1.0
10
3035.4143646409
20
1963.3149171271
10
3055.0828729282
20
1954.3370165746
10
3059.4751381215
20
1930.5524861878
97
0
75
0
76
1
98
0
0
HATCH
5
461
100
AcDbEntity
8
Layer 7
6
ByLayer
370
-1
62
256
100
AcDbHatch
10
0
20
0
30
0
210
0
220
0
230
1
2
FILL_1121
70
1
71
0
91
1
92
0
93
12
72
4
94
3
73
0
74
0
95
8
96
4
40
0.0
40
0.0
40
0.0
40
0.0
40
1.0
40
1.0
40
1.0
40
1.0
10
2947.0994475138
20
2466.1602209945
10
2946.7550991438
20
2466.1602209945
10
2946.4302947742
20
2466.3205768687
10
2946.2234988928
20
2466.5926767127
72
4
94
3
73
0
74
0
95
8
96
4
40
0.0
40
0.0
40
0.0
40
0.0
40
1.0
40
1.0
40
1.0
40
1.0
10
2946.2234988928
20
2466.5926767127
10
2946.0167030114
20
2466.8647765567
10
2945.952266671
20
2467.2165795112
10
2946.0497237569
20
2467.5414364641
72
1
10
2946.0497237569
20
2467.5414364641
11
2975.2762430939
21
2563.7845303867
72
1
10
2975.2762430939
20
2563.7845303867
11
2975.2762430939
21
2563.7845303867
72
4
94
3
73
0
74
0
95
8
96
4
40
0.0
40
0.0
40
0.0
40
0.0
40
1.0
40
1.0
40
1.0
40
1.0
10
2975.2762430939
20
2563.7845303867
10
2975.8045869791
20
2565.5511802529
10
2977.4160536112
20
2566.7847857436
10
2979.2817679558
20
2566.8508287293
72
4
94
2
73
0
74
0
95
6
96
3
40
0.0
40
0.0
40
0.0
40
1.0
40
1.0
40
1.0
10
2979.2817679558
20
2566.8508287293
10
3043.5635359116
20
2568.9226519337
10
3106.1602209945
20
2567.679558011
72
4
94
2
73
0
74
0
95
6
96
3
40
0.0
40
0.0
40
0.0
40
1.0
40
1.0
40
1.0
10
3106.1602209945
20
2567.679558011
10
3122.0165745856
20
2567.3756906077
10
3124.0331491713
20
2551.1325966851
72
4
94
3
73
0
74
0
95
8
96
4
40
0.0
40
0.0
40
0.0
40
0.0
40
1.0
40
1.0
40
1.0
40
1.0
10
3124.0331491713
20
2551.1325966851
10
3124.160732819
20
2550.1483799742
10
3124.0855482269
20
2549.1427860556
10
3123.8121546961
20
2548.1767955801
72
4
94
2
73
0
74
0
95
6
96
3
40
0.0
40
0.0
40
0.0
40
1.0
40
1.0
40
1.0
10
3123.8121546961
20
2548.1767955801
10
3114.8342541436
20
2515.6629834254
10
3109.226519337
20
2493.1215469613
72
4
94
2
73
0
74
0
95
6
96
3
40
0.0
40
0.0
40
0.0
40
1.0
40
1.0
40
1.0
10
3109.226519337
20
2493.1215469613
10
3105.3591160221
20
2477.5414364641
10
3094.6961325967
20
2471.3535911602
72
4
94
2
73
0
74
0
95
6
96
3
40
0.0
40
0.0
40
0.0
40
1.0
40
1.0
40
1.0
10
3094.6961325967
20
2471.3535911602
10
3087.6243093923
20
2467.2651933702
10
3068.6187845304
20
2466.9060773481
72
4
94
2
73
0
74
0
95
6
96
3
40
0.0
40
0.0
40
0.0
40
1.0
40
1.0
40
1.0
10
3068.6187845304
20
2466.9060773481
10
2994.5580110497
20
2465.4696132597
10
2947.0994475138
20
2466.1602209945
97
0
75
0
76
1
98
0
0
HATCH
5
474
100
AcDbEntity
8
Layer 7
6
ByLayer
370
-1
62
256
100
AcDbHatch
10
0
20
0
30
0
210
0
220
0
230
1
2
FILL_1140
70
1
71
0
91
1
92
0
93
18
72
4
94
2
73
0
74
0
95
6
96
3
40
0.0
40
0.0
40
0.0
40
1.0
40
1.0
40
1.0
10
2204.0331491713
20
2463.3701657459
10
2206.8784530387
20
2467.679558011
10
2206.9337016575
20
2472.955801105
72
1
10
2206.9337016575
20
2472.955801105
11
2208.8674033149
21
2479.9723756906
72
4
94
2
73
0
74
0
95
6
96
3
40
0.0
40
0.0
40
0.0
40
1.0
40
1.0
40
1.0
10
2208.8674033149
20
2479.9723756906
10
2211.2983425414
20
2484.0331491713
10
2211.2154696133
20
2487.5138121547
72
1
10
2211.2154696133
20
2487.5138121547
11
2233.9502762431
21
2565.9116022099
72
1
10
2233.9502762431
20
2565.9116022099
11
2233.9502762431
21
2565.9116022099
72
4
94
3
73
0
74
0
95
8
96
4
40
0.0
40
0.0
40
0.0
40
0.0
40
1.0
40
1.0
40
1.0
40
1.0
10
2233.9502762431
20
2565.9116022099
10
2234.1800048212
20
2566.666424681
10
2234.8641274609
20
2567.182320442
10
2235.635359116
20
2567.182320442
72
1
10
2235.635359116
20
2567.182320442
11
2365.3038674033
21
2566.8784530387
72
4
94
3
73
0
74
0
95
8
96
4
40
0.0
40
0.0
40
0.0
40
0.0
40
1.0
40
1.0
40
1.0
40
1.0
10
2365.3038674033
20
2566.8784530387
10
2365.7249175904
20
2566.8784530387
10
2366.1442176688
20
2566.813228582
10
2366.546961326
20
2566.6850828729
72
4
94
3
73
0
74
0
95
8
96
4
40
0.0
40
0.0
40
0.0
40
0.0
40
1.0
40
1.0
40
1.0
40
1.0
10
2366.546961326
20
2566.6850828729
10
2374.4751381215
20
2564.4475138122
10
2381.4364640884
20
2560.0
10
2381.0220994475
20
2550.9668508287
72
4
94
2
73
0
74
0
95
6
96
3
40
0.0
40
0.0
40
0.0
40
1.0
40
1.0
40
1.0
10
2381.0220994475
20
2550.9668508287
10
2380.8563535912
20
2547.5414364641
10
2381.7403314917
20
2543.0939226519
72
1
10
2381.7403314917
20
2543.0939226519
11
2381.7403314917
21
2543.0939226519
72
4
94
3
73
0
74
0
95
8
96
4
40
0.0
40
0.0
40
0.0
40
0.0
40
1.0
40
1.0
40
1.0
40
1.0
10
2381.7403314917
20
2543.0939226519
10
2381.9952754869
20
2541.8920438174
10
2381.9952754869
20
2540.6588066707
10
2381.7403314917
20
2539.4751381215
72
4
94
2
73
0
74
0
95
6
96
3
40
0.0
40
0.0
40
0.0
40
1.0
40
1.0
40
1.0
10
2381.7403314917
20
2539.4751381215
10
2374.5027624309
20
2504.0055248619
10
2358.3425414365
20
2471.1325966851
72
4
94
2
73
0
74
0
95
6
96
3
40
0.0
40
0.0
40
0.0
40
1.0
40
1.0
40
1.0
10
2358.3425414365
20
2471.1325966851
10
2352.2651933702
20
2458.8121546961
10
2339.0883977901
20
2458.5635359116
72
4
94
2
73
0
74
0
95
6
96
3
40
0.0
40
0.0
40
0.0
40
1.0
40
1.0
40
1.0
10
2339.0883977901
20
2458.5635359116
10
2271.0773480663
20
2457.2651933702
10
2205.9392265193
20
2456.8508287293
72
4
94
3
73
0
74
0
95
8
96
4
40
0.0
40
0.0
40
0.0
40
0.0
40
1.0
40
1.0
40
1.0
40
1.0
10
2205.9392265193
20
2456.8508287293
10
2205.4143140374
20
2456.8508287293
10
2204.9112696552
20
2457.0583553995
10
2204.542651007
20
2457.4269740476
72
4
94
3
73
0
74
0
95
8
96
4
40
0.0
40
0.0
40
0.0
40
0.0
40
1.0
40
1.0
40
1.0
40
1.0
10
2204.542651007
20
2457.4269740476
10
2204.1740323589
20
2457.7955926958
10
2203.9706101013
20
2458.2945326653
10
2203.9779005525
20
2458.8121546961
72
1
10
2203.9779005525
20
2458.8121546961
11
2204.0331491713
21
2463.3701657459
97
0
75
0
76
1
98
0
0
HATCH
5
480
100
AcDbEntity
8
Layer 7
6
ByLayer
370
-1
62
256
100
AcDbHatch
10
0
20
0
30
0
210
0
220
0
230
1
2
FILL_1152
70
1
71
0
91
1
92
0
93
11
72
4
94
3
73
0
74
0
95
8
96
4
40
0.0
40
0.0
40
0.0
40
0.0
40
1.0
40
1.0
40
1.0
40
1.0
10
3654.5580110497
20
2336.2154696133
10
3652.5966850829
20
2340.1933701657
10
3654.7237569061
20
2350.5801104972
10
3656.2154696133
20
2355.3591160221
72
4
94
2
73
0
74
0
95
6
96
3
40
0.0
40
0.0
40
0.0
40
1.0
40
1.0
40
1.0
10
3656.2154696133
20
2355.3591160221
10
3664.4751381215
20
2381.7679558011
10
3700.6077348066
20
2498.5635359116
72
4
94
3
73
0
74
0
95
8
96
4
40
0.0
40
0.0
40
0.0
40
0.0
40
1.0
40
1.0
40
1.0
40
1.0
10
3700.6077348066
20
2498.5635359116
10
3711.7955801105
20
2534.7237569061
10
3710.6077348066
20
2568.1215469613
10
3760.4143646409
20
2567.0718232044
72
4
94
2
73
0
74
0
95
6
96
3
40
0.0
40
0.0
40
0.0
40
1.0
40
1.0
40
1.0
10
3760.4143646409
20
2567.0718232044
10
3826.7955801105
20
2565.6629834254
10
3859.6132596685
20
2564.6408839779
72
4
94
2
73
0
74
0
95
6
96
3
40
0.0
40
0.0
40
0.0
40
1.0
40
1.0
40
1.0
10
3859.6132596685
20
2564.6408839779
10
3871.7127071823
20
2564.2541436464
10
3877.0994475138
20
2559.9171270718
72
4
94
2
73
0
74
0
95
6
96
3
40
0.0
40
0.0
40
0.0
40
1.0
40
1.0
40
1.0
10
3877.0994475138
20
2559.9171270718
10
3885.9944751381
20
2552.7900552486
10
3882.1270718232
20
2538.9779005525
72
4
94
2
73
0
74
0
95
6
96
3
40
0.0
40
0.0
40
0.0
40
1.0
40
1.0
40
1.0
10
3882.1270718232
20
2538.9779005525
10
3871.7679558011
20
2502.0718232044
10
3830.9944751381
20
2366.4364640884
72
4
94
3
73
0
74
0
95
8
96
4
40
0.0
40
0.0
40
0.0
40
0.0
40
1.0
40
1.0
40
1.0
40
1.0
10
3830.9944751381
20
2366.4364640884
10
3825.2486187845
20
2347.2928176796
10
3824.5027624309
20
2333.4806629834
10
3803.7845303867
20
2324.3922651934
72
4
94
2
73
0
74
0
95
6
96
3
40
0.0
40
0.0
40
0.0
40
1.0
40
1.0
40
1.0
10
3803.7845303867
20
2324.3922651934
10
3794.3370165746
20
2320.2486187845
10
3767.2651933702
20
2320.773480663
72
4
94
2
73
0
74
0
95
6
96
3
40
0.0
40
0.0
40
0.0
40
1.0
40
1.0
40
1.0
10
3767.2651933702
20
2320.773480663
10
3722.044198895
20
2321.6574585635
10
3686.6022099448
20
2320.3038674033
72
4
94
3
73
0
74
0
95
8
96
4
40
0.0
40
0.0
40
0.0
40
0.0
40
1.0
40
1.0
40
1.0
40
1.0
10
3686.6022099448
20
2320.3038674033
10
3670.4972375691
20
2319.6685082873
10
3661.6022099448
20
2321.9060773481
10
3654.5580110497
20
2336.2154696133
97
0
75
0
76
1
98
0
0
HATCH
5
48a
100
AcDbEntity
8
Layer 7
6
ByLayer
370
-1
62
256
100
AcDbHatch
10
0
20
0
30
0
210
0
220
0
230
1
2
FILL_1162
70
1
71
0
91
1
92
0
93
9
72
4
94
2
73
0
74
0
95
6
96
3
40
0.0
40
0.0
40
0.0
40
1.0
40
1.0
40
1.0
10
3605.773480663
20
2381.0773480663
10
3605.4419889503
20
2381.546961326
10
3605.4696132597
20
2382.1546961326
72
1
10
3605.4696132597
20
2382.1546961326
11
3605.4696132597
21
2382.1546961326
72
4
94
3
73
0
74
0
95
8
96
4
40
0.0
40
0.0
40
0.0
40
0.0
40
1.0
40
1.0
40
1.0
40
1.0
10
3605.4696132597
20
2382.1546961326
10
3605.4906282235
20
2382.5455744598
10
3605.7231549619
20
2382.9173744229
10
3606.0510752822
20
2383.0844281709
72
4
94
3
73
0
74
0
95
8
96
4
40
0.0
40
0.0
40
0.0
40
0.0
40
1.0
40
1.0
40
1.0
40
1.0
10
3606.0510752822
20
2383.0844281709
10
3606.3789956024
20
2383.251481919
10
3606.7319580047
20
2383.1779500087
10
3606.9337016575
20
2382.9005524862
72
4
94
2
73
0
74
0
95
6
96
3
40
0.0
40
0.0
40
0.0
40
1.0
40
1.0
40
1.0
10
3606.9337016575
20
2382.9005524862
10
3607.5414364641
20
2382.0994475138
10
3606.6574585635
20
2381.0497237569
72
1
10
3606.6574585635
20
2381.0497237569
11
3606.6574585635
21
2381.0497237569
72
4
94
3
73
0
74
0
95
8
96
4
40
0.0
40
0.0
40
0.0
40
0.0
40
1.0
40
1.0
40
1.0
40
1.0
10
3606.6574585635
20
2381.0497237569
10
3606.55118615
20
2380.91688324
10
3606.3881418471
20
2380.8423913957
10
3606.2154696133
20
2380.847787403
72
4
94
3
73
0
74
0
95
8
96
4
40
0.0
40
0.0
40
0.0
40
0.0
40
1.0
40
1.0
40
1.0
40
1.0
10
3606.2154696133
20
2380.847787403
10
3606.0427973795
20
2380.8531834103
10
3605.8797530765
20
2380.9378655235
10
3605.773480663
20
2381.0773480663
72
1
10
3605.773480663
20
2381.0773480663
11
3605.773480663
21
2381.0773480663
97
0
75
0
76
1
98
0
0
HATCH
5
48f
100
AcDbEntity
8
Layer 7
6
ByLayer
370
-1
62
256
100
AcDbHatch
10
0
20
0
30
0
210
0
220
0
230
1
2
FILL_1167
70
1
71
0
91
1
92
0
93
4
72
4
94
3
73
0
74
0
95
8
96
4
40
0.0
40
0.0
40
0.0
40
0.0
40
1.0
40
1.0
40
1.0
40
1.0
10
3758.2966634633
20
2239.3077884397
10
3758.8911000596
20
2239.333742102
10
3759.4058942258
20
2238.6010624594
10
3759.4464884155
20
2237.6713026549
72
4
94
3
73
0
74
0
95
8
96
4
40
0.0
40
0.0
40
0.0
40
0.0
40
1.0
40
1.0
40
1.0
40
1.0
10
3759.4464884155
20
2237.6713026549
10
3759.4870826053
20
2236.7415428503
10
3759.0381046248
20
2235.9667840071
10
3758.4436680284
20
2235.9408303448
72
4
94
3
73
0
74
0
95
8
96
4
40
0.0
40
0.0
40
0.0
40
0.0
40
1.0
40
1.0
40
1.0
40
1.0
10
3758.4436680284
20
2235.9408303448
10
3757.8492314321
20
2235.9148766826
10
3757.3344372659
20
2236.6475563251
10
3757.2938430762
20
2237.5773161296
72
4
94
3
73
0
74
0
95
8
96
4
40
0.0
40
0.0
40
0.0
40
0.0
40
1.0
40
1.0
40
1.0
40
1.0
10
3757.2938430762
20
2237.5773161296
10
3757.2532488865
20
2238.5070759342
10
3757.7022268669
20
2239.2818347774
10
3758.2966634633
20
2239.3077884397
97
0
75
0
76
1
98
0
0
HATCH
5
49e
100
AcDbEntity
8
Layer 7
6
ByLayer
370
-1
62
256
100
AcDbHatch
10
0
20
0
30
0
210
0
220
0
230
1
2
FILL_1182
70
1
71
0
91
1
92
0
93
14
72
1
10
3895.7182320442
20
1811.3535911602
11
3895.7182320442
21
1811.3535911602
72
4
94
3
73
0
74
0
95
8
96
4
40
0.0
40
0.0
40
0.0
40
0.0
40
1.0
40
1.0
40
1.0
40
1.0
10
3895.7182320442
20
1811.3535911602
10
3894.5344926607
20
1811.3602042294
10
3893.4205646639
20
1811.9147099088
10
3892.7016746418
20
1812.8552126445
72
4
94
3
73
0
74
0
95
8
96
4
40
0.0
40
0.0
40
0.0
40
0.0
40
1.0
40
1.0
40
1.0
40
1.0
10
3892.7016746418
20
1812.8552126445
10
3891.9827846197
20
1813.7957153803
10
3891.7399977127
20
1815.016160026
10
3892.044198895
20
1816.1602209945
72
1
10
3892.044198895
20
1816.1602209945
11
3934.861878453
21
1976.2430939227
72
4
94
3
73
0
74
0
95
8
96
4
40
0.0
40
0.0
40
0.0
40
0.0
40
1.0
40
1.0
40
1.0
40
1.0
10
3934.861878453
20
1976.2430939227
10
3935.5740818397
20
1978.9138566226
10
3938.0332236288
20
1980.7439156284
10
3940.8011049724
20
1980.6629834254
72
1
10
3940.8011049724
20
1980.6629834254
11
4012.2375690608
21
1978.9502762431
72
1
10
4012.2375690608
20
1978.9502762431
11
4012.2375690608
21
1978.9502762431
72
4
94
3
73
0
74
0
95
8
96
4
40
0.0
40
0.0
40
0.0
40
0.0
40
1.0
40
1.0
40
1.0
40
1.0
10
4012.2375690608
20
1978.9502762431
10
4013.312079915
20
1978.9230734367
10
4014.3184244881
20
1978.41808039
10
4014.9813027139
20
1977.5734452314
72
4
94
3
73
0
74
0
95
8
96
4
40
0.0
40
0.0
40
0.0
40
0.0
40
1.0
40
1.0
40
1.0
40
1.0
10
4014.9813027139
20
1977.5734452314
10
4015.6441809396
20
1976.7288100728
10
4015.8942072801
20
1975.6329434069
10
4015.6629834254
20
1974.5856353591
72
4
94
3
73
0
74
0
95
8
96
4
40
0.0
40
0.0
40
0.0
40
0.0
40
1.0
40
1.0
40
1.0
40
1.0
10
4015.6629834254
20
1974.5856353591
10
4004.6961325967
20
1923.9502762431
10
3991.2154696133
20
1872.9281767956
10
3977.9005524862
20
1818.3701657459
72
4
94
2
73
0
74
0
95
6
96
3
40
0.0
40
0.0
40
0.0
40
1.0
40
1.0
40
1.0
10
3977.9005524862
20
1818.3701657459
10
3976.7127071823
20
1813.5359116022
10
3971.5745856354
20
1811.270718232
72
1
10
3971.5745856354
20
1811.270718232
11
3971.5745856354
21
1811.270718232
72
4
94
3
73
0
74
0
95
8
96
4
40
0.0
40
0.0
40
0.0
40
0.0
40
1.0
40
1.0
40
1.0
40
1.0
10
3971.5745856354
20
1811.270718232
10
3970.8826108763
20
1810.9611505767
10
3970.120040644
20
1810.8011049724
10
3969.3370165746
20
1810.8011049724
72
1
10
3969.3370165746
20
1810.8011049724
11
3895.7182320442
21
1811.3535911602
97
0
75
0
76
1
98
0
0
HATCH
5
4ac
100
AcDbEntity
8
Layer 7
6
ByLayer
370
-1
62
256
100
AcDbHatch
10
0
20
0
30
0
210
0
220
0
230
1
2
FILL_1196
70
1
71
0
91
1
92
0
93
13
72
1
10
2340.3314917127
20
1814.1988950276
11
2381.4640883978
21
1974.1160220994
72
1
10
2381.4640883978
20
1974.1160220994
11
2381.4640883978
21
1974.1160220994
72
4
94
3
73
0
74
0
95
8
96
4
40
0.0
40
0.0
40
0.0
40
0.0
40
1.0
40
1.0
40
1.0
40
1.0
10
2381.4640883978
20
1974.1160220994
10
2382.1916715487
20
1976.913175102
10
2384.7463138174
20
1978.8377486497
10
2387.6243093923
20
1978.7569060773
72
1
10
2387.6243093923
20
1978.7569060773
11
2458.1491712707
21
1977.0718232044
72
1
10
2458.1491712707
20
1977.0718232044
11
2458.1491712707
21
1977.0718232044
72
4
94
3
73
0
74
0
95
8
96
4
40
0.0
40
0.0
40
0.0
40
0.0
40
1.0
40
1.0
40
1.0
40
1.0
10
2458.1491712707
20
1977.0718232044
10
2459.1140270722
20
1977.0450216544
10
2460.0144524578
20
1976.5814258122
10
2460.5952245645
20
1975.8124405228
72
4
94
3
73
0
74
0
95
8
96
4
40
0.0
40
0.0
40
0.0
40
0.0
40
1.0
40
1.0
40
1.0
40
1.0
10
2460.5952245645
20
1975.8124405228
10
2461.1759966712
20
1975.0434552334
10
2461.3738106354
20
1974.0529008252
10
2461.1325966851
20
1973.1215469613
72
1
10
2461.1325966851
20
1973.1215469613
11
2419.6961325967
21
1812.0165745856
72
1
10
2419.6961325967
20
1812.0165745856
11
2419.6961325967
21
1812.0165745856
72
4
94
3
73
0
74
0
95
8
96
4
40
0.0
40
0.0
40
0.0
40
0.0
40
1.0
40
1.0
40
1.0
40
1.0
10
2419.6961325967
20
1812.0165745856
10
2419.5348454646
20
1811.3552973442
10
2418.937074463
20
1810.8954734967
10
2418.2596685083
20
1810.9116022099
72
1
10
2418.2596685083
20
1810.9116022099
11
2342.7624309392
21
1811.0773480663
72
4
94
3
73
0
74
0
95
8
96
4
40
0.0
40
0.0
40
0.0
40
0.0
40
1.0
40
1.0
40
1.0
40
1.0
10
2342.7624309392
20
1811.0773480663
10
2341.9912572803
20
1811.0773480663
10
2341.2632999159
20
1811.4335005594
10
2340.7886192593
20
1812.0430336752
72
4
94
3
73
0
74
0
95
8
96
4
40
0.0
40
0.0
40
0.0
40
0.0
40
1.0
40
1.0
40
1.0
40
1.0
10
2340.7886192593
20
1812.0430336752
10
2340.3139386028
20
1812.6525667911
10
2340.1453463468
20
1813.4476655151
10
2340.3314917127
20
1814.1988950276
97
0
75
0
76
1
98
0
0
HATCH
5
4ba
100
AcDbEntity
8
Layer 7
6
ByLayer
370
-1
62
256
100
AcDbHatch
10
0
20
0
30
0
210
0
220
0
230
1
2
FILL_1210
70
1
71
0
91
1
92
0
93
13
72
1
10
3563.8397790055
20
1978.0110497238
11
3563.8397790055
21
1978.0110497238
72
4
94
3
73
0
74
0
95
8
96
4
40
0.0
40
0.0
40
0.0
40
0.0
40
1.0
40
1.0
40
1.0
40
1.0
10
3563.8397790055
20
1978.0110497238
10
3564.1829887422
20
1978.0043201211
10
3564.5043600692
20
1977.8411770439
10
3564.7137227075
20
1977.5673951323
72
4
94
3
73
0
74
0
95
8
96
4
40
0.0
40
0.0
40
0.0
40
0.0
40
1.0
40
1.0
40
1.0
40
1.0
10
3564.7137227075
20
1977.5673951323
10
3564.9230853459
20
1977.2936132206
10
3564.997882304
20
1976.9386900787
10
3564.9171270718
20
1976.6022099448
72
4
94
2
73
0
74
0
95
6
96
3
40
0.0
40
0.0
40
0.0
40
1.0
40
1.0
40
1.0
10
3564.9171270718
20
1976.6022099448
10
3522.6519337017
20
1808.3425414365
10
3469.2541436464
20
1605.9116022099
72
4
94
2
73
0
74
0
95
6
96
3
40
0.0
40
0.0
40
0.0
40
1.0
40
1.0
40
1.0
10
3469.2541436464
20
1605.9116022099
10
3467.9005524862
20
1600.8011049724
10
3461.2983425414
20
1600.8563535912
72
4
94
2
73
0
74
0
95
6
96
3
40
0.0
40
0.0
40
0.0
40
1.0
40
1.0
40
1.0
10
3461.2983425414
20
1600.8563535912
10
3422.817679558
20
1601.1325966851
10
3387.7071823204
20
1603.2320441989
72
1
10
3387.7071823204
20
1603.2320441989
11
3387.7071823204
21
1603.2320441989
72
4
94
3
73
0
74
0
95
8
96
4
40
0.0
40
0.0
40
0.0
40
0.0
40
1.0
40
1.0
40
1.0
40
1.0
10
3387.7071823204
20
1603.2320441989
10
3386.1461263553
20
1603.3266536513
10
3384.7106670176
20
1604.1191147464
10
3383.7995779252
20
1605.3892801282
72
4
94
3
73
0
74
0
95
8
96
4
40
0.0
40
0.0
40
0.0
40
0.0
40
1.0
40
1.0
40
1.0
40
1.0
10
3383.7995779252
20
1605.3892801282
10
3382.8884888328
20
1606.6594455099
10
3382.5988228239
20
1608.2720121039
10
3383.0110497238
20
1609.7790055249
72
1
10
3383.0110497238
20
1609.7790055249
11
3483.1491712707
21
1976.270718232
72
1
10
3483.1491712707
20
1976.270718232
11
3483.1491712707
21
1976.270718232
72
4
94
3
73
0
74
0
95
8
96
4
40
0.0
40
0.0
40
0.0
40
0.0
40
1.0
40
1.0
40
1.0
40
1.0
10
3483.1491712707
20
1976.270718232
10
3483.4752344587
20
1977.4119393899
10
3484.5167802582
20
1978.1930987395
10
3485.6906077348
20
1978.1767955801
72
1
10
3485.6906077348
20
1978.1767955801
11
3563.8397790055
21
1978.0110497238
97
0
75
0
76
1
98
0
0
HATCH
5
4c8
100
AcDbEntity
8
Layer 7
6
ByLayer
370
-1
62
256
100
AcDbHatch
10
0
20
0
30
0
210
0
220
0
230
1
2
FILL_1224
70
1
71
0
91
1
92
0
93
13
72
4
94
2
73
0
74
0
95
6
96
3
40
0.0
40
0.0
40
0.0
40
1.0
40
1.0
40
1.0
10
4316.7955801105
20
1680.138121547
10
4362.5966850829
20
1796.2983425414
10
4401.546961326
20
1891.8232044199
72
4
94
2
73
0
74
0
95
6
96
3
40
0.0
40
0.0
40
0.0
40
1.0
40
1.0
40
1.0
10
4401.546961326
20
1891.8232044199
10
4402.8729281768
20
1895.1104972376
10
4405.8563535912
20
1899.4751381215
72
1
10
4405.8563535912
20
1899.4751381215
11
4405.8563535912
21
1899.4751381215
72
4
94
3
73
0
74
0
95
8
96
4
40
0.0
40
0.0
40
0.0
40
0.0
40
1.0
40
1.0
40
1.0
40
1.0
10
4405.8563535912
20
1899.4751381215
10
4406.6400438776
20
1900.6348414243
10
4408.078103356
20
1901.1635228468
10
4409.4258446073
20
1900.7874090093
72
4
94
3
73
0
74
0
95
8
96
4
40
0.0
40
0.0
40
0.0
40
0.0
40
1.0
40
1.0
40
1.0
40
1.0
10
4409.4258446073
20
1900.7874090093
10
4410.7735858586
20
1900.4112951717
10
4411.7282935707
20
1899.2148647657
10
4411.7955801105
20
1897.817679558
72
4
94
2
73
0
74
0
95
6
96
3
40
0.0
40
0.0
40
0.0
40
1.0
40
1.0
40
1.0
10
4411.7955801105
20
1897.817679558
10
4412.1270718232
20
1890.3591160221
10
4411.8508287293
20
1887.2099447514
72
4
94
2
73
0
74
0
95
6
96
3
40
0.0
40
0.0
40
0.0
40
1.0
40
1.0
40
1.0
10
4411.8508287293
20
1887.2099447514
10
4406.8232044199
20
1832.4033149171
10
4389.3922651934
20
1679.0055248619
72
4
94
3
73
0
74
0
95
8
96
4
40
0.0
40
0.0
40
0.0
40
0.0
40
1.0
40
1.0
40
1.0
40
1.0
10
4389.3922651934
20
1679.0055248619
10
4389.1575494718
20
1676.9556742268
10
4387.3969900625
20
1675.4226701154
10
4385.3314917127
20
1675.4696132597
72
1
10
4385.3314917127
20
1675.4696132597
11
4318.8121546961
21
1677.0718232044
72
1
10
4318.8121546961
20
1677.0718232044
11
4318.8121546961
21
1677.0718232044
72
4
94
3
73
0
74
0
95
8
96
4
40
0.0
40
0.0
40
0.0
40
0.0
40
1.0
40
1.0
40
1.0
40
1.0
10
4318.8121546961
20
1677.0718232044
10
4318.0847907757
20
1677.0907979154
10
4317.4131774923
20
1677.4651692208
10
4317.0119083312
20
1678.0753182192
72
4
94
3
73
0
74
0
95
8
96
4
40
0.0
40
0.0
40
0.0
40
0.0
40
1.0
40
1.0
40
1.0
40
1.0
10
4317.0119083312
20
1678.0753182192
10
4316.6106391701
20
1678.6854672175
10
4316.5299341569
20
1679.4550319521
10
4316.7955801105
20
1680.138121547
72
1
10
4316.7955801105
20
1680.138121547
11
4316.7955801105
21
1680.138121547
97
0
75
0
76
1
98
0
0
HATCH
5
4d6
100
AcDbEntity
8
Layer 7
6
ByLayer
370
-1
62
256
100
AcDbHatch
10
0
20
0
30
0
210
0
220
0
230
1
2
FILL_1238
70
1
71
0
91
1
92
0
93
13
72
1
10
2915.4696132597
20
1799.9171270718
11
2915.4696132597
21
1799.9171270718
72
4
94
3
73
0
74
0
95
8
96
4
40
0.0
40
0.0
40
0.0
40
0.0
40
1.0
40
1.0
40
1.0
40
1.0
10
2915.4696132597
20
1799.9171270718
10
2915.2106034803
20
1799.7372591695
10
2914.8895395375
20
1799.6709021705
10
2914.5814538673
20
1799.7335636628
72
4
94
3
73
0
74
0
95
8
96
4
40
0.0
40
0.0
40
0.0
40
0.0
40
1.0
40
1.0
40
1.0
40
1.0
10
2914.5814538673
20
1799.7335636628
10
2914.2733681971
20
1799.796225155
10
2914.0052574757
20
1799.9824142891
10
2913.8397790055
20
1800.2486187845
72
1
10
2913.8397790055
20
1800.2486187845
11
2897.679558011
21
1825.0
72
1
10
2897.679558011
20
1825.0
11
2897.679558011
21
1825.0
72
4
94
3
73
0
74
0
95
8
96
4
40
0.0
40
0.0
40
0.0
40
0.0
40
1.0
40
1.0
40
1.0
40
1.0
10
2897.679558011
20
1825.0
10
2896.88710883
20
1826.2326987261
10
2896.6467649678
20
1827.7448621923
10
2897.0165745856
20
1829.1712707182
72
4
94
2
73
0
74
0
95
6
96
3
40
0.0
40
0.0
40
0.0
40
1.0
40
1.0
40
1.0
10
2897.0165745856
20
1829.1712707182
10
2899.6408839779
20
1839.226519337
10
2911.9613259669
20
1880.7182320442
72
4
94
3
73
0
74
0
95
8
96
4
40
0.0
40
0.0
40
0.0
40
0.0
40
1.0
40
1.0
40
1.0
40
1.0
10
2911.9613259669
20
1880.7182320442
10
2915.8839779006
20
1893.9779005525
10
2943.1215469613
20
1888.8121546961
10
2951.8232044199
20
1885.773480663
72
4
94
2
73
0
74
0
95
6
96
3
40
0.0
40
0.0
40
0.0
40
1.0
40
1.0
40
1.0
10
2951.8232044199
20
1885.773480663
10
2958.6740331492
20
1883.3977900552
10
2956.6850828729
20
1876.270718232
72
4
94
2
73
0
74
0
95
6
96
3
40
0.0
40
0.0
40
0.0
40
1.0
40
1.0
40
1.0
10
2956.6850828729
20
1876.270718232
10
2941.8784530387
20
1822.9281767956
10
2941.0497237569
20
1819.7237569061
72
1
10
2941.0497237569
20
1819.7237569061
11
2941.0497237569
21
1819.7237569061
72
4
94
3
73
0
74
0
95
8
96
4
40
0.0
40
0.0
40
0.0
40
0.0
40
1.0
40
1.0
40
1.0
40
1.0
10
2941.0497237569
20
1819.7237569061
10
2940.7295382397
20
1818.2829220787
10
2939.8934591059
20
1817.0140490403
10
2938.7016574586
20
1816.1602209945
72
1
10
2938.7016574586
20
1816.1602209945
11
2915.4696132597
21
1799.9171270718
97
0
75
0
76
1
98
0
0
HATCH
5
4e7
100
AcDbEntity
8
Layer 7
6
ByLayer
370
-1
62
256
100
AcDbHatch
10
0
20
0
30
0
210
0
220
0
230
1
2
FILL_1255
70
1
71
0
91
1
92
0
93
16
72
1
10
2890.4143646409
20
1597.0718232044
11
2888.453038674
21
1595.8011049724
72
1
10
2888.453038674
20
1595.8011049724
11
2888.453038674
21
1595.8011049724
72
4
94
3
73
0
74
0
95
8
96
4
40
0.0
40
0.0
40
0.0
40
0.0
40
1.0
40
1.0
40
1.0
40
1.0
10
2888.453038674
20
1595.8011049724
10
2888.125935384
20
1595.5830361123
10
2887.8518301567
20
1595.2900270763
10
2887.6519337017
20
1594.9447513812
72
4
94
2
73
0
74
0
95
6
96
3
40
0.0
40
0.0
40
0.0
40
1.0
40
1.0
40
1.0
10
2887.6519337017
20
1594.9447513812
10
2881.5193370166
20
1584.6685082873
10
2871.408839779
20
1583.8950276243
72
4
94
2
73
0
74
0
95
6
96
3
40
0.0
40
0.0
40
0.0
40
1.0
40
1.0
40
1.0
10
2871.408839779
20
1583.8950276243
10
2842.0718232044
20
1581.7127071823
10
2812.1270718232
20
1584.1988950276
72
1
10
2812.1270718232
20
1584.1988950276
11
2812.1270718232
21
1584.1988950276
72
4
94
3
73
0
74
0
95
8
96
4
40
0.0
40
0.0
40
0.0
40
0.0
40
1.0
40
1.0
40
1.0
40
1.0
10
2812.1270718232
20
1584.1988950276
10
2810.6773820717
20
1584.3156946758
10
2809.3527092692
20
1585.0649055817
10
2808.506235804
20
1586.2467741936
72
4
94
3
73
0
74
0
95
8
96
4
40
0.0
40
0.0
40
0.0
40
0.0
40
1.0
40
1.0
40
1.0
40
1.0
10
2808.506235804
20
1586.2467741936
10
2807.6597623387
20
1587.4286428054
10
2807.3775371176
20
1588.9230253665
10
2807.7348066298
20
1590.3314917127
72
4
94
2
73
0
74
0
95
6
96
3
40
0.0
40
0.0
40
0.0
40
1.0
40
1.0
40
1.0
10
2807.7348066298
20
1590.3314917127
10
2816.6298342541
20
1624.9447513812
10
2825.1933701657
20
1662.2099447514
72
4
94
2
73
0
74
0
95
6
96
3
40
0.0
40
0.0
40
0.0
40
1.0
40
1.0
40
1.0
10
2825.1933701657
20
1662.2099447514
10
2826.0220994475
20
1665.773480663
10
2828.9226519337
20
1671.7679558011
72
4
94
3
73
0
74
0
95
8
96
4
40
0.0
40
0.0
40
0.0
40
0.0
40
1.0
40
1.0
40
1.0
40
1.0
10
2828.9226519337
20
1671.7679558011
10
2833.6464088398
20
1681.4917127072
10
2837.4861878453
20
1690.3314917127
10
2850.0
20
1690.4143646409
72
1
10
2850.0
20
1690.4143646409
11
2850.0
21
1690.4143646409
72
4
94
3
73
0
74
0
95
8
96
4
40
0.0
40
0.0
40
0.0
40
0.0
40
1.0
40
1.0
40
1.0
40
1.0
10
2850.0
20
1690.4143646409
10
2852.345071397
20
1690.447628065
10
2854.4666426868
20
1689.029583006
10
2855.3314917127
20
1686.8508287293
72
1
10
2855.3314917127
20
1686.8508287293
11
2890.8839779006
21
1598.5082872928
72
4
94
3
73
0
74
0
95
8
96
4
40
0.0
40
0.0
40
0.0
40
0.0
40
1.0
40
1.0
40
1.0
40
1.0
10
2890.8839779006
20
1598.5082872928
10
2891.0930069901
20
1597.9937541494
10
2890.8967394628
20
1597.3934064191
10
2890.4143646409
20
1597.0718232044
72
1
10
2890.4143646409
20
1597.0718232044
11
2890.4143646409
21
1597.0718232044
97
0
75
0
76
1
98
0
0
ENDSEC
0
SECTION
2
OBJECTS
0
DICTIONARY
5
17
330
0
100
AcDbDictionary
281
1
3
ACAD_GROUP
350
18
0
DICTIONARY
5
18
330
17
100
AcDbDictionary
281
1
0
ENDSEC
0
EOF
