999
Output
0
SECTION
2
HEADER
9
$ACADVER
1
AC1021
9
$HANDSEED
5
890
9
$INSUNITS
70
0
0
ENDSEC
0
SECTION
2
CLASSES
0
ENDSEC
0
SECTION
2
TABLES
0
TABLE
2
VPORT
5
2
100
AcDbSymbolTable
70
1
0
VPORT
5
1
100
AcDbSymbolTableRecord
100
AcDbViewportTableRecord
2
*ACTIVE
10
0
20
0
11
1
21
1
12
500.0
22
500.0
40
1000.0
70
0
0
ENDTAB
0
TABLE
2
LTYPE
5
3
100
AcDbSymbolTable
70
3
0
LTYPE
5
b
100
AcDbSymbolTableRecord
100
AcDbLinetypeTableRecord
2
Solid
70
0
72
65
73
0
3

0
LTYPE
5
c
100
AcDbSymbolTableRecord
100
AcDbLinetypeTableRecord
2
ByBlock
70
0
72
65
73
0
3

0
LTYPE
5
d
100
AcDbSymbolTableRecord
100
AcDbLinetypeTableRecord
2
ByLayer
70
0
72
65
73
0
3

0
ENDTAB
0
TABLE
2
LAYER
5
4
100
AcDbSymbolTable
70
9
0
LAYER
5
e
100
AcDbSymbolTableRecord
100
AcDbLayerTableRecord
2
0
6
Solid
370
35
62
0
70
0
390
0
0
LAYER
5
19
100
AcDbSymbolTableRecord
100
AcDbLayerTableRecord
2
Layer 1
6
Solid
370
0
62
166
70
0
390
0
0
LAYER
5
444
100
AcDbSymbolTableRecord
100
AcDbLayerTableRecord
2
Layer 2
6
Solid
370
0
62
1
70
0
390
0
0
LAYER
5
463
100
AcDbSymbolTableRecord
100
AcDbLayerTableRecord
2
Layer 3
6
Solid
370
0
62
166
70
0
390
0
0
LAYER
5
46b
100
AcDbSymbolTableRecord
100
AcDbLayerTableRecord
2
Layer 4
6
Solid
370
0
62
7
70
0
390
0
0
LAYER
5
4cd
100
AcDbSymbolTableRecord
100
AcDbLayerTableRecord
2
Layer 5
6
Solid
370
0
62
166
70
0
390
0
0
LAYER
5
597
100
AcDbSymbolTableRecord
100
AcDbLayerTableRecord
2
Layer 6
6
Solid
370
0
62
1
70
0
390
0
0
LAYER
5
73e
100
AcDbSymbolTableRecord
100
AcDbLayerTableRecord
2
Layer 7
6
Solid
370
0
62
7
70
0
390
0
0
LAYER
5
7fd
100
AcDbSymbolTableRecord
100
AcDbLayerTableRecord
2
Layer 8
6
Solid
370
0
62
166
70
0
390
0
0
ENDTAB
0
TABLE
2
STYLE
5
5
100
AcDbSymbolTable
70
0
0
ENDTAB
0
TABLE
2
VIEW
5
6
100
AcDbSymbolTable
70
0
0
ENDTAB
0
TABLE
2
UCS
5
7
100
AcDbSymbolTable
70
0
0
ENDTAB
0
TABLE
2
APPID
5
8
100
AcDbSymbolTable
70
1
0
APPID
5
10
100
AcDbSymbolTableRecord
100
AcDbRegAppTableRecord
2
ACAD
70
0
0
ENDTAB
0
TABLE
2
DIMSTYLE
5
9
100
AcDbSymbolTable
70
0
100
AcDbDimStyleTable
71
1
0
ENDTAB
0
TABLE
2
BLOCK_RECORD
5
a
100
AcDbSymbolTable
70
2
0
BLOCK_RECORD
5
13
100
AcDbSymbolTableRecord
100
AcDbBlockTableRecord
2
*Model_Space
70
0
280
1
281
0
0
BLOCK_RECORD
5
16
100
AcDbSymbolTableRecord
100
AcDbBlockTableRecord
2
*Paper_Space
70
0
280
1
281
0
0
ENDTAB
0
ENDSEC
0
SECTION
2
BLOCKS
0
BLOCK
5
11
100
AcDbEntity
8
0
100
AcDbBlockBegin
2
*Model_Space
70
0
10
0
20
0
30
0
3
*Model_Space
1

0
ENDBLK
5
12
100
AcDbEntity
8
0
100
AcDbBlockEnd
0
BLOCK
5
14
100
AcDbEntity
8
0
100
AcDbBlockBegin
2
*Paper_Space
70
0
10
0
20
0
30
0
3
*Paper_Space
1

0
ENDBLK
5
15
100
AcDbEntity
8
0
100
AcDbBlockEnd
0
ENDSEC
0
SECTION
2
ENTITIES
0
HATCH
5
26
100
AcDbEntity
8
Layer 1
6
ByLayer
370
-1
62
256
100
AcDbHatch
10
0
20
0
30
0
210
0
220
0
230
1
2
FILL_38
70
1
71
0
91
1
92
0
93
11
72
4
94
3
73
0
74
0
95
8
96
4
40
0.0
40
0.0
40
0.0
40
0.0
40
1.0
40
1.0
40
1.0
40
1.0
10
5647.6519337017
20
3855.0
10
5648.4254143646
20
3870.5524861878
10
5648.7845303867
20
3882.320441989
10
5660.5248618785
20
3890.3867403315
72
1
10
5660.5248618785
20
3890.3867403315
11
5660.5248618785
21
3890.3867403315
72
4
94
3
73
0
74
0
95
8
96
4
40
0.0
40
0.0
40
0.0
40
0.0
40
1.0
40
1.0
40
1.0
40
1.0
10
5660.5248618785
20
3890.3867403315
10
5660.7564688742
20
3890.5565854617
10
5661.0854326355
20
3890.5078500896
10
5661.270718232
20
3890.2762430939
72
1
10
5661.270718232
20
3890.2762430939
11
5661.270718232
21
3890.2762430939
72
4
94
3
73
0
74
0
95
8
96
4
40
0.0
40
0.0
40
0.0
40
0.0
40
1.0
40
1.0
40
1.0
40
1.0
10
5661.270718232
20
3890.2762430939
10
5661.4744957186
20
3890.0097648423
10
5661.4505974824
20
3889.6393421806
10
5661.2154696133
20
3889.4198895028
72
4
94
2
73
0
74
0
95
6
96
3
40
0.0
40
0.0
40
0.0
40
1.0
40
1.0
40
1.0
10
5661.2154696133
20
3889.4198895028
10
5652.955801105
20
3881.5193370166
10
5651.8784530387
20
3875.3867403315
72
4
94
2
73
0
74
0
95
6
96
3
40
0.0
40
0.0
40
0.0
40
1.0
40
1.0
40
1.0
10
5651.8784530387
20
3875.3867403315
10
5649.0331491713
20
3858.7845303867
10
5648.1215469613
20
3854.9171270718
72
1
10
5648.1215469613
20
3854.9171270718
11
5648.1215469613
21
3854.9171270718
72
4
94
3
73
0
74
0
95
8
96
4
40
0.0
40
0.0
40
0.0
40
0.0
40
1.0
40
1.0
40
1.0
40
1.0
10
5648.1215469613
20
3854.9171270718
10
5648.0938342119
20
3854.7970384911
10
5647.9794468855
20
3854.72162038
10
5647.8576260925
20
3854.743118167
72
4
94
3
73
0
74
0
95
8
96
4
40
0.0
40
0.0
40
0.0
40
0.0
40
1.0
40
1.0
40
1.0
40
1.0
10
5647.8576260925
20
3854.743118167
10
5647.7358052995
20
3854.764615954
10
5647.6466550827
20
3854.8759524551
10
5647.6519337017
20
3855.0
72
1
10
5647.6519337017
20
3855.0
11
5647.6519337017
21
3855.0
97
0
75
0
76
1
98
0
0
HATCH
5
2b
100
AcDbEntity
8
Layer 1
6
ByLayer
370
-1
62
256
100
AcDbHatch
10
0
20
0
30
0
210
0
220
0
230
1
2
FILL_43
70
1
71
0
91
1
92
0
93
4
72
4
94
2
73
0
74
0
95
6
96
3
40
0.0
40
0.0
40
0.0
40
1.0
40
1.0
40
1.0
10
5715.3811511378
20
3843.6227530576
10
5715.6571130661
20
3842.9292601434
10
5692.1045926036
20
3833.5569957262
72
4
94
2
73
0
74
0
95
6
96
3
40
0.0
40
0.0
40
0.0
40
1.0
40
1.0
40
1.0
10
5692.1045926036
20
3833.5569957262
10
5668.5520721411
20
3824.184731309
10
5668.2761102128
20
3824.8782242232
72
4
94
2
73
0
74
0
95
6
96
3
40
0.0
40
0.0
40
0.0
40
1.0
40
1.0
40
1.0
10
5668.2761102128
20
3824.8782242232
10
5668.0001482845
20
3825.5717171374
10
5691.552668747
20
3834.9439815546
72
4
94
2
73
0
74
0
95
6
96
3
40
0.0
40
0.0
40
0.0
40
1.0
40
1.0
40
1.0
10
5691.552668747
20
3834.9439815546
10
5715.1051892095
20
3844.3162459718
10
5715.3811511378
20
3843.6227530576
97
0
75
0
76
1
98
0
0
HATCH
5
9f
100
AcDbEntity
8
Layer 1
6
ByLayer
370
-1
62
256
100
AcDbHatch
10
0
20
0
30
0
210
0
220
0
230
1
2
FILL_159
70
1
71
0
91
2
92
0
93
69
72
1
10
5107.955801105
20
1179.0883977901
11
5110.773480663
21
1206.1325966851
72
1
10
5110.773480663
20
1206.1325966851
11
5166.7955801105
21
1273.3425414365
72
1
10
5166.7955801105
20
1273.3425414365
11
5166.7955801105
21
1273.3425414365
72
4
94
3
73
0
74
0
95
8
96
4
40
0.0
40
0.0
40
0.0
40
0.0
40
1.0
40
1.0
40
1.0
40
1.0
10
5166.7955801105
20
1273.3425414365
10
5166.9444352362
20
1273.5162057497
10
5166.9789460914
20
1273.7606342621
10
5166.8839503512
20
1273.9684374437
72
4
94
3
73
0
74
0
95
8
96
4
40
0.0
40
0.0
40
0.0
40
0.0
40
1.0
40
1.0
40
1.0
40
1.0
10
5166.8839503512
20
1273.9684374437
10
5166.7889546111
20
1274.1762406252
10
5166.5818356862
20
1274.3093922652
10
5166.3535911602
20
1274.3093922652
72
1
10
5166.3535911602
20
1274.3093922652
11
822.7348066298
21
1277.4033149171
72
1
10
822.7348066298
20
1277.4033149171
11
822.7348066298
21
1277.4033149171
72
4
94
3
73
0
74
0
95
8
96
4
40
0.0
40
0.0
40
0.0
40
0.0
40
1.0
40
1.0
40
1.0
40
1.0
10
822.7348066298
20
1277.4033149171
10
822.3673865214
20
1277.4082138519
10
822.0315962653
20
1277.196874652
10
821.8766928136
20
1276.8632364482
72
4
94
3
73
0
74
0
95
8
96
4
40
0.0
40
0.0
40
0.0
40
0.0
40
1.0
40
1.0
40
1.0
40
1.0
10
821.8766928136
20
1276.8632364482
10
821.7217893618
20
1276.5295982444
10
821.7765267814
20
1276.1355928736
10
822.0165745856
20
1275.8563535912
72
1
10
822.0165745856
20
1275.8563535912
11
880.635359116
21
1208.6740331492
72
1
10
880.635359116
20
1208.6740331492
11
880.0
21
1177.044198895
72
4
94
2
73
0
74
0
95
6
96
3
40
0.0
40
0.0
40
0.0
40
1.0
40
1.0
40
1.0
10
880.0
20
1177.044198895
10
877.9834254144
20
1176.8784530387
10
876.8508287293
20
1177.955801105
72
4
94
2
73
0
74
0
95
6
96
3
40
0.0
40
0.0
40
0.0
40
1.0
40
1.0
40
1.0
10
876.8508287293
20
1177.955801105
10
822.679558011
20
1230.3314917127
10
777.3480662983
20
1275.9668508287
72
1
10
777.3480662983
20
1275.9668508287
11
777.3480662983
21
1275.9668508287
72
4
94
3
73
0
74
0
95
8
96
4
40
0.0
40
0.0
40
0.0
40
0.0
40
1.0
40
1.0
40
1.0
40
1.0
10
777.3480662983
20
1275.9668508287
10
776.2347053576
20
1277.0978841654
10
774.7220145045
20
1277.7348066298
10
773.1491712707
20
1277.7348066298
72
4
94
2
73
0
74
0
95
6
96
3
40
0.0
40
0.0
40
0.0
40
1.0
40
1.0
40
1.0
10
773.1491712707
20
1277.7348066298
10
466.4364640884
20
1277.4585635359
10
210.6077348066
20
1278.6740331492
72
4
94
3
73
0
74
0
95
8
96
4
40
0.0
40
0.0
40
0.0
40
0.0
40
1.0
40
1.0
40
1.0
40
1.0
10
210.6077348066
20
1278.6740331492
10
195.6077348066
20
1278.729281768
10
180.9116022099
20
1280.2762430939
10
166.3535911602
20
1279.8895027624
72
1
10
166.3535911602
20
1279.8895027624
11
166.3535911602
21
1279.8895027624
72
4
94
3
73
0
74
0
95
8
96
4
40
0.0
40
0.0
40
0.0
40
0.0
40
1.0
40
1.0
40
1.0
40
1.0
10
166.3535911602
20
1279.8895027624
10
164.4841593999
20
1279.8345194754
10
162.6155534456
20
1280.0390435102
10
160.8011049724
20
1280.4972375691
72
4
94
3
73
0
74
0
95
8
96
4
40
0.0
40
0.0
40
0.0
40
0.0
40
1.0
40
1.0
40
1.0
40
1.0
10
160.8011049724
20
1280.4972375691
10
85.1104972376
20
1299.0055248619
10
29.8066298343
20
1360.4143646409
10
34.861878453
20
1440.8011049724
72
4
94
2
73
0
74
0
95
6
96
3
40
0.0
40
0.0
40
0.0
40
1.0
40
1.0
40
1.0
10
34.861878453
20
1440.8011049724
10
35.3038674033
20
1447.9281767956
10
37.044198895
20
1456.7403314917
72
4
94
2
73
0
74
0
95
6
96
3
40
0.0
40
0.0
40
0.0
40
1.0
40
1.0
40
1.0
10
37.044198895
20
1456.7403314917
10
103.6464088398
20
1794.8066298343
10
201.2154696133
20
2294.4198895028
72
4
94
3
73
0
74
0
95
8
96
4
40
0.0
40
0.0
40
0.0
40
0.0
40
1.0
40
1.0
40
1.0
40
1.0
10
201.2154696133
20
2294.4198895028
10
204.2541436464
20
2309.9447513812
10
209.861878453
20
2333.9502762431
10
214.3093922652
20
2357.5690607735
72
4
94
3
73
0
74
0
95
8
96
4
40
0.0
40
0.0
40
0.0
40
0.0
40
1.0
40
1.0
40
1.0
40
1.0
10
214.3093922652
20
2357.5690607735
10
226.408839779
20
2422.044198895
10
267.5414364641
20
2472.8729281768
10
332.8729281768
20
2488.1491712707
72
4
94
2
73
0
74
0
95
6
96
3
40
0.0
40
0.0
40
0.0
40
1.0
40
1.0
40
1.0
10
332.8729281768
20
2488.1491712707
10
348.3149171271
20
2491.7403314917
10
385.138121547
20
2491.1325966851
72
4
94
2
73
0
74
0
95
6
96
3
40
0.0
40
0.0
40
0.0
40
1.0
40
1.0
40
1.0
10
385.138121547
20
2491.1325966851
10
407.5414364641
20
2490.773480663
10
443.3701657459
20
2490.773480663
72
4
94
2
73
0
74
0
95
6
96
3
40
0.0
40
0.0
40
0.0
40
1.0
40
1.0
40
1.0
10
443.3701657459
20
2490.773480663
10
1161.9613259669
20
2490.6906077348
10
1640.1104972376
20
2490.0276243094
72
4
94
3
73
0
74
0
95
8
96
4
40
0.0
40
0.0
40
0.0
40
0.0
40
1.0
40
1.0
40
1.0
40
1.0
10
1640.1104972376
20
2490.0276243094
10
1667.7624309392
20
2489.9723756906
10
1693.1491712707
20
2489.2541436464
10
1726.0773480663
20
2488.7845303867
72
1
10
1726.0773480663
20
2488.7845303867
11
1726.0773480663
21
2488.7845303867
72
4
94
3
73
0
74
0
95
8
96
4
40
0.0
40
0.0
40
0.0
40
0.0
40
1.0
40
1.0
40
1.0
40
1.0
10
1726.0773480663
20
2488.7845303867
10
1726.5643857332
20
2488.7682957978
10
1726.997195112
20
2489.0758182512
10
1727.1270718232
20
2489.5303867403
72
4
94
2
73
0
74
0
95
6
96
3
40
0.0
40
0.0
40
0.0
40
1.0
40
1.0
40
1.0
10
1727.1270718232
20
2489.5303867403
10
1779.1436464088
20
2676.6850828729
10
1798.2044198895
20
2743.9502762431
72
4
94
3
73
0
74
0
95
8
96
4
40
0.0
40
0.0
40
0.0
40
0.0
40
1.0
40
1.0
40
1.0
40
1.0
10
1798.2044198895
20
2743.9502762431
10
1804.6961325967
20
2766.9613259669
10
1810.1657458564
20
2789.6685082873
10
1820.0552486188
20
2808.2872928177
72
4
94
2
73
0
74
0
95
6
96
3
40
0.0
40
0.0
40
0.0
40
1.0
40
1.0
40
1.0
10
1820.0552486188
20
2808.2872928177
10
1845.8563535912
20
2856.7955801105
10
1903.3701657459
20
2874.3093922652
72
4
94
2
73
0
74
0
95
6
96
3
40
0.0
40
0.0
40
0.0
40
1.0
40
1.0
40
1.0
10
1903.3701657459
20
2874.3093922652
10
1927.2928176796
20
2881.6022099448
10
1948.0386740331
20
2879.9723756906
72
4
94
3
73
0
74
0
95
8
96
4
40
0.0
40
0.0
40
0.0
40
0.0
40
1.0
40
1.0
40
1.0
40
1.0
10
1948.0386740331
20
2879.9723756906
10
1961.2983425414
20
2878.9502762431
10
1969.226519337
20
2879.5027624309
10
1984.8066298343
20
2879.7513812155
72
4
94
2
73
0
74
0
95
6
96
3
40
0.0
40
0.0
40
0.0
40
1.0
40
1.0
40
1.0
10
1984.8066298343
20
2879.7513812155
10
2082.0994475138
20
2881.2430939227
10
2291.4364640884
20
2881.0773480663
72
4
94
3
73
0
74
0
95
8
96
4
40
0.0
40
0.0
40
0.0
40
0.0
40
1.0
40
1.0
40
1.0
40
1.0
10
2291.4364640884
20
2881.0773480663
10
3328.0662983425
20
2880.3591160221
10
3931.8508287293
20
2879.7513812155
10
4175.8287292818
20
2880.1933701657
72
1
10
4175.8287292818
20
2880.1933701657
11
4175.8287292818
21
2880.1933701657
72
4
94
3
73
0
74
0
95
8
96
4
40
0.0
40
0.0
40
0.0
40
0.0
40
1.0
40
1.0
40
1.0
40
1.0
10
4175.8287292818
20
2880.1933701657
10
4176.5443742205
20
2880.1933701657
10
4177.2492315973
20
2880.2768401183
10
4177.9281767956
20
2880.4419889503
72
1
10
4177.9281767956
20
2880.4419889503
11
4181.4640883978
21
2881.2983425414
72
1
10
4181.4640883978
20
2881.2983425414
11
4181.4640883978
21
2881.2983425414
72
4
94
3
73
0
74
0
95
8
96
4
40
0.0
40
0.0
40
0.0
40
0.0
40
1.0
40
1.0
40
1.0
40
1.0
10
4181.4640883978
20
2881.2983425414
10
4183.1111786975
20
2881.7009646147
10
4184.8080204008
20
2881.8408142056
10
4186.4917127072
20
2881.7127071823
72
4
94
2
73
0
74
0
95
6
96
3
40
0.0
40
0.0
40
0.0
40
1.0
40
1.0
40
1.0
10
4186.4917127072
20
2881.7127071823
10
4237.2928176796
20
2877.5690607735
10
4276.6022099448
20
2843.5359116022
72
4
94
3
73
0
74
0
95
8
96
4
40
0.0
40
0.0
40
0.0
40
0.0
40
1.0
40
1.0
40
1.0
40
1.0
10
4276.6022099448
20
2843.5359116022
10
4321.8784530387
20
2804.364640884
10
4354.226519337
20
2742.8729281768
10
4350.635359116
20
2681.4640883978
72
4
94
2
73
0
74
0
95
6
96
3
40
0.0
40
0.0
40
0.0
40
1.0
40
1.0
40
1.0
10
4350.635359116
20
2681.4640883978
10
4350.0552486188
20
2671.4917127072
10
4346.270718232
20
2654.5856353591
72
4
94
3
73
0
74
0
95
8
96
4
40
0.0
40
0.0
40
0.0
40
0.0
40
1.0
40
1.0
40
1.0
40
1.0
10
4346.270718232
20
2654.5856353591
10
4329.4751381215
20
2579.3370165746
10
4318.3701657459
20
2527.817679558
10
4308.7016574586
20
2491.9889502762
72
1
10
4308.7016574586
20
2491.9889502762
11
4308.7016574586
21
2491.9889502762
72
4
94
3
73
0
74
0
95
8
96
4
40
0.0
40
0.0
40
0.0
40
0.0
40
1.0
40
1.0
40
1.0
40
1.0
10
4308.7016574586
20
2491.9889502762
10
4308.6169254041
20
2491.6760934597
10
4308.6822305448
20
2491.341558205
10
4308.8779054744
20
2491.0860937135
72
4
94
3
73
0
74
0
95
8
96
4
40
0.0
40
0.0
40
0.0
40
0.0
40
1.0
40
1.0
40
1.0
40
1.0
10
4308.8779054744
20
2491.0860937135
10
4309.0735804041
20
2490.830629222
10
4309.3767579298
20
2490.6840898845
10
4309.6961325967
20
2490.6906077348
72
4
94
2
73
0
74
0
95
6
96
3
40
0.0
40
0.0
40
0.0
40
1.0
40
1.0
40
1.0
10
4309.6961325967
20
2490.6906077348
10
4394.9171270718
20
2491.9613259669
10
4606.3535911602
20
2491.0773480663
72
4
94
2
73
0
74
0
95
6
96
3
40
0.0
40
0.0
40
0.0
40
1.0
40
1.0
40
1.0
10
4606.3535911602
20
2491.0773480663
10
4697.4309392265
20
2490.6906077348
10
5822.4309392265
20
2485.6906077348
72
1
10
5822.4309392265
20
2485.6906077348
11
5822.4309392265
21
2485.6906077348
72
4
94
3
73
0
74
0
95
8
96
4
40
0.0
40
0.0
40
0.0
40
0.0
40
1.0
40
1.0
40
1.0
40
1.0
10
5822.4309392265
20
2485.6906077348
10
5823.1647758015
20
2485.6906077348
10
5823.9070474029
20
2485.5978237846
10
5824.6408839779
20
2485.4143646409
72
4
94
2
73
0
74
0
95
6
96
3
40
0.0
40
0.0
40
0.0
40
1.0
40
1.0
40
1.0
10
5824.6408839779
20
2485.4143646409
10
5828.729281768
20
2484.3922651934
10
5837.3756906077
20
2482.3756906077
72
4
94
3
73
0
74
0
95
8
96
4
40
0.0
40
0.0
40
0.0
40
0.0
40
1.0
40
1.0
40
1.0
40
1.0
10
5837.3756906077
20
2482.3756906077
10
5899.5303867403
20
2467.7071823204
10
5942.3480662983
20
2397.4309392265
10
5928.6740331492
20
2335.6077348066
72
4
94
2
73
0
74
0
95
6
96
3
40
0.0
40
0.0
40
0.0
40
1.0
40
1.0
40
1.0
10
5928.6740331492
20
2335.6077348066
10
5910.635359116
20
2254.0883977901
10
5893.5082872928
20
2188.1767955801
72
1
10
5893.5082872928
20
2188.1767955801
11
5893.5082872928
21
2188.1767955801
72
4
94
3
73
0
74
0
95
8
96
4
40
0.0
40
0.0
40
0.0
40
0.0
40
1.0
40
1.0
40
1.0
40
1.0
10
5893.5082872928
20
2188.1767955801
10
5893.2882342019
20
2187.3304375381
10
5893.5663600643
20
2186.4318770597
10
5894.226519337
20
2185.8563535912
72
4
94
3
73
0
74
0
95
8
96
4
40
0.0
40
0.0
40
0.0
40
0.0
40
1.0
40
1.0
40
1.0
40
1.0
10
5894.226519337
20
2185.8563535912
10
5950.4972375691
20
2135.8011049724
10
5976.8508287293
20
2069.3370165746
10
5957.7071823204
20
1996.3259668508
72
4
94
3
73
0
74
0
95
8
96
4
40
0.0
40
0.0
40
0.0
40
0.0
40
1.0
40
1.0
40
1.0
40
1.0
10
5957.7071823204
20
1996.3259668508
10
5950.6077348066
20
1969.3370165746
10
5947.9005524862
20
1955.4696132597
10
5939.6961325967
20
1920.7458563536
72
4
94
2
73
0
74
0
95
6
96
3
40
0.0
40
0.0
40
0.0
40
1.0
40
1.0
40
1.0
10
5939.6961325967
20
1920.7458563536
10
5932.7071823204
20
1891.3535911602
10
5822.6243093923
20
1431.7955801105
72
4
94
2
73
0
74
0
95
6
96
3
40
0.0
40
0.0
40
0.0
40
1.0
40
1.0
40
1.0
10
5822.6243093923
20
1431.7955801105
10
5810.6077348066
20
1381.546961326
10
5803.0110497238
20
1366.7955801105
72
4
94
2
73
0
74
0
95
6
96
3
40
0.0
40
0.0
40
0.0
40
1.0
40
1.0
40
1.0
10
5803.0110497238
20
1366.7955801105
10
5783.9226519337
20
1329.6408839779
10
5747.5138121547
20
1305.5801104972
72
4
94
3
73
0
74
0
95
8
96
4
40
0.0
40
0.0
40
0.0
40
0.0
40
1.0
40
1.0
40
1.0
40
1.0
10
5747.5138121547
20
1305.5801104972
10
5720.8839779006
20
1287.955801105
10
5684.5027624309
20
1275.7458563536
10
5651.5193370166
20
1276.9613259669
72
4
94
2
73
0
74
0
95
6
96
3
40
0.0
40
0.0
40
0.0
40
1.0
40
1.0
40
1.0
10
5651.5193370166
20
1276.9613259669
10
5646.2430939227
20
1277.1546961326
10
5635.8011049724
20
1277.0718232044
72
4
94
2
73
0
74
0
95
6
96
3
40
0.0
40
0.0
40
0.0
40
1.0
40
1.0
40
1.0
10
5635.8011049724
20
1277.0718232044
10
5433.3977900552
20
1275.635359116
10
5221.7127071823
20
1275.9392265193
72
1
10
5221.7127071823
20
1275.9392265193
11
5221.7127071823
21
1275.9392265193
72
4
94
3
73
0
74
0
95
8
96
4
40
0.0
40
0.0
40
0.0
40
0.0
40
1.0
40
1.0
40
1.0
40
1.0
10
5221.7127071823
20
1275.9392265193
10
5220.397805947
20
1275.9569954549
10
5219.1264627294
20
1275.4839375135
10
5218.1491712707
20
1274.6132596685
72
1
10
5218.1491712707
20
1274.6132596685
11
5107.955801105
21
1179.0883977901
97
0
92
0
93
46
72
1
10
4851.7679558011
20
1315.9392265193
11
5290.0552486188
21
1315.5801104972
72
4
94
2
73
0
74
0
95
6
96
3
40
0.0
40
0.0
40
0.0
40
1.0
40
1.0
40
1.0
10
5290.0552486188
20
1315.5801104972
10
5291.0220994475
20
1315.1657458564
10
5292.182320442
20
1315.138121547
72
4
94
2
73
0
74
0
95
6
96
3
40
0.0
40
0.0
40
0.0
40
1.0
40
1.0
40
1.0
10
5292.182320442
20
1315.138121547
10
5442.7348066298
20
1314.9171270718
10
5643.0939226519
20
1313.8674033149
72
4
94
3
73
0
74
0
95
8
96
4
40
0.0
40
0.0
40
0.0
40
0.0
40
1.0
40
1.0
40
1.0
40
1.0
10
5643.0939226519
20
1313.8674033149
10
5650.5801104972
20
1313.8397790055
10
5657.7900552486
20
1315.1933701657
10
5664.6685082873
20
1315.0
72
4
94
2
73
0
74
0
95
6
96
3
40
0.0
40
0.0
40
0.0
40
1.0
40
1.0
40
1.0
10
5664.6685082873
20
1315.0
10
5671.408839779
20
1314.8066298343
10
5680.6906077348
20
1316.9613259669
72
4
94
3
73
0
74
0
95
8
96
4
40
0.0
40
0.0
40
0.0
40
0.0
40
1.0
40
1.0
40
1.0
40
1.0
10
5680.6906077348
20
1316.9613259669
10
5715.4143646409
20
1325.1104972376
10
5745.8839779006
20
1343.3149171271
10
5763.4806629834
20
1374.4751381215
72
4
94
2
73
0
74
0
95
6
96
3
40
0.0
40
0.0
40
0.0
40
1.0
40
1.0
40
1.0
10
5763.4806629834
20
1374.4751381215
10
5771.3535911602
20
1388.3977900552
10
5780.773480663
20
1426.9889502762
72
4
94
2
73
0
74
0
95
6
96
3
40
0.0
40
0.0
40
0.0
40
1.0
40
1.0
40
1.0
10
5780.773480663
20
1426.9889502762
10
5837.2099447514
20
1658.5635359116
10
5901.4364640884
20
1919.0055248619
72
4
94
2
73
0
74
0
95
6
96
3
40
0.0
40
0.0
40
0.0
40
1.0
40
1.0
40
1.0
10
5901.4364640884
20
1919.0055248619
10
5901.7955801105
20
1920.4696132597
10
5920.9944751381
20
1994.5580110497
72
4
94
2
73
0
74
0
95
6
96
3
40
0.0
40
0.0
40
0.0
40
1.0
40
1.0
40
1.0
10
5920.9944751381
20
1994.5580110497
10
5926.7403314917
20
2016.7127071823
10
5927.6795580111
20
2035.2209944751
72
4
94
3
73
0
74
0
95
8
96
4
40
0.0
40
0.0
40
0.0
40
0.0
40
1.0
40
1.0
40
1.0
40
1.0
10
5927.6795580111
20
2035.2209944751
10
5930.6077348066
20
2092.8729281768
10
5902.6795580111
20
2139.8895027624
10
5853.729281768
20
2169.0607734807
72
1
10
5853.729281768
20
2169.0607734807
11
5853.729281768
21
2169.0607734807
72
4
94
3
73
0
74
0
95
8
96
4
40
0.0
40
0.0
40
0.0
40
0.0
40
1.0
40
1.0
40
1.0
40
1.0
10
5853.729281768
20
2169.0607734807
10
5852.0167195707
20
2170.0817240213
10
5851.1576024512
20
2172.0900497551
10
5851.6022099448
20
2174.0331491713
72
1
10
5851.6022099448
20
2174.0331491713
11
5895.1657458564
21
2361.270718232
72
4
94
3
73
0
74
0
95
8
96
4
40
0.0
40
0.0
40
0.0
40
0.0
40
1.0
40
1.0
40
1.0
40
1.0
10
5895.1657458564
20
2361.270718232
10
5895.4586521964
20
2362.5521834697
10
5895.5518288278
20
2363.8752916356
10
5895.4419889503
20
2365.1933701657
72
4
94
2
73
0
74
0
95
6
96
3
40
0.0
40
0.0
40
0.0
40
1.0
40
1.0
40
1.0
10
5895.4419889503
20
2365.1933701657
10
5891.4364640884
20
2413.5359116022
10
5847.3480662983
20
2436.8508287293
72
4
94
2
73
0
74
0
95
6
96
3
40
0.0
40
0.0
40
0.0
40
1.0
40
1.0
40
1.0
10
5847.3480662983
20
2436.8508287293
10
5813.1767955801
20
2454.9171270718
10
5772.3756906077
20
2452.1270718232
72
4
94
2
73
0
74
0
95
6
96
3
40
0.0
40
0.0
40
0.0
40
1.0
40
1.0
40
1.0
10
5772.3756906077
20
2452.1270718232
10
5754.8066298343
20
2450.9116022099
10
5742.7348066298
20
2450.9392265193
72
4
94
2
73
0
74
0
95
6
96
3
40
0.0
40
0.0
40
0.0
40
1.0
40
1.0
40
1.0
10
5742.7348066298
20
2450.9392265193
10
4963.8397790055
20
2452.2928176796
10
4426.1049723757
20
2453.8950276243
72
4
94
2
73
0
74
0
95
6
96
3
40
0.0
40
0.0
40
0.0
40
1.0
40
1.0
40
1.0
10
4426.1049723757
20
2453.8950276243
10
4348.0110497238
20
2454.1160220994
10
4264.8895027624
20
2453.2872928177
72
1
10
4264.8895027624
20
2453.2872928177
11
4264.8895027624
21
2453.2872928177
72
4
94
3
73
0
74
0
95
8
96
4
40
0.0
40
0.0
40
0.0
40
0.0
40
1.0
40
1.0
40
1.0
40
1.0
10
4264.8895027624
20
2453.2872928177
10
4263.8926518643
20
2453.2806025432
10
4262.9477637957
20
2453.7314834196
10
4262.323600093
20
2454.5116880479
72
4
94
3
73
0
74
0
95
8
96
4
40
0.0
40
0.0
40
0.0
40
0.0
40
1.0
40
1.0
40
1.0
40
1.0
10
4262.323600093
20
2454.5116880479
10
4261.6994363903
20
2455.2918926763
10
4261.4643038149
20
2456.3160376048
10
4261.6850828729
20
2457.2928176796
72
4
94
2
73
0
74
0
95
6
96
3
40
0.0
40
0.0
40
0.0
40
1.0
40
1.0
40
1.0
10
4261.6850828729
20
2457.2928176796
10
4290.0
20
2580.635359116
10
4307.182320442
20
2645.8839779006
72
4
94
2
73
0
74
0
95
6
96
3
40
0.0
40
0.0
40
0.0
40
1.0
40
1.0
40
1.0
10
4307.182320442
20
2645.8839779006
10
4312.4033149171
20
2665.6906077348
10
4312.2928176796
20
2679.226519337
72
4
94
3
73
0
74
0
95
8
96
4
40
0.0
40
0.0
40
0.0
40
0.0
40
1.0
40
1.0
40
1.0
40
1.0
10
4312.2928176796
20
2679.226519337
10
4311.7679558011
20
2739.8066298343
10
4288.2044198895
20
2790.1657458564
10
4236.270718232
20
2821.7403314917
72
4
94
3
73
0
74
0
95
8
96
4
40
0.0
40
0.0
40
0.0
40
0.0
40
1.0
40
1.0
40
1.0
40
1.0
10
4236.270718232
20
2821.7403314917
10
4218.4806629834
20
2832.5690607735
10
4201.546961326
20
2836.6022099448
10
4182.4861878453
20
2840.0276243094
72
4
94
2
73
0
74
0
95
6
96
3
40
0.0
40
0.0
40
0.0
40
1.0
40
1.0
40
1.0
10
4182.4861878453
20
2840.0276243094
10
4171.546961326
20
2841.9613259669
10
4154.364640884
20
2841.8784530387
72
4
94
2
73
0
74
0
95
6
96
3
40
0.0
40
0.0
40
0.0
40
1.0
40
1.0
40
1.0
10
4154.364640884
20
2841.8784530387
10
3928.8397790055
20
2840.7458563536
10
3673.3425414365
20
2840.635359116
72
4
94
2
73
0
74
0
95
6
96
3
40
0.0
40
0.0
40
0.0
40
1.0
40
1.0
40
1.0
10
3673.3425414365
20
2840.635359116
10
2045.4972375691
20
2839.9447513812
10
1933.7845303867
20
2840.0552486188
72
4
94
3
73
0
74
0
95
8
96
4
40
0.0
40
0.0
40
0.0
40
0.0
40
1.0
40
1.0
40
1.0
40
1.0
10
1933.7845303867
20
2840.0552486188
10
1899.0607734807
20
2840.0828729282
10
1869.4198895028
20
2817.5966850829
10
1852.7348066298
20
2788.7845303867
72
4
94
3
73
0
74
0
95
8
96
4
40
0.0
40
0.0
40
0.0
40
0.0
40
1.0
40
1.0
40
1.0
40
1.0
10
1852.7348066298
20
2788.7845303867
10
1852.2582492223
20
2787.9597194891
10
1851.8957372673
20
2787.067382369
10
1851.6574585635
20
2786.1325966851
72
4
94
2
73
0
74
0
95
6
96
3
40
0.0
40
0.0
40
0.0
40
1.0
40
1.0
40
1.0
10
1851.6574585635
20
2786.1325966851
10
1838.2872928177
20
2734.0883977901
10
1822.6519337017
20
2680.8563535912
72
4
94
2
73
0
74
0
95
6
96
3
40
0.0
40
0.0
40
0.0
40
1.0
40
1.0
40
1.0
10
1822.6519337017
20
2680.8563535912
10
1819.861878453
20
2671.4364640884
10
1757.5690607735
20
2457.4585635359
72
4
94
3
73
0
74
0
95
8
96
4
40
0.0
40
0.0
40
0.0
40
0.0
40
1.0
40
1.0
40
1.0
40
1.0
10
1757.5690607735
20
2457.4585635359
10
1757.1429969544
20
2455.9673401691
10
1755.7832909837
20
2454.9335141418
10
1754.226519337
20
2454.9171270718
72
4
94
2
73
0
74
0
95
6
96
3
40
0.0
40
0.0
40
0.0
40
1.0
40
1.0
40
1.0
10
1754.226519337
20
2454.9171270718
10
1631.9337016575
20
2453.5359116022
10
1470.3038674033
20
2453.591160221
72
4
94
2
73
0
74
0
95
6
96
3
40
0.0
40
0.0
40
0.0
40
1.0
40
1.0
40
1.0
10
1470.3038674033
20
2453.591160221
10
1348.2320441989
20
2453.6464088398
10
363.2596685083
20
2453.5359116022
72
4
94
3
73
0
74
0
95
8
96
4
40
0.0
40
0.0
40
0.0
40
0.0
40
1.0
40
1.0
40
1.0
40
1.0
10
363.2596685083
20
2453.5359116022
10
314.1988950276
20
2453.5359116022
10
263.4806629834
20
2413.9779005525
10
254.5303867403
20
2365.1933701657
72
4
94
2
73
0
74
0
95
6
96
3
40
0.0
40
0.0
40
0.0
40
1.0
40
1.0
40
1.0
10
254.5303867403
20
2365.1933701657
10
237.5966850829
20
2272.7071823204
10
219.0055248619
20
2178.1491712707
72
4
94
2
73
0
74
0
95
6
96
3
40
0.0
40
0.0
40
0.0
40
1.0
40
1.0
40
1.0
10
219.0055248619
20
2178.1491712707
10
134.1160220994
20
1746.3535911602
10
83.7016574586
20
1489.4751381215
72
4
94
2
73
0
74
0
95
6
96
3
40
0.0
40
0.0
40
0.0
40
1.0
40
1.0
40
1.0
10
83.7016574586
20
1489.4751381215
10
74.3093922652
20
1441.7403314917
10
74.2817679558
20
1434.8895027624
72
4
94
3
73
0
74
0
95
8
96
4
40
0.0
40
0.0
40
0.0
40
0.0
40
1.0
40
1.0
40
1.0
40
1.0
10
74.2817679558
20
1434.8895027624
10
73.8674033149
20
1382.182320442
10
111.9337016575
20
1332.2928176796
10
162.2928176796
20
1317.0165745856
72
4
94
2
73
0
74
0
95
6
96
3
40
0.0
40
0.0
40
0.0
40
1.0
40
1.0
40
1.0
10
162.2928176796
20
1317.0165745856
10
172.9834254144
20
1313.7845303867
10
193.0939226519
20
1314.0607734807
72
4
94
2
73
0
74
0
95
6
96
3
40
0.0
40
0.0
40
0.0
40
1.0
40
1.0
40
1.0
10
193.0939226519
20
1314.0607734807
10
281.5193370166
20
1315.2762430939
10
381.9060773481
20
1315.3314917127
72
4
94
2
73
0
74
0
95
6
96
3
40
0.0
40
0.0
40
0.0
40
1.0
40
1.0
40
1.0
10
381.9060773481
20
1315.3314917127
10
2071.5745856354
20
1316.270718232
10
3822.5138121547
20
1316.0773480663
72
4
94
2
73
0
74
0
95
6
96
3
40
0.0
40
0.0
40
0.0
40
1.0
40
1.0
40
1.0
10
3822.5138121547
20
1316.0773480663
10
4337.1270718232
20
1316.0220994475
10
4851.7679558011
20
1315.9392265193
97
0
75
0
76
1
98
0
0
HATCH
5
ac
100
AcDbEntity
8
Layer 1
6
ByLayer
370
-1
62
256
100
AcDbHatch
10
0
20
0
30
0
210
0
220
0
230
1
2
FILL_172
70
1
71
0
91
2
92
0
93
6
72
1
10
2015.7074377039
20
1237.518024185
11
2015.7074377039
21
1237.518024185
72
4
94
3
73
0
74
0
95
8
96
4
40
0.0
40
0.0
40
0.0
40
0.0
40
1.0
40
1.0
40
1.0
40
1.0
10
2015.7074377039
20
1237.518024185
10
2041.1623848868
20
1224.267017408
10
2049.4223371187
20
1189.7521093252
10
2034.1565573814
20
1160.4268192957
72
4
94
3
73
0
74
0
95
8
96
4
40
0.0
40
0.0
40
0.0
40
0.0
40
1.0
40
1.0
40
1.0
40
1.0
10
2034.1565573814
20
1160.4268192957
10
2018.8907776442
20
1131.1015292663
10
1985.8801061641
20
1118.0707480435
10
1960.4251589812
20
1131.3217548205
72
4
94
3
73
0
74
0
95
8
96
4
40
0.0
40
0.0
40
0.0
40
0.0
40
1.0
40
1.0
40
1.0
40
1.0
10
1960.4251589812
20
1131.3217548205
10
1934.9702117983
20
1144.5727615975
10
1926.7102595664
20
1179.0876696803
10
1941.9760393036
20
1208.4129597098
72
4
94
3
73
0
74
0
95
8
96
4
40
0.0
40
0.0
40
0.0
40
0.0
40
1.0
40
1.0
40
1.0
40
1.0
10
1941.9760393036
20
1208.4129597098
10
1957.2418190409
20
1237.7382497393
10
1990.2524905209
20
1250.769030962
10
2015.7074377039
20
1237.518024185
72
1
10
2015.7074377039
20
1237.518024185
11
2015.7074377039
21
1237.518024185
97
0
92
0
93
6
72
1
10
2003.3852312457
20
1224.0026215639
11
2003.3852312457
21
1224.0026215639
72
4
94
3
73
0
74
0
95
8
96
4
40
0.0
40
0.0
40
0.0
40
0.0
40
1.0
40
1.0
40
1.0
40
1.0
10
2003.3852312457
20
1224.0026215639
10
1986.6379619774
20
1230.5658046223
10
1966.1165231462
20
1218.1645229407
10
1957.5493147265
20
1196.3035836667
72
4
94
3
73
0
74
0
95
8
96
4
40
0.0
40
0.0
40
0.0
40
0.0
40
1.0
40
1.0
40
1.0
40
1.0
10
1957.5493147265
20
1196.3035836667
10
1948.9821063067
20
1174.4426443927
10
1955.6133558395
20
1151.4003405
10
1972.3606251079
20
1144.8371574416
72
4
94
3
73
0
74
0
95
8
96
4
40
0.0
40
0.0
40
0.0
40
0.0
40
1.0
40
1.0
40
1.0
40
1.0
10
1972.3606251079
20
1144.8371574416
10
1989.1078943762
20
1138.2739743833
10
2009.6293332074
20
1150.6752560648
10
2018.1965416271
20
1172.5361953388
72
4
94
3
73
0
74
0
95
8
96
4
40
0.0
40
0.0
40
0.0
40
0.0
40
1.0
40
1.0
40
1.0
40
1.0
10
2018.1965416271
20
1172.5361953388
10
2026.7637500469
20
1194.3971346128
10
2020.1325005141
20
1217.4394385055
10
2003.3852312457
20
1224.0026215639
72
1
10
2003.3852312457
20
1224.0026215639
11
2003.3852312457
21
1224.0026215639
97
0
75
0
76
1
98
0
0
HATCH
5
be
100
AcDbEntity
8
Layer 1
6
ByLayer
370
-1
62
256
100
AcDbHatch
10
0
20
0
30
0
210
0
220
0
230
1
2
FILL_190
70
1
71
0
91
1
92
0
93
17
72
1
10
3064.5303867403
20
1157.0718232044
11
3064.5303867403
21
1157.0718232044
72
4
94
3
73
0
74
0
95
8
96
4
40
0.0
40
0.0
40
0.0
40
0.0
40
1.0
40
1.0
40
1.0
40
1.0
10
3064.5303867403
20
1157.0718232044
10
3064.6337109104
20
1157.1469680553
10
3064.7712923003
20
1157.1488223529
10
3064.8797284743
20
1157.0765315702
72
4
94
3
73
0
74
0
95
8
96
4
40
0.0
40
0.0
40
0.0
40
0.0
40
1.0
40
1.0
40
1.0
40
1.0
10
3064.8797284743
20
1157.0765315702
10
3064.9881646483
20
1157.0042407875
10
3065.0464105221
20
1156.8718349808
10
3065.0276243094
20
1156.7403314917
72
1
10
3065.0276243094
20
1156.7403314917
11
3062.2375690608
21
1136.8232044199
72
1
10
3062.2375690608
20
1136.8232044199
11
3062.2375690608
21
1136.8232044199
72
4
94
3
73
0
74
0
95
8
96
4
40
0.0
40
0.0
40
0.0
40
0.0
40
1.0
40
1.0
40
1.0
40
1.0
10
3062.2375690608
20
1136.8232044199
10
3062.1682149868
20
1136.3377259023
10
3061.8699270505
20
1135.9160084751
10
3061.4364640884
20
1135.6906077348
72
4
94
3
73
0
74
0
95
8
96
4
40
0.0
40
0.0
40
0.0
40
0.0
40
1.0
40
1.0
40
1.0
40
1.0
10
3061.4364640884
20
1135.6906077348
10
3044.7237569061
20
1127.1270718232
10
3023.6464088398
20
1123.3149171271
10
3006.1325966851
20
1130.2209944751
72
4
94
3
73
0
74
0
95
8
96
4
40
0.0
40
0.0
40
0.0
40
0.0
40
1.0
40
1.0
40
1.0
40
1.0
10
3006.1325966851
20
1130.2209944751
10
2981.2154696133
20
1140.0828729282
10
2973.1491712707
20
1166.7127071823
10
2979.1712707182
20
1191.546961326
72
4
94
3
73
0
74
0
95
8
96
4
40
0.0
40
0.0
40
0.0
40
0.0
40
1.0
40
1.0
40
1.0
40
1.0
10
2979.1712707182
20
1191.546961326
10
2989.2817679558
20
1233.3425414365
10
3032.4861878453
20
1247.5690607735
10
3071.8508287293
20
1240.4696132597
72
1
10
3071.8508287293
20
1240.4696132597
11
3071.8508287293
21
1240.4696132597
72
4
94
3
73
0
74
0
95
8
96
4
40
0.0
40
0.0
40
0.0
40
0.0
40
1.0
40
1.0
40
1.0
40
1.0
10
3071.8508287293
20
1240.4696132597
10
3072.2024487016
20
1240.4084619601
10
3072.4368419073
20
1240.0630403939
10
3072.3756906077
20
1239.6961325967
72
1
10
3072.3756906077
20
1239.6961325967
11
3069.2541436464
21
1224.0607734807
72
1
10
3069.2541436464
20
1224.0607734807
11
3069.2541436464
21
1224.0607734807
72
4
94
3
73
0
74
0
95
8
96
4
40
0.0
40
0.0
40
0.0
40
0.0
40
1.0
40
1.0
40
1.0
40
1.0
10
3069.2541436464
20
1224.0607734807
10
3069.1778612224
20
1223.6641048758
10
3068.7944586601
20
1223.4043805594
10
3068.3977900552
20
1223.4806629834
72
4
94
3
73
0
74
0
95
8
96
4
40
0.0
40
0.0
40
0.0
40
0.0
40
1.0
40
1.0
40
1.0
40
1.0
10
3068.3977900552
20
1223.4806629834
10
3029.7513812155
20
1230.6629834254
10
2993.6740331492
20
1212.2651933702
10
2997.9281767956
20
1167.9281767956
72
4
94
2
73
0
74
0
95
6
96
3
40
0.0
40
0.0
40
0.0
40
1.0
40
1.0
40
1.0
10
2997.9281767956
20
1167.9281767956
10
2998.6740331492
20
1160.0828729282
10
3005.8563535912
20
1152.5690607735
72
4
94
3
73
0
74
0
95
8
96
4
40
0.0
40
0.0
40
0.0
40
0.0
40
1.0
40
1.0
40
1.0
40
1.0
10
3005.8563535912
20
1152.5690607735
10
3021.6574585635
20
1135.9668508287
10
3048.8121546961
20
1146.1325966851
10
3064.5303867403
20
1157.0718232044
97
0
75
0
76
1
98
0
0
HATCH
5
d6
100
AcDbEntity
8
Layer 1
6
ByLayer
370
-1
62
256
100
AcDbHatch
10
0
20
0
30
0
210
0
220
0
230
1
2
FILL_214
70
1
71
0
91
1
92
0
93
23
72
4
94
2
73
0
74
0
95
6
96
3
40
0.0
40
0.0
40
0.0
40
1.0
40
1.0
40
1.0
10
4439.7790055249
20
1153.5635359116
10
4451.2154696133
20
1145.1933701657
10
4464.7513812155
20
1143.0386740331
72
4
94
3
73
0
74
0
95
8
96
4
40
0.0
40
0.0
40
0.0
40
0.0
40
1.0
40
1.0
40
1.0
40
1.0
10
4464.7513812155
20
1143.0386740331
10
4483.5635359116
20
1140.0276243094
10
4491.8232044199
20
1158.5082872928
10
4476.408839779
20
1170.4696132597
72
4
94
3
73
0
74
0
95
8
96
4
40
0.0
40
0.0
40
0.0
40
0.0
40
1.0
40
1.0
40
1.0
40
1.0
10
4476.408839779
20
1170.4696132597
10
4461.3259668508
20
1182.1546961326
10
4450.1657458564
20
1188.3977900552
10
4446.2430939227
20
1202.1546961326
72
4
94
3
73
0
74
0
95
8
96
4
40
0.0
40
0.0
40
0.0
40
0.0
40
1.0
40
1.0
40
1.0
40
1.0
10
4446.2430939227
20
1202.1546961326
10
4441.8508287293
20
1217.4861878453
10
4450.5248618785
20
1232.5414364641
10
4464.8342541436
20
1238.453038674
72
4
94
2
73
0
74
0
95
6
96
3
40
0.0
40
0.0
40
0.0
40
1.0
40
1.0
40
1.0
10
4464.8342541436
20
1238.453038674
10
4485.6906077348
20
1247.044198895
10
4508.0662983425
20
1236.1325966851
72
1
10
4508.0662983425
20
1236.1325966851
11
4508.0662983425
21
1236.1325966851
72
4
94
3
73
0
74
0
95
8
96
4
40
0.0
40
0.0
40
0.0
40
0.0
40
1.0
40
1.0
40
1.0
40
1.0
10
4508.0662983425
20
1236.1325966851
10
4508.4308287599
20
1235.9503314764
10
4508.6408689143
20
1235.5523606575
10
4508.591160221
20
1235.138121547
72
1
10
4508.591160221
20
1235.138121547
11
4506.3259668508
21
1219.0331491713
72
1
10
4506.3259668508
20
1219.0331491713
11
4506.3259668508
21
1219.0331491713
72
4
94
3
73
0
74
0
95
8
96
4
40
0.0
40
0.0
40
0.0
40
0.0
40
1.0
40
1.0
40
1.0
40
1.0
10
4506.3259668508
20
1219.0331491713
10
4506.3022985647
20
1218.843802882
10
4506.1817057223
20
1218.6805945384
10
4506.0072555306
20
1218.6018105808
72
4
94
3
73
0
74
0
95
8
96
4
40
0.0
40
0.0
40
0.0
40
0.0
40
1.0
40
1.0
40
1.0
40
1.0
10
4506.0072555306
20
1218.6018105808
10
4505.832805339
20
1218.5230266233
10
4505.6293741913
20
1218.539901552
10
4505.4696132597
20
1218.6464088398
72
4
94
3
73
0
74
0
95
8
96
4
40
0.0
40
0.0
40
0.0
40
0.0
40
1.0
40
1.0
40
1.0
40
1.0
10
4505.4696132597
20
1218.6464088398
10
4495.6077348066
20
1225.2762430939
10
4478.7569060773
20
1230.0552486188
10
4469.0055248619
20
1221.270718232
72
4
94
3
73
0
74
0
95
8
96
4
40
0.0
40
0.0
40
0.0
40
0.0
40
1.0
40
1.0
40
1.0
40
1.0
10
4469.0055248619
20
1221.270718232
10
4462.1546961326
20
1215.0552486188
10
4463.9226519337
20
1206.1878453039
10
4470.4972375691
20
1200.2209944751
72
4
94
3
73
0
74
0
95
8
96
4
40
0.0
40
0.0
40
0.0
40
0.0
40
1.0
40
1.0
40
1.0
40
1.0
10
4470.4972375691
20
1200.2209944751
10
4476.0220994475
20
1195.2209944751
10
4490.5248618785
20
1186.6574585635
10
4497.8729281768
20
1176.9889502762
72
4
94
3
73
0
74
0
95
8
96
4
40
0.0
40
0.0
40
0.0
40
0.0
40
1.0
40
1.0
40
1.0
40
1.0
10
4497.8729281768
20
1176.9889502762
10
4505.5524861878
20
1166.9337016575
10
4506.2430939227
20
1152.6519337017
10
4499.8066298343
20
1142.3756906077
72
4
94
3
73
0
74
0
95
8
96
4
40
0.0
40
0.0
40
0.0
40
0.0
40
1.0
40
1.0
40
1.0
40
1.0
10
4499.8066298343
20
1142.3756906077
10
4486.4640883978
20
1120.9944751381
10
4456.1325966851
20
1124.0331491713
10
4437.2375690608
20
1135.4143646409
72
1
10
4437.2375690608
20
1135.4143646409
11
4437.2375690608
21
1135.4143646409
72
4
94
3
73
0
74
0
95
8
96
4
40
0.0
40
0.0
40
0.0
40
0.0
40
1.0
40
1.0
40
1.0
40
1.0
10
4437.2375690608
20
1135.4143646409
10
4436.8528800692
20
1135.6485231575
10
4436.645804749
20
1136.0844712
10
4436.7127071823
20
1136.5193370166
72
1
10
4436.7127071823
20
1136.5193370166
11
4439.0331491713
21
1153.2320441989
72
1
10
4439.0331491713
20
1153.2320441989
11
4439.0331491713
21
1153.2320441989
72
4
94
3
73
0
74
0
95
8
96
4
40
0.0
40
0.0
40
0.0
40
0.0
40
1.0
40
1.0
40
1.0
40
1.0
10
4439.0331491713
20
1153.2320441989
10
4439.0567853121
20
1153.3974971845
10
4439.1637468268
20
1153.5393926955
10
4439.3157570703
20
1153.6069528037
72
4
94
3
73
0
74
0
95
8
96
4
40
0.0
40
0.0
40
0.0
40
0.0
40
1.0
40
1.0
40
1.0
40
1.0
10
4439.3157570703
20
1153.6069528037
10
4439.4677673138
20
1153.674512912
10
4439.6430977153
20
1153.6580804748
10
4439.7790055249
20
1153.5635359116
72
1
10
4439.7790055249
20
1153.5635359116
11
4439.7790055249
21
1153.5635359116
97
0
75
0
76
1
98
0
0
HATCH
5
f7
100
AcDbEntity
8
Layer 1
6
ByLayer
370
-1
62
256
100
AcDbHatch
10
0
20
0
30
0
210
0
220
0
230
1
2
FILL_247
70
1
71
0
91
3
92
0
93
14
72
1
10
1526.0951482717
20
1190.2044668994
11
1526.0951482717
21
1190.2044668994
72
4
94
3
73
0
74
0
95
8
96
4
40
0.0
40
0.0
40
0.0
40
0.0
40
1.0
40
1.0
40
1.0
40
1.0
10
1526.0951482717
20
1190.2044668994
10
1525.8101122601
20
1190.0478979089
10
1525.6335559955
20
1189.7485587709
10
1525.6336252115
20
1189.4219859418
72
4
94
3
73
0
74
0
95
8
96
4
40
0.0
40
0.0
40
0.0
40
0.0
40
1.0
40
1.0
40
1.0
40
1.0
10
1525.6336252115
20
1189.4219859418
10
1525.6336944275
20
1189.0954131127
10
1525.8103782981
20
1188.7926857112
10
1526.0954818372
20
1188.6306479677
72
4
94
2
73
0
74
0
95
6
96
3
40
0.0
40
0.0
40
0.0
40
1.0
40
1.0
40
1.0
10
1526.0954818372
20
1188.6306479677
10
1532.0325186476
20
1185.3186031396
10
1532.060129506
20
1185.3186089916
72
4
94
2
73
0
74
0
95
6
96
3
40
0.0
40
0.0
40
0.0
40
1.0
40
1.0
40
1.0
10
1532.060129506
20
1185.3186089916
10
1548.9872301564
20
1177.5635450599
10
1546.561945562
20
1156.4683342248
72
4
94
3
73
0
74
0
95
8
96
4
40
0.0
40
0.0
40
0.0
40
0.0
40
1.0
40
1.0
40
1.0
40
1.0
10
1546.561945562
20
1156.4683342248
10
1544.4397542435
20
1138.3275496162
10
1525.9698631041
20
1129.9575444989
10
1509.8729842643
20
1128.7668658532
72
4
94
2
73
0
74
0
95
6
96
3
40
0.0
40
0.0
40
0.0
40
1.0
40
1.0
40
1.0
10
1509.8729842643
20
1128.7668658532
10
1490.2695849215
20
1127.2993354156
10
1463.9010161317
20
1128.2325159163
72
4
94
3
73
0
74
0
95
8
96
4
40
0.0
40
0.0
40
0.0
40
0.0
40
1.0
40
1.0
40
1.0
40
1.0
10
1463.9010161317
20
1128.2325159163
10
1463.7308176528
20
1128.2395713843
10
1463.5710920362
20
1128.3153349723
10
1463.4608043474
20
1128.4413241524
72
4
94
3
73
0
74
0
95
8
96
4
40
0.0
40
0.0
40
0.0
40
0.0
40
1.0
40
1.0
40
1.0
40
1.0
10
1463.4608043474
20
1128.4413241524
10
1463.3505166587
20
1128.5673133325
10
1463.2998076032
20
1128.7319436823
10
1463.3210476555
20
1128.8950536266
72
1
10
1463.3210476555
20
1128.8950536266
11
1478.7045863403
21
1238.927589986
72
1
10
1478.7045863403
20
1238.927589986
11
1478.7045863403
21
1238.927589986
72
4
94
3
73
0
74
0
95
8
96
4
40
0.0
40
0.0
40
0.0
40
0.0
40
1.0
40
1.0
40
1.0
40
1.0
10
1478.7045863403
20
1238.927589986
10
1478.8324439151
20
1239.8720429795
10
1479.6213389973
20
1240.5916359338
10
1480.5817618893
20
1240.6398611478
72
4
94
2
73
0
74
0
95
6
96
3
40
0.0
40
0.0
40
0.0
40
1.0
40
1.0
40
1.0
10
1480.5817618893
20
1240.6398611478
10
1502.670202865
20
1241.8041988251
10
1518.4090242012
20
1238.8255617682
72
4
94
3
73
0
74
0
95
8
96
4
40
0.0
40
0.0
40
0.0
40
0.0
40
1.0
40
1.0
40
1.0
40
1.0
10
1518.4090242012
20
1238.8255617682
10
1544.0053199423
20
1233.9714755106
10
1549.3132175564
20
1202.7723290501
10
1526.0951482717
20
1190.2044668994
97
0
92
0
93
9
72
4
94
3
73
0
74
0
95
8
96
4
40
0.0
40
0.0
40
0.0
40
0.0
40
1.0
40
1.0
40
1.0
40
1.0
10
1493.4909340963
20
1196.240114901
10
1502.9286085264
20
1195.7310074708
10
1516.2807016606
20
1196.2595324285
10
1520.3747633612
20
1205.5683338871
72
4
94
3
73
0
74
0
95
8
96
4
40
0.0
40
0.0
40
0.0
40
0.0
40
1.0
40
1.0
40
1.0
40
1.0
10
1520.3747633612
20
1205.5683338871
10
1524.4688250618
20
1214.8771353456
10
1519.5596389668
20
1223.4446247103
10
1509.2742554193
20
1224.780297106
72
4
94
2
73
0
74
0
95
6
96
3
40
0.0
40
0.0
40
0.0
40
1.0
40
1.0
40
1.0
10
1509.2742554193
20
1224.780297106
10
1504.6924330374
20
1225.3794113549
10
1497.5145233531
20
1225.1351036773
72
4
94
3
73
0
74
0
95
8
96
4
40
0.0
40
0.0
40
0.0
40
0.0
40
1.0
40
1.0
40
1.0
40
1.0
10
1497.5145233531
20
1225.1351036773
10
1496.7490287725
20
1225.1055746541
10
1496.1097010167
20
1224.5355396105
10
1495.9862640943
20
1223.7724828223
72
1
10
1495.9862640943
20
1223.7724828223
11
1491.9662961301
21
1198.1057436215
72
1
10
1491.9662961301
20
1198.1057436215
11
1491.9662961301
21
1198.1057436215
72
4
94
3
73
0
74
0
95
8
96
4
40
0.0
40
0.0
40
0.0
40
0.0
40
1.0
40
1.0
40
1.0
40
1.0
10
1491.9662961301
20
1198.1057436215
10
1491.8980280899
20
1197.6493699239
10
1492.0250993486
20
1197.1855447089
10
1492.3158762813
20
1196.8297344713
72
4
94
3
73
0
74
0
95
8
96
4
40
0.0
40
0.0
40
0.0
40
0.0
40
1.0
40
1.0
40
1.0
40
1.0
10
1492.3158762813
20
1196.8297344713
10
1492.6066532141
20
1196.4739242337
10
1493.033782944
20
1196.2595994195
10
1493.4909340963
20
1196.240114901
72
1
10
1493.4909340963
20
1196.240114901
11
1493.4909340963
21
1196.240114901
97
0
92
0
93
9
72
4
94
3
73
0
74
0
95
8
96
4
40
0.0
40
0.0
40
0.0
40
0.0
40
1.0
40
1.0
40
1.0
40
1.0
10
1485.9944751381
20
1143.3977900552
10
1500.3867403315
20
1142.7624309392
10
1526.4364640884
20
1142.320441989
10
1527.320441989
20
1161.0497237569
72
4
94
3
73
0
74
0
95
8
96
4
40
0.0
40
0.0
40
0.0
40
0.0
40
1.0
40
1.0
40
1.0
40
1.0
10
1527.320441989
20
1161.0497237569
10
1528.2044198895
20
1180.1933701657
10
1506.2430939227
20
1181.5193370166
10
1491.2154696133
20
1180.8287292818
72
1
10
1491.2154696133
20
1180.8287292818
11
1491.2154696133
21
1180.8287292818
72
4
94
3
73
0
74
0
95
8
96
4
40
0.0
40
0.0
40
0.0
40
0.0
40
1.0
40
1.0
40
1.0
40
1.0
10
1491.2154696133
20
1180.8287292818
10
1490.2403610682
20
1180.7967585098
10
1489.4256364297
20
1180.0518674117
10
1489.2817679558
20
1179.0607734807
72
1
10
1489.2817679558
20
1179.0607734807
11
1484.5303867403
21
1145.138121547
72
1
10
1484.5303867403
20
1145.138121547
11
1484.5303867403
21
1145.138121547
72
4
94
3
73
0
74
0
95
8
96
4
40
0.0
40
0.0
40
0.0
40
0.0
40
1.0
40
1.0
40
1.0
40
1.0
10
1484.5303867403
20
1145.138121547
10
1484.4735268806
20
1144.7116725991
10
1484.5994826713
20
1144.280821791
10
1484.8776881059
20
1143.9501247649
72
4
94
3
73
0
74
0
95
8
96
4
40
0.0
40
0.0
40
0.0
40
0.0
40
1.0
40
1.0
40
1.0
40
1.0
10
1484.8776881059
20
1143.9501247649
10
1485.1558935406
20
1143.6194277388
10
1485.5609187077
20
1143.4191125026
10
1485.9944751381
20
1143.3977900552
72
1
10
1485.9944751381
20
1143.3977900552
11
1485.9944751381
21
1143.3977900552
97
0
75
0
76
1
98
0
0
HATCH
5
10e
100
AcDbEntity
8
Layer 1
6
ByLayer
370
-1
62
256
100
AcDbHatch
10
0
20
0
30
0
210
0
220
0
230
1
2
FILL_270
70
1
71
0
91
1
92
0
93
22
72
1
10
1647.8453038674
20
1240.9944751381
11
1664.9171270718
21
1240.773480663
72
1
10
1664.9171270718
20
1240.773480663
11
1664.9171270718
21
1240.773480663
72
4
94
3
73
0
74
0
95
8
96
4
40
0.0
40
0.0
40
0.0
40
0.0
40
1.0
40
1.0
40
1.0
40
1.0
10
1664.9171270718
20
1240.773480663
10
1665.189577549
20
1240.773480663
10
1665.4487357345
20
1240.6553074503
10
1665.6285067151
20
1240.4490995608
72
4
94
3
73
0
74
0
95
8
96
4
40
0.0
40
0.0
40
0.0
40
0.0
40
1.0
40
1.0
40
1.0
40
1.0
10
1665.6285067151
20
1240.4490995608
10
1665.8082776958
20
1240.2428916713
10
1665.8912831395
20
1239.9685830739
10
1665.8563535912
20
1239.6961325967
72
4
94
2
73
0
74
0
95
6
96
3
40
0.0
40
0.0
40
0.0
40
1.0
40
1.0
40
1.0
10
1665.8563535912
20
1239.6961325967
10
1665.3867403315
20
1236.1878453039
10
1658.1767955801
20
1183.4806629834
72
4
94
3
73
0
74
0
95
8
96
4
40
0.0
40
0.0
40
0.0
40
0.0
40
1.0
40
1.0
40
1.0
40
1.0
10
1658.1767955801
20
1183.4806629834
10
1655.4972375691
20
1164.0055248619
10
1653.1767955801
20
1149.1160220994
10
1640.5248618785
20
1137.8729281768
72
4
94
3
73
0
74
0
95
8
96
4
40
0.0
40
0.0
40
0.0
40
0.0
40
1.0
40
1.0
40
1.0
40
1.0
10
1640.5248618785
20
1137.8729281768
10
1626.1049723757
20
1125.0276243094
10
1599.9723756906
20
1123.5359116022
10
1583.5082872928
20
1131.1602209945
72
4
94
2
73
0
74
0
95
6
96
3
40
0.0
40
0.0
40
0.0
40
1.0
40
1.0
40
1.0
10
1583.5082872928
20
1131.1602209945
10
1559.9723756906
20
1142.044198895
10
1563.8397790055
20
1171.1878453039
72
4
94
2
73
0
74
0
95
6
96
3
40
0.0
40
0.0
40
0.0
40
1.0
40
1.0
40
1.0
10
1563.8397790055
20
1171.1878453039
10
1568.5359116022
20
1206.546961326
10
1573.5359116022
20
1239.8895027624
72
1
10
1573.5359116022
20
1239.8895027624
11
1573.5359116022
21
1239.8895027624
72
4
94
3
73
0
74
0
95
8
96
4
40
0.0
40
0.0
40
0.0
40
0.0
40
1.0
40
1.0
40
1.0
40
1.0
10
1573.5359116022
20
1239.8895027624
10
1573.6306035772
20
1240.5207825957
10
1574.1871923146
20
1240.9826328246
10
1574.8342541436
20
1240.9668508287
72
1
10
1574.8342541436
20
1240.9668508287
11
1591.546961326
21
1240.773480663
72
1
10
1591.546961326
20
1240.773480663
11
1591.546961326
21
1240.773480663
72
4
94
3
73
0
74
0
95
8
96
4
40
0.0
40
0.0
40
0.0
40
0.0
40
1.0
40
1.0
40
1.0
40
1.0
10
1591.546961326
20
1240.773480663
10
1591.8185880128
20
1240.7665158761
10
1592.074682654
20
1240.6470906518
10
1592.2493857243
20
1240.4459174192
72
4
94
3
73
0
74
0
95
8
96
4
40
0.0
40
0.0
40
0.0
40
0.0
40
1.0
40
1.0
40
1.0
40
1.0
10
1592.2493857243
20
1240.4459174192
10
1592.4240887947
20
1240.2447441867
10
1592.500352257
20
1239.9814540192
10
1592.4585635359
20
1239.7237569061
72
4
94
2
73
0
74
0
95
6
96
3
40
0.0
40
0.0
40
0.0
40
1.0
40
1.0
40
1.0
10
1592.4585635359
20
1239.7237569061
10
1583.8674033149
20
1178.6740331492
10
1583.2596685083
20
1174.364640884
72
4
94
3
73
0
74
0
95
8
96
4
40
0.0
40
0.0
40
0.0
40
0.0
40
1.0
40
1.0
40
1.0
40
1.0
10
1583.2596685083
20
1174.364640884
10
1581.2154696133
20
1159.7237569061
10
1583.3425414365
20
1146.1325966851
10
1600.6077348066
20
1144.0055248619
72
4
94
2
73
0
74
0
95
6
96
3
40
0.0
40
0.0
40
0.0
40
1.0
40
1.0
40
1.0
10
1600.6077348066
20
1144.0055248619
10
1631.8232044199
20
1140.1104972376
10
1636.7955801105
20
1171.3535911602
72
4
94
2
73
0
74
0
95
6
96
3
40
0.0
40
0.0
40
0.0
40
1.0
40
1.0
40
1.0
10
1636.7955801105
20
1171.3535911602
10
1640.9116022099
20
1197.1270718232
10
1646.4640883978
20
1239.7790055249
72
1
10
1646.4640883978
20
1239.7790055249
11
1646.4640883978
21
1239.7790055249
72
4
94
3
73
0
74
0
95
8
96
4
40
0.0
40
0.0
40
0.0
40
0.0
40
1.0
40
1.0
40
1.0
40
1.0
10
1646.4640883978
20
1239.7790055249
10
1646.5427711358
20
1240.4714136192
10
1647.1371592254
20
1240.9944751381
10
1647.8453038674
20
1240.9944751381
72
1
10
1647.8453038674
20
1240.9944751381
11
1647.8453038674
21
1240.9944751381
97
0
75
0
76
1
98
0
0
HATCH
5
11d
100
AcDbEntity
8
Layer 1
6
ByLayer
370
-1
62
256
100
AcDbHatch
10
0
20
0
30
0
210
0
220
0
230
1
2
FILL_285
70
1
71
0
91
1
92
0
93
14
72
1
10
1696.5683312142
20
1128.01231967
11
1679.2674597105
21
1128.0369999432
72
1
10
1679.2674597105
20
1128.0369999432
11
1679.2674597105
21
1128.0369999432
72
4
94
3
73
0
74
0
95
8
96
4
40
0.0
40
0.0
40
0.0
40
0.0
40
1.0
40
1.0
40
1.0
40
1.0
10
1679.2674597105
20
1128.0369999432
10
1678.9719060658
20
1128.0374215604
10
1678.6910042719
20
1128.1657588821
10
1678.4972098322
20
1128.3889087192
72
4
94
3
73
0
74
0
95
8
96
4
40
0.0
40
0.0
40
0.0
40
0.0
40
1.0
40
1.0
40
1.0
40
1.0
10
1678.4972098322
20
1128.3889087192
10
1678.3034153924
20
1128.6120585564
10
1678.215703398
20
1128.908171528
10
1678.2566981854
20
1129.2008685763
72
1
10
1678.2566981854
20
1129.2008685763
11
1693.7717297999
21
1239.9760243692
72
1
10
1693.7717297999
20
1239.9760243692
11
1693.7717297999
21
1239.9760243692
72
4
94
3
73
0
74
0
95
8
96
4
40
0.0
40
0.0
40
0.0
40
0.0
40
1.0
40
1.0
40
1.0
40
1.0
10
1693.7717297999
20
1239.9760243692
10
1693.8424295525
20
1240.4808107146
10
1694.2742360226
20
1240.8563535912
10
1694.7839493827
20
1240.8563535912
72
1
10
1694.7839493827
20
1240.8563535912
11
1712.0844786794
21
1240.8563535912
72
1
10
1712.0844786794
20
1240.8563535912
11
1712.0844786794
21
1240.8563535912
72
4
94
3
73
0
74
0
95
8
96
4
40
0.0
40
0.0
40
0.0
40
0.0
40
1.0
40
1.0
40
1.0
40
1.0
10
1712.0844786794
20
1240.8563535912
10
1712.3802810759
20
1240.8563535912
10
1712.6615767667
20
1240.7282027641
10
1712.855697118
20
1240.5050070047
72
4
94
3
73
0
74
0
95
8
96
4
40
0.0
40
0.0
40
0.0
40
0.0
40
1.0
40
1.0
40
1.0
40
1.0
10
1712.855697118
20
1240.5050070047
10
1713.0498174692
20
1240.2818112453
10
1713.1377224269
20
1239.9854624329
10
1713.0967030288
20
1239.6925179557
72
1
10
1713.0967030288
20
1239.6925179557
11
1697.5820136213
21
1128.8926818896
72
1
10
1697.5820136213
20
1128.8926818896
11
1697.5820136213
21
1128.8926818896
72
4
94
3
73
0
74
0
95
8
96
4
40
0.0
40
0.0
40
0.0
40
0.0
40
1.0
40
1.0
40
1.0
40
1.0
10
1697.5820136213
20
1128.8926818896
10
1697.511252196
20
1128.387331501
10
1697.0786112007
20
1128.0115917385
10
1696.5683312142
20
1128.01231967
97
0
75
0
76
1
98
0
0
HATCH
5
134
100
AcDbEntity
8
Layer 1
6
ByLayer
370
-1
62
256
100
AcDbHatch
10
0
20
0
30
0
210
0
220
0
230
1
2
FILL_308
70
1
71
0
91
1
92
0
93
22
72
1
10
1741.7677465154
20
1240.7786413556
11
1758.624410164
21
1240.877074428
72
1
10
1758.624410164
20
1240.877074428
11
1758.624410164
21
1240.877074428
72
4
94
3
73
0
74
0
95
8
96
4
40
0.0
40
0.0
40
0.0
40
0.0
40
1.0
40
1.0
40
1.0
40
1.0
10
1758.624410164
20
1240.877074428
10
1758.9212638005
20
1240.8788078799
10
1759.2042051158
20
1240.7513937739
10
1759.3996627173
20
1240.5279627725
72
4
94
3
73
0
74
0
95
8
96
4
40
0.0
40
0.0
40
0.0
40
0.0
40
1.0
40
1.0
40
1.0
40
1.0
10
1759.3996627173
20
1240.5279627725
10
1759.5951203188
20
1240.3045317711
10
1759.6837811547
20
1240.0071609614
10
1759.6425913237
20
1239.7131737437
72
1
10
1759.6425913237
20
1239.7131737437
11
1746.2965187982
21
1144.4572662025
72
1
10
1746.2965187982
20
1144.4572662025
11
1746.2965187982
21
1144.4572662025
72
4
94
3
73
0
74
0
95
8
96
4
40
0.0
40
0.0
40
0.0
40
0.0
40
1.0
40
1.0
40
1.0
40
1.0
10
1746.2965187982
20
1144.4572662025
10
1746.2553463571
20
1144.1634031029
10
1746.3439144694
20
1143.8661526651
10
1746.539211102
20
1143.642747391
72
4
94
3
73
0
74
0
95
8
96
4
40
0.0
40
0.0
40
0.0
40
0.0
40
1.0
40
1.0
40
1.0
40
1.0
10
1746.539211102
20
1143.642747391
10
1746.7345077346
20
1143.4193421169
10
1747.0172525852
20
1143.2918372829
10
1747.3139820373
20
1143.293361578
72
1
10
1747.3139820373
20
1143.293361578
11
1793.3484943502
21
1143.5298402372
72
1
10
1793.3484943502
20
1143.5298402372
11
1793.3484943502
21
1143.5298402372
72
4
94
3
73
0
74
0
95
8
96
4
40
0.0
40
0.0
40
0.0
40
0.0
40
1.0
40
1.0
40
1.0
40
1.0
10
1793.3484943502
20
1143.5298402372
10
1793.6452995658
20
1143.5313649215
10
1793.9281090403
20
1143.4037948164
10
1794.1234080898
20
1143.1802910314
72
4
94
3
73
0
74
0
95
8
96
4
40
0.0
40
0.0
40
0.0
40
0.0
40
1.0
40
1.0
40
1.0
40
1.0
10
1794.1234080898
20
1143.1802910314
10
1794.3187071393
20
1142.9567872463
10
1794.4072050412
20
1142.6594264353
10
1794.3658972787
20
1142.3655058177
72
1
10
1794.3658972787
20
1142.3655058177
11
1792.4987315365
21
1129.0799034208
72
1
10
1792.4987315365
20
1129.0799034208
11
1792.4987315365
21
1129.0799034208
72
4
94
3
73
0
74
0
95
8
96
4
40
0.0
40
0.0
40
0.0
40
0.0
40
1.0
40
1.0
40
1.0
40
1.0
10
1792.4987315365
20
1129.0799034208
10
1792.4280849332
20
1128.5772256665
10
1791.9992256379
20
1128.2025653823
10
1791.491613961
20
1128.2000648321
72
1
10
1791.491613961
20
1128.2000648321
11
1726.2638303843
21
1127.8787457012
72
1
10
1726.2638303843
20
1127.8787457012
11
1726.2638303843
21
1127.8787457012
72
4
94
3
73
0
74
0
95
8
96
4
40
0.0
40
0.0
40
0.0
40
0.0
40
1.0
40
1.0
40
1.0
40
1.0
10
1726.2638303843
20
1127.8787457012
10
1725.9671647703
20
1127.8772842942
10
1725.6845015265
20
1128.0047934816
10
1725.4892540622
20
1128.2281565267
72
4
94
3
73
0
74
0
95
8
96
4
40
0.0
40
0.0
40
0.0
40
0.0
40
1.0
40
1.0
40
1.0
40
1.0
10
1725.4892540622
20
1128.2281565267
10
1725.2940065979
20
1128.4515195719
10
1725.2054417444
20
1128.7486952252
10
1725.2465616002
20
1129.0425009088
72
1
10
1725.2465616002
20
1129.0425009088
11
1740.761481005
21
1239.8982274951
72
1
10
1740.761481005
20
1239.8982274951
11
1740.761481005
21
1239.8982274951
72
4
94
3
73
0
74
0
95
8
96
4
40
0.0
40
0.0
40
0.0
40
0.0
40
1.0
40
1.0
40
1.0
40
1.0
10
1740.761481005
20
1239.8982274951
10
1740.8318211272
20
1240.4008150462
10
1741.2602692274
20
1240.7756779846
10
1741.7677465154
20
1240.7786413556
97
0
75
0
76
1
98
0
0
HATCH
5
150
100
AcDbEntity
8
Layer 1
6
ByLayer
370
-1
62
256
100
AcDbHatch
10
0
20
0
30
0
210
0
220
0
230
1
2
FILL_336
70
1
71
0
91
1
92
0
93
27
72
1
10
1797.0722320627
20
1225.8067368264
11
1799.0451995711
21
1239.9784180751
72
1
10
1799.0451995711
20
1239.9784180751
11
1799.0451995711
21
1239.9784180751
72
4
94
3
73
0
74
0
95
8
96
4
40
0.0
40
0.0
40
0.0
40
0.0
40
1.0
40
1.0
40
1.0
40
1.0
10
1799.0451995711
20
1239.9784180751
10
1799.1174633879
20
1240.4974837838
10
1799.5614922827
20
1240.883729589
10
1800.0855639934
20
1240.883396104
72
1
10
1800.0855639934
20
1240.883396104
11
1884.7886943444
21
1240.8294965619
72
1
10
1884.7886943444
20
1240.8294965619
11
1884.7886943444
21
1240.8294965619
72
4
94
3
73
0
74
0
95
8
96
4
40
0.0
40
0.0
40
0.0
40
0.0
40
1.0
40
1.0
40
1.0
40
1.0
10
1884.7886943444
20
1240.8294965619
10
1885.0923152721
20
1240.8293033574
10
1885.3809802424
20
1240.6976572013
10
1885.5801958545
20
1240.4685309371
72
4
94
3
73
0
74
0
95
8
96
4
40
0.0
40
0.0
40
0.0
40
0.0
40
1.0
40
1.0
40
1.0
40
1.0
10
1885.5801958545
20
1240.4685309371
10
1885.7794114667
20
1240.2394046729
10
1885.8696613124
20
1239.9352449437
10
1885.8276553542
20
1239.6345437556
72
1
10
1885.8276553542
20
1239.6345437556
11
1883.8557375678
21
1225.5184981378
72
1
10
1883.8557375678
20
1225.5184981378
11
1883.8557375678
21
1225.5184981378
72
4
94
3
73
0
74
0
95
8
96
4
40
0.0
40
0.0
40
0.0
40
0.0
40
1.0
40
1.0
40
1.0
40
1.0
10
1883.8557375678
20
1225.5184981378
10
1883.7832480991
20
1224.9995796243
10
1883.3392107843
20
1224.6135773159
10
1882.8152537587
20
1224.614003991
72
1
10
1882.8152537587
20
1224.614003991
11
1850.7203441347
21
1224.6401399109
72
4
94
3
73
0
74
0
95
8
96
4
40
0.0
40
0.0
40
0.0
40
0.0
40
1.0
40
1.0
40
1.0
40
1.0
10
1850.7203441347
20
1224.6401399109
10
1850.1965227474
20
1224.6405664755
10
1849.7525568519
20
1224.2547587429
10
1849.6799097643
20
1223.7359992336
72
1
10
1849.6799097643
20
1223.7359992336
11
1836.3975169099
21
1128.8888714835
72
1
10
1836.3975169099
20
1128.8888714835
11
1836.3975169099
21
1128.8888714835
72
4
94
3
73
0
74
0
95
8
96
4
40
0.0
40
0.0
40
0.0
40
0.0
40
1.0
40
1.0
40
1.0
40
1.0
10
1836.3975169099
20
1128.8888714835
10
1836.3248358378
20
1128.3698692969
10
1835.8805038309
20
1127.9839828635
10
1835.3564377593
20
1127.9847315293
72
1
10
1835.3564377593
20
1127.9847315293
11
1818.1390744835
21
1128.0093277626
72
1
10
1818.1390744835
20
1128.0093277626
11
1818.1390744835
21
1128.0093277626
72
4
94
3
73
0
74
0
95
8
96
4
40
0.0
40
0.0
40
0.0
40
0.0
40
1.0
40
1.0
40
1.0
40
1.0
10
1818.1390744835
20
1128.0093277626
10
1817.8355150563
20
1128.0097614189
10
1817.5470064463
20
1128.141583318
10
1817.3479742489
20
1128.3707878081
72
4
94
3
73
0
74
0
95
8
96
4
40
0.0
40
0.0
40
0.0
40
0.0
40
1.0
40
1.0
40
1.0
40
1.0
10
1817.3479742489
20
1128.3707878081
10
1817.1489420515
20
1128.5999922982
10
1817.0588765745
20
1128.9041344377
10
1817.1010117059
20
1129.204755702
72
1
10
1817.1010117059
20
1129.204755702
11
1830.3022008953
21
1223.3911993878
72
1
10
1830.3022008953
20
1223.3911993878
11
1830.3022008953
21
1223.3911993878
72
4
94
3
73
0
74
0
95
8
96
4
40
0.0
40
0.0
40
0.0
40
0.0
40
1.0
40
1.0
40
1.0
40
1.0
10
1830.3022008953
20
1223.3911993878
10
1830.3443514234
20
1223.6919305026
10
1830.2542042725
20
1223.9961792679
10
1830.0550299357
20
1224.2254072198
72
4
94
3
73
0
74
0
95
8
96
4
40
0.0
40
0.0
40
0.0
40
0.0
40
1.0
40
1.0
40
1.0
40
1.0
10
1830.0550299357
20
1224.2254072198
10
1829.8558555989
20
1224.4546351718
10
1829.567173042
20
1224.5863781083
10
1829.2635024837
20
1224.5866280429
72
1
10
1829.2635024837
20
1224.5866280429
11
1798.1110645397
21
1224.6122679095
72
4
94
3
73
0
74
0
95
8
96
4
40
0.0
40
0.0
40
0.0
40
0.0
40
1.0
40
1.0
40
1.0
40
1.0
10
1798.1110645397
20
1224.6122679095
10
1797.8075630895
20
1224.6125177049
10
1797.5190241159
20
1224.7441146642
10
1797.3198549691
20
1224.9731230562
72
4
94
3
73
0
74
0
95
8
96
4
40
0.0
40
0.0
40
0.0
40
0.0
40
1.0
40
1.0
40
1.0
40
1.0
10
1797.3198549691
20
1224.9731230562
10
1797.1206858222
20
1225.2021314482
10
1797.0303824919
20
1225.506134421
10
1797.0722320627
20
1225.8067368264
72
1
10
1797.0722320627
20
1225.8067368264
11
1797.0722320627
21
1225.8067368264
97
0
75
0
76
1
98
0
0
HATCH
5
172
100
AcDbEntity
8
Layer 1
6
ByLayer
370
-1
62
256
100
AcDbHatch
10
0
20
0
30
0
210
0
220
0
230
1
2
FILL_370
70
1
71
0
91
1
92
0
93
33
72
4
94
2
73
0
74
0
95
6
96
3
40
0.0
40
0.0
40
0.0
40
1.0
40
1.0
40
1.0
10
2118.9952255297
20
1190.1500137164
10
2127.3051573424
20
1177.5364513754
10
2136.7062385925
20
1163.0932018856
72
4
94
3
73
0
74
0
95
8
96
4
40
0.0
40
0.0
40
0.0
40
0.0
40
1.0
40
1.0
40
1.0
40
1.0
10
2136.7062385925
20
1163.0932018856
10
2136.8362757986
20
1162.8911669956
10
2137.0785337461
20
1162.7940390279
10
2137.3138538448
20
1162.8495919846
72
4
94
3
73
0
74
0
95
8
96
4
40
0.0
40
0.0
40
0.0
40
0.0
40
1.0
40
1.0
40
1.0
40
1.0
10
2137.3138538448
20
1162.8495919846
10
2137.5491739435
20
1162.9051449413
10
2137.7280229204
20
1163.1016853046
10
2137.7624309392
20
1163.3425414365
72
1
10
2137.7624309392
20
1163.3425414365
11
2148.5082872928
21
1240.1657458564
72
1
10
2148.5082872928
20
1240.1657458564
11
2148.5082872928
21
1240.1657458564
72
4
94
3
73
0
74
0
95
8
96
4
40
0.0
40
0.0
40
0.0
40
0.0
40
1.0
40
1.0
40
1.0
40
1.0
10
2148.5082872928
20
1240.1657458564
10
2148.5872601518
20
1240.6553775822
10
2149.0131307051
20
1241.0102697099
10
2149.5027624309
20
1240.9944751381
72
1
10
2149.5027624309
20
1240.9944751381
11
2166.3535911602
21
1240.9944751381
72
1
10
2166.3535911602
20
1240.9944751381
11
2166.3535911602
21
1240.9944751381
72
4
94
3
73
0
74
0
95
8
96
4
40
0.0
40
0.0
40
0.0
40
0.0
40
1.0
40
1.0
40
1.0
40
1.0
10
2166.3535911602
20
1240.9944751381
10
2166.550814292
20
1240.9944751381
10
2166.7386997114
20
1240.9102072596
10
2166.8704298596
20
1240.7626694936
72
4
94
3
73
0
74
0
95
8
96
4
40
0.0
40
0.0
40
0.0
40
0.0
40
1.0
40
1.0
40
1.0
40
1.0
10
2166.8704298596
20
1240.7626694936
10
2167.0021600078
20
1240.6151317276
10
2167.0653299449
20
1240.4182176069
10
2167.044198895
20
1240.2209944751
72
1
10
2167.044198895
20
1240.2209944751
11
2151.5745856354
21
1129.861878453
72
1
10
2151.5745856354
20
1129.861878453
11
2151.5745856354
21
1129.861878453
72
4
94
3
73
0
74
0
95
8
96
4
40
0.0
40
0.0
40
0.0
40
0.0
40
1.0
40
1.0
40
1.0
40
1.0
10
2151.5745856354
20
1129.861878453
10
2151.4481421132
20
1128.8977465967
10
2150.6326401437
20
1128.1767955801
10
2149.6685082873
20
1128.1767955801
72
1
10
2149.6685082873
20
1128.1767955801
11
2138.2320441989
21
1128.1767955801
72
4
94
3
73
0
74
0
95
8
96
4
40
0.0
40
0.0
40
0.0
40
0.0
40
1.0
40
1.0
40
1.0
40
1.0
10
2138.2320441989
20
1128.1767955801
10
2137.1298198634
20
1128.1767955801
10
2136.0982565342
20
1128.7430992167
10
2135.4925636933
20
1129.6807049657
72
4
94
2
73
0
74
0
95
6
96
3
40
0.0
40
0.0
40
0.0
40
1.0
40
1.0
40
1.0
10
2135.4925636933
20
1129.6807049657
10
2106.1356081618
20
1174.683895364
10
2103.2897520711
20
1179.0035918455
72
4
94
2
73
0
74
0
95
6
96
3
40
0.0
40
0.0
40
0.0
40
1.0
40
1.0
40
1.0
10
2103.2897520711
20
1179.0035918455
10
2094.9904821006
20
1191.6245242891
10
2085.5894008504
20
1206.0677737789
72
1
10
2085.5894008504
20
1206.0677737789
11
2085.5894008504
21
1206.0677737789
72
4
94
3
73
0
74
0
95
8
96
4
40
0.0
40
0.0
40
0.0
40
0.0
40
1.0
40
1.0
40
1.0
40
1.0
10
2085.5894008504
20
1206.0677737789
10
2085.4593636444
20
1206.2698086689
10
2085.2171056969
20
1206.3669366367
10
2084.9817855981
20
1206.31138368
72
4
94
3
73
0
74
0
95
8
96
4
40
0.0
40
0.0
40
0.0
40
0.0
40
1.0
40
1.0
40
1.0
40
1.0
10
2084.9817855981
20
1206.31138368
10
2084.7464654994
20
1206.2558307232
10
2084.5676165225
20
1206.0592903599
10
2084.5332085037
20
1205.8184342281
72
1
10
2084.5332085037
20
1205.8184342281
11
2073.7873521501
21
1128.9952298082
72
4
94
3
73
0
74
0
95
8
96
4
40
0.0
40
0.0
40
0.0
40
0.0
40
1.0
40
1.0
40
1.0
40
1.0
10
2073.7873521501
20
1128.9952298082
10
2073.7083792911
20
1128.5055980823
10
2073.2825087379
20
1128.1507059546
10
2072.792877012
20
1128.1665005264
72
1
10
2072.792877012
20
1128.1665005264
11
2055.9420482827
21
1128.1665005264
72
1
10
2055.9420482827
20
1128.1665005264
11
2055.9420482827
21
1128.1665005264
72
4
94
3
73
0
74
0
95
8
96
4
40
0.0
40
0.0
40
0.0
40
0.0
40
1.0
40
1.0
40
1.0
40
1.0
10
2055.9420482827
20
1128.1665005264
10
2055.744825151
20
1128.1665005264
10
2055.5569397315
20
1128.250768405
10
2055.4252095833
20
1128.398306171
72
4
94
3
73
0
74
0
95
8
96
4
40
0.0
40
0.0
40
0.0
40
0.0
40
1.0
40
1.0
40
1.0
40
1.0
10
2055.4252095833
20
1128.398306171
10
2055.2934794351
20
1128.545843937
10
2055.2303094981
20
1128.7427580577
10
2055.2514405479
20
1128.9399811894
72
1
10
2055.2514405479
20
1128.9399811894
11
2070.7210538076
21
1239.2990972115
72
1
10
2070.7210538076
20
1239.2990972115
11
2070.7210538076
21
1239.2990972115
72
4
94
3
73
0
74
0
95
8
96
4
40
0.0
40
0.0
40
0.0
40
0.0
40
1.0
40
1.0
40
1.0
40
1.0
10
2070.7210538076
20
1239.2990972115
10
2070.8474973297
20
1240.2632290679
10
2071.6629992993
20
1240.9841800844
10
2072.6271311557
20
1240.9841800845
72
1
10
2072.6271311557
20
1240.9841800845
11
2084.0635952441
21
1240.9841800845
72
1
10
2084.0635952441
20
1240.9841800845
11
2084.0635952441
21
1240.9841800845
72
4
94
3
73
0
74
0
95
8
96
4
40
0.0
40
0.0
40
0.0
40
0.0
40
1.0
40
1.0
40
1.0
40
1.0
10
2084.0635952441
20
1240.9841800845
10
2085.1658195795
20
1240.9841800845
10
2086.1973829087
20
1240.4178764479
10
2086.8030757497
20
1239.4802706989
72
4
94
2
73
0
74
0
95
6
96
3
40
0.0
40
0.0
40
0.0
40
1.0
40
1.0
40
1.0
10
2086.8030757497
20
1239.4802706989
10
2116.1600312811
20
1194.4770803006
10
2118.9952255297
20
1190.1500137164
97
0
75
0
76
1
98
0
0
HATCH
5
197
100
AcDbEntity
8
Layer 1
6
ByLayer
370
-1
62
256
100
AcDbHatch
10
0
20
0
30
0
210
0
220
0
230
1
2
FILL_407
70
1
71
0
91
1
92
0
93
36
72
1
10
2290.5505828222
20
1177.6249346528
11
2252.018989507
21
1177.651308091
72
4
94
3
73
0
74
0
95
8
96
4
40
0.0
40
0.0
40
0.0
40
0.0
40
1.0
40
1.0
40
1.0
40
1.0
10
2252.018989507
20
1177.651308091
10
2251.4950371716
20
1177.6516667169
10
2251.0510524855
20
1177.2656135472
10
2250.9786248973
20
1176.7466911804
72
1
10
2250.9786248973
20
1176.7466911804
11
2246.575443401
21
1145.1991908127
72
1
10
2246.575443401
20
1145.1991908127
11
2246.575443401
21
1145.1991908127
72
4
94
3
73
0
74
0
95
8
96
4
40
0.0
40
0.0
40
0.0
40
0.0
40
1.0
40
1.0
40
1.0
40
1.0
10
2246.575443401
20
1145.1991908127
10
2246.5334842498
20
1144.8985658346
10
2246.6237096034
20
1144.594495498
10
2246.8228472321
20
1144.3654100278
72
4
94
3
73
0
74
0
95
8
96
4
40
0.0
40
0.0
40
0.0
40
0.0
40
1.0
40
1.0
40
1.0
40
1.0
10
2246.8228472321
20
1144.3654100278
10
2247.0219848608
20
1144.1363245576
10
2247.3105368816
20
1144.0046540776
10
2247.6140757784
20
1144.0043609449
72
1
10
2247.6140757784
20
1144.0043609449
11
2302.4125835937
21
1143.9514410919
72
4
94
3
73
0
74
0
95
8
96
4
40
0.0
40
0.0
40
0.0
40
0.0
40
1.0
40
1.0
40
1.0
40
1.0
10
2302.4125835937
20
1143.9514410919
10
2302.7162676988
20
1143.951147819
10
2303.004942989
20
1143.8193519646
10
2303.2040850271
20
1143.5900779575
72
4
94
3
73
0
74
0
95
8
96
4
40
0.0
40
0.0
40
0.0
40
0.0
40
1.0
40
1.0
40
1.0
40
1.0
10
2303.2040850271
20
1143.5900779575
10
2303.4032270653
20
1143.3608039504
10
2303.4933182456
20
1143.0565225845
10
2303.4511006214
20
1142.7557871627
72
1
10
2303.4511006214
20
1142.7557871627
11
2301.5081840404
21
1128.9155048514
72
4
94
3
73
0
74
0
95
8
96
4
40
0.0
40
0.0
40
0.0
40
0.0
40
1.0
40
1.0
40
1.0
40
1.0
10
2301.5081840404
20
1128.9155048514
10
2301.4353868376
20
1128.396937123
10
2300.9915444004
20
1128.0113322989
10
2300.4678920563
20
1128.0117120323
72
1
10
2300.4678920563
20
1128.0117120323
11
2226.3994791059
21
1128.0654237168
72
4
94
3
73
0
74
0
95
8
96
4
40
0.0
40
0.0
40
0.0
40
0.0
40
1.0
40
1.0
40
1.0
40
1.0
10
2226.3994791059
20
1128.0654237168
10
2226.0958088146
20
1128.0656439273
10
2225.8071136099
20
1128.197358356
10
2225.6079168455
20
1128.4265664348
72
4
94
3
73
0
74
0
95
8
96
4
40
0.0
40
0.0
40
0.0
40
0.0
40
1.0
40
1.0
40
1.0
40
1.0
10
2225.6079168455
20
1128.4265664348
10
2225.4087200812
20
1128.6557745136
10
2225.3185428823
20
1128.9600140323
10
2225.3606634579
20
1129.260749051
72
1
10
2225.3606634579
20
1129.260749051
11
2240.8677357522
21
1239.9790764105
72
4
94
3
73
0
74
0
95
8
96
4
40
0.0
40
0.0
40
0.0
40
0.0
40
1.0
40
1.0
40
1.0
40
1.0
10
2240.8677357522
20
1239.9790764105
10
2240.940393537
20
1240.4978428326
10
2241.3843789718
20
1240.8836450761
10
2241.9082086716
20
1240.8831979317
72
1
10
2241.9082086716
20
1240.8831979317
11
2304.5116032943
21
1240.8297592679
72
1
10
2304.5116032943
20
1240.8297592679
11
2304.5116032943
21
1240.8297592679
72
4
94
3
73
0
74
0
95
8
96
4
40
0.0
40
0.0
40
0.0
40
0.0
40
1.0
40
1.0
40
1.0
40
1.0
10
2304.5116032943
20
1240.8297592679
10
2304.8153517509
20
1240.8294999862
10
2305.1040964167
20
1240.6976809485
10
2305.3032660837
20
1240.4683457443
72
4
94
3
73
0
74
0
95
8
96
4
40
0.0
40
0.0
40
0.0
40
0.0
40
1.0
40
1.0
40
1.0
40
1.0
10
2305.3032660837
20
1240.4683457443
10
2305.5024357506
20
1240.2390105401
10
2305.5925015554
20
1239.9346458057
10
2305.5502030999
20
1239.6338567886
72
1
10
2305.5502030999
20
1239.6338567886
11
2303.6078015468
21
1225.8212235224
72
1
10
2303.6078015468
20
1225.8212235224
11
2303.6078015468
21
1225.8212235224
72
4
94
3
73
0
74
0
95
8
96
4
40
0.0
40
0.0
40
0.0
40
0.0
40
1.0
40
1.0
40
1.0
40
1.0
10
2303.6078015468
20
1225.8212235224
10
2303.5349003809
20
1225.3028152319
10
2303.091179997
20
1224.9173625513
10
2302.567671033
20
1224.9176790621
72
1
10
2302.567671033
20
1224.9176790621
11
2258.7034209716
21
1224.9441991649
72
4
94
3
73
0
74
0
95
8
96
4
40
0.0
40
0.0
40
0.0
40
0.0
40
1.0
40
1.0
40
1.0
40
1.0
10
2258.7034209716
20
1224.9441991649
10
2258.1797503166
20
1224.9445157736
10
2257.7359447526
20
1224.5588312396
10
2257.663231287
20
1224.0402333153
72
1
10
2257.663231287
20
1224.0402333153
11
2253.565294508
21
1194.8134389296
72
4
94
3
73
0
74
0
95
8
96
4
40
0.0
40
0.0
40
0.0
40
0.0
40
1.0
40
1.0
40
1.0
40
1.0
10
2253.565294508
20
1194.8134389296
10
2253.5231240186
20
1194.5126758162
10
2253.6132811938
20
1194.2083893777
10
2253.8124881254
20
1193.9791440966
72
4
94
3
73
0
74
0
95
8
96
4
40
0.0
40
0.0
40
0.0
40
0.0
40
1.0
40
1.0
40
1.0
40
1.0
10
2253.8124881254
20
1193.9791440966
10
2254.0116950569
20
1193.7498988154
10
2254.3004250039
20
1193.6181658635
10
2254.6041300536
20
1193.6179577038
72
1
10
2254.6041300536
20
1193.6179577038
11
2292.4954049359
21
1193.5919869876
72
1
10
2292.4954049359
20
1193.5919869876
11
2292.4954049359
21
1193.5919869876
72
4
94
3
73
0
74
0
95
8
96
4
40
0.0
40
0.0
40
0.0
40
0.0
40
1.0
40
1.0
40
1.0
40
1.0
10
2292.4954049359
20
1193.5919869876
10
2292.7990968287
20
1193.5917788369
10
2293.0878156046
20
1193.4600572449
10
2293.287022138
20
1193.2308290484
72
4
94
3
73
0
74
0
95
8
96
4
40
0.0
40
0.0
40
0.0
40
0.0
40
1.0
40
1.0
40
1.0
40
1.0
10
2293.287022138
20
1193.2308290484
10
2293.4862286714
20
1193.0016008519
10
2293.5763980096
20
1192.6973335355
10
2293.5342509472
20
1192.3965804238
72
1
10
2293.5342509472
20
1192.3965804238
11
2291.5908668116
21
1178.5289751103
72
1
10
2291.5908668116
20
1178.5289751103
11
2291.5908668116
21
1178.5289751103
72
4
94
3
73
0
74
0
95
8
96
4
40
0.0
40
0.0
40
0.0
40
0.0
40
1.0
40
1.0
40
1.0
40
1.0
10
2291.5908668116
20
1178.5289751103
10
2291.5181821948
20
1178.0103120426
10
2291.0743139582
20
1177.6245761783
10
2290.5505828222
20
1177.6249346528
72
1
10
2290.5505828222
20
1177.6249346528
11
2290.5505828222
21
1177.6249346528
97
0
75
0
76
1
98
0
0
HATCH
5
1c3
100
AcDbEntity
8
Layer 1
6
ByLayer
370
-1
62
256
100
AcDbHatch
10
0
20
0
30
0
210
0
220
0
230
1
2
FILL_451
70
1
71
0
91
1
92
0
93
43
72
1
10
2377.9151235316
20
1184.4422282604
11
2411.9675433505
21
1129.5577398465
72
1
10
2411.9675433505
20
1129.5577398465
11
2411.9675433505
21
1129.5577398465
72
4
94
3
73
0
74
0
95
8
96
4
40
0.0
40
0.0
40
0.0
40
0.0
40
1.0
40
1.0
40
1.0
40
1.0
10
2411.9675433505
20
1129.5577398465
10
2412.1353922285
20
1129.287206949
10
2412.1447979728
20
1128.9473139468
10
2411.9921672415
20
1128.6679125253
72
4
94
3
73
0
74
0
95
8
96
4
40
0.0
40
0.0
40
0.0
40
0.0
40
1.0
40
1.0
40
1.0
40
1.0
10
2411.9921672415
20
1128.6679125253
10
2411.8395365103
20
1128.3885111039
10
2411.5484512095
20
1128.2127696213
10
2411.2301166795
20
1128.2078278175
72
1
10
2411.2301166795
20
1128.2078278175
11
2391.9375710606
21
1127.9083316371
72
1
10
2391.9375710606
20
1127.9083316371
11
2391.9375710606
21
1127.9083316371
72
4
94
3
73
0
74
0
95
8
96
4
40
0.0
40
0.0
40
0.0
40
0.0
40
1.0
40
1.0
40
1.0
40
1.0
10
2391.9375710606
20
1127.9083316371
10
2391.626739604
20
1127.9035063105
10
2391.3362201376
20
1128.0623073848
10
2391.1724630028
20
1128.3265479551
72
1
10
2391.1724630028
20
1128.3265479551
11
2365.6823653648
21
1169.4576897983
72
1
10
2365.6823653648
20
1169.4576897983
11
2365.6823653648
21
1169.4576897983
72
4
94
3
73
0
74
0
95
8
96
4
40
0.0
40
0.0
40
0.0
40
0.0
40
1.0
40
1.0
40
1.0
40
1.0
10
2365.6823653648
20
1169.4576897983
10
2365.5350109195
20
1169.6954627828
10
2365.2838096123
20
1169.8494590162
10
2365.0050629207
20
1169.8729027063
72
4
94
3
73
0
74
0
95
8
96
4
40
0.0
40
0.0
40
0.0
40
0.0
40
1.0
40
1.0
40
1.0
40
1.0
10
2365.0050629207
20
1169.8729027063
10
2364.7263162291
20
1169.8963463965
10
2364.4529222562
20
1169.7864706838
10
2364.2679234205
20
1169.5766499139
72
1
10
2364.2679234205
20
1169.5766499139
11
2328.0485607952
21
1128.4976100201
72
1
10
2328.0485607952
20
1128.4976100201
11
2328.0485607952
21
1128.4976100201
72
4
94
3
73
0
74
0
95
8
96
4
40
0.0
40
0.0
40
0.0
40
0.0
40
1.0
40
1.0
40
1.0
40
1.0
10
2328.0485607952
20
1128.4976100201
10
2327.8839128313
20
1128.310870669
10
2327.6481532986
20
1128.2022174202
10
2327.3992243739
20
1128.1983537784
72
1
10
2327.3992243739
20
1128.1983537784
11
2304.8706002037
21
1127.848685554
72
1
10
2304.8706002037
20
1127.848685554
11
2304.8706002037
21
1127.848685554
72
4
94
3
73
0
74
0
95
8
96
4
40
0.0
40
0.0
40
0.0
40
0.0
40
1.0
40
1.0
40
1.0
40
1.0
10
2304.8706002037
20
1127.848685554
10
2304.5207701258
20
1127.8432558189
10
2304.2006555158
20
1128.0446654002
10
2304.0541434523
20
1128.3623834838
72
4
94
3
73
0
74
0
95
8
96
4
40
0.0
40
0.0
40
0.0
40
0.0
40
1.0
40
1.0
40
1.0
40
1.0
10
2304.0541434523
20
1128.3623834838
10
2303.9076313888
20
1128.6801015674
10
2303.9622945157
20
1129.0543356193
10
2304.1935625152
20
1129.3168726219
72
1
10
2304.1935625152
20
1129.3168726219
11
2354.5386005214
21
1186.4689014508
72
1
10
2354.5386005214
20
1186.4689014508
11
2354.5386005214
21
1186.4689014508
72
4
94
3
73
0
74
0
95
8
96
4
40
0.0
40
0.0
40
0.0
40
0.0
40
1.0
40
1.0
40
1.0
40
1.0
10
2354.5386005214
20
1186.4689014508
10
2354.7961752159
20
1186.7613019922
10
2354.8319042977
20
1187.187873943
10
2354.6265593564
20
1187.5190479984
72
1
10
2354.6265593564
20
1187.5190479984
11
2322.479255555
21
1239.3652386234
72
1
10
2322.479255555
20
1239.3652386234
11
2322.479255555
21
1239.3652386234
72
4
94
3
73
0
74
0
95
8
96
4
40
0.0
40
0.0
40
0.0
40
0.0
40
1.0
40
1.0
40
1.0
40
1.0
10
2322.479255555
20
1239.3652386234
10
2322.3115121821
20
1239.6357700166
10
2322.3021726067
20
1239.9755968507
10
2322.4548037789
20
1240.2549332054
72
4
94
3
73
0
74
0
95
8
96
4
40
0.0
40
0.0
40
0.0
40
0.0
40
1.0
40
1.0
40
1.0
40
1.0
10
2322.4548037789
20
1240.2549332054
10
2322.6074349511
20
1240.5342695602
10
2322.8984636907
20
1240.7099732244
10
2323.2167409386
20
1240.7149398395
72
1
10
2323.2167409386
20
1240.7149398395
11
2342.3992795604
21
1241.0142772432
72
1
10
2342.3992795604
20
1241.0142772432
11
2342.3992795604
21
1241.0142772432
72
4
94
3
73
0
74
0
95
8
96
4
40
0.0
40
0.0
40
0.0
40
0.0
40
1.0
40
1.0
40
1.0
40
1.0
10
2342.3992795604
20
1241.0142772432
10
2342.7102005094
20
1241.0191290656
10
2343.0008037512
20
1240.8602588404
10
2343.1645541832
20
1240.5959083672
72
1
10
2343.1645541832
20
1240.5959083672
11
2366.914147987
21
1202.2557569351
72
1
10
2366.914147987
20
1202.2557569351
11
2366.914147987
21
1202.2557569351
72
4
94
3
73
0
74
0
95
8
96
4
40
0.0
40
0.0
40
0.0
40
0.0
40
1.0
40
1.0
40
1.0
40
1.0
10
2366.914147987
20
1202.2557569351
10
2367.0615011754
20
1202.0178773483
10
2367.3127817678
20
1201.8638117671
10
2367.5916200801
20
1201.8403841011
72
4
94
3
73
0
74
0
95
8
96
4
40
0.0
40
0.0
40
0.0
40
0.0
40
1.0
40
1.0
40
1.0
40
1.0
10
2367.5916200801
20
1201.8403841011
10
2367.8704583925
20
1201.8169564351
10
2368.1439235363
20
1201.9269334987
10
2368.3289034559
20
1202.1368908498
72
1
10
2368.3289034559
20
1202.1368908498
11
2402.0619701232
21
1240.4248592911
72
1
10
2402.0619701232
20
1240.4248592911
11
2402.0619701232
21
1240.4248592911
72
4
94
3
73
0
74
0
95
8
96
4
40
0.0
40
0.0
40
0.0
40
0.0
40
1.0
40
1.0
40
1.0
40
1.0
10
2402.0619701232
20
1240.4248592911
10
2402.2265925068
20
1240.6117102729
10
2402.4623914891
20
1240.7204574563
10
2402.7113866304
20
1240.7243610755
72
1
10
2402.7113866304
20
1240.7243610755
11
2424.9909367638
21
1241.0736485356
72
1
10
2424.9909367638
20
1241.0736485356
11
2424.9909367638
21
1241.0736485356
72
4
94
3
73
0
74
0
95
8
96
4
40
0.0
40
0.0
40
0.0
40
0.0
40
1.0
40
1.0
40
1.0
40
1.0
10
2424.9909367638
20
1241.0736485356
10
2425.3407865521
20
1241.0791333027
10
2425.6609476083
20
1240.8777500516
10
2425.8074975931
20
1240.5600268088
72
4
94
3
73
0
74
0
95
8
96
4
40
0.0
40
0.0
40
0.0
40
0.0
40
1.0
40
1.0
40
1.0
40
1.0
10
2425.8074975931
20
1240.5600268088
10
2425.9540475778
20
1240.242303566
10
2425.8994033153
20
1239.8680411976
10
2425.6681290991
20
1239.6054822634
72
1
10
2425.6681290991
20
1239.6054822634
11
2378.0029358809
21
1185.4925658709
72
1
10
2378.0029358809
20
1185.4925658709
11
2378.0029358809
21
1185.4925658709
72
4
94
3
73
0
74
0
95
8
96
4
40
0.0
40
0.0
40
0.0
40
0.0
40
1.0
40
1.0
40
1.0
40
1.0
10
2378.0029358809
20
1185.4925658709
10
2377.7453151609
20
1185.2000965125
10
2377.7096428867
20
1184.7734147117
10
2377.9151235316
20
1184.4422282604
72
1
10
2377.9151235316
20
1184.4422282604
11
2377.9151235316
21
1184.4422282604
97
0
75
0
76
1
98
0
0
HATCH
5
1df
100
AcDbEntity
8
Layer 1
6
ByLayer
370
-1
62
256
100
AcDbHatch
10
0
20
0
30
0
210
0
220
0
230
1
2
FILL_479
70
1
71
0
91
2
92
0
93
14
72
4
94
3
73
0
74
0
95
8
96
4
40
0.0
40
0.0
40
0.0
40
0.0
40
1.0
40
1.0
40
1.0
40
1.0
10
2447.5138121547
20
1128.7845303867
10
2447.4666805662
20
1128.3446355609
10
2447.0854396095
20
1128.0110497238
10
2446.6298342541
20
1128.0110497238
72
1
10
2446.6298342541
20
1128.0110497238
11
2428.8950276243
21
1128.0662983425
72
1
10
2428.8950276243
20
1128.0662983425
11
2428.8950276243
21
1128.0662983425
72
4
94
3
73
0
74
0
95
8
96
4
40
0.0
40
0.0
40
0.0
40
0.0
40
1.0
40
1.0
40
1.0
40
1.0
10
2428.8950276243
20
1128.0662983425
10
2428.6785351461
20
1128.0662983425
10
2428.4726175282
20
1128.1602560643
10
2428.3298388298
20
1128.3241871624
72
4
94
3
73
0
74
0
95
8
96
4
40
0.0
40
0.0
40
0.0
40
0.0
40
1.0
40
1.0
40
1.0
40
1.0
10
2428.3298388298
20
1128.3241871624
10
2428.1870601314
20
1128.4881182606
10
2428.1212367574
20
1128.7061594555
10
2428.1491712707
20
1128.9226519337
72
1
10
2428.1491712707
20
1128.9226519337
11
2443.591160221
21
1239.2817679558
72
1
10
2443.591160221
20
1239.2817679558
11
2443.591160221
21
1239.2817679558
72
4
94
3
73
0
74
0
95
8
96
4
40
0.0
40
0.0
40
0.0
40
0.0
40
1.0
40
1.0
40
1.0
40
1.0
10
2443.591160221
20
1239.2817679558
10
2443.7189923431
20
1240.0966977343
10
2444.4060646967
20
1240.7022530289
10
2445.2209944751
20
1240.7182320442
72
4
94
2
73
0
74
0
95
6
96
3
40
0.0
40
0.0
40
0.0
40
1.0
40
1.0
40
1.0
10
2445.2209944751
20
1240.7182320442
10
2469.4198895028
20
1241.2154696133
10
2477.7900552486
20
1240.3038674033
72
4
94
3
73
0
74
0
95
8
96
4
40
0.0
40
0.0
40
0.0
40
0.0
40
1.0
40
1.0
40
1.0
40
1.0
10
2477.7900552486
20
1240.3038674033
10
2500.1657458564
20
1237.8729281768
10
2511.9060773481
20
1220.3867403315
10
2506.7955801105
20
1199.1160220994
72
4
94
3
73
0
74
0
95
8
96
4
40
0.0
40
0.0
40
0.0
40
0.0
40
1.0
40
1.0
40
1.0
40
1.0
10
2506.7955801105
20
1199.1160220994
10
2500.8563535912
20
1174.5303867403
10
2475.5801104972
20
1172.0994475138
10
2454.9723756906
20
1173.453038674
72
1
10
2454.9723756906
20
1173.453038674
11
2454.9723756906
21
1173.453038674
72
4
94
3
73
0
74
0
95
8
96
4
40
0.0
40
0.0
40
0.0
40
0.0
40
1.0
40
1.0
40
1.0
40
1.0
10
2454.9723756906
20
1173.453038674
10
2454.3029183084
20
1173.499745003
10
2453.7121971884
20
1173.0295792137
10
2453.6187845304
20
1172.3756906077
72
1
10
2453.6187845304
20
1172.3756906077
11
2447.5138121547
21
1128.7845303867
97
0
92
0
93
13
72
1
10
2460.9480253915
20
1226.2359437037
11
2456.315653382
21
1190.5686549351
72
4
94
3
73
0
74
0
95
8
96
4
40
0.0
40
0.0
40
0.0
40
0.0
40
1.0
40
1.0
40
1.0
40
1.0
10
2456.315653382
20
1190.5686549351
10
2456.2724240846
20
1190.2358077827
10
2456.5072057447
20
1189.9309375834
10
2456.8400528971
20
1189.887708286
72
1
10
2456.8400528971
20
1189.887708286
11
2465.1678991227
21
1188.8061099059
72
1
10
2465.1678991227
20
1188.8061099059
11
2465.1678991227
21
1188.8061099059
72
4
94
3
73
0
74
0
95
8
96
4
40
0.0
40
0.0
40
0.0
40
0.0
40
1.0
40
1.0
40
1.0
40
1.0
10
2465.1678991227
20
1188.8061099059
10
2470.6024196608
20
1188.1002889227
10
2476.0580075776
20
1189.2993867843
10
2480.3344958041
20
1192.1396156483
72
4
94
3
73
0
74
0
95
8
96
4
40
0.0
40
0.0
40
0.0
40
0.0
40
1.0
40
1.0
40
1.0
40
1.0
10
2480.3344958041
20
1192.1396156483
10
2484.6109840306
20
1194.9798445123
10
2487.3580649187
20
1199.228547619
10
2487.9714120298
20
1203.9510587819
72
1
10
2487.9714120298
20
1203.9510587819
11
2488.1350749426
21
1205.2111934081
72
1
10
2488.1350749426
20
1205.2111934081
11
2488.1350749426
21
1205.2111934081
72
4
94
3
73
0
74
0
95
8
96
4
40
0.0
40
0.0
40
0.0
40
0.0
40
1.0
40
1.0
40
1.0
40
1.0
10
2488.1350749426
20
1205.2111934081
10
2489.4123041827
20
1215.0453138194
10
2481.2736214472
20
1224.2089487285
10
2469.9568182661
20
1225.6787448387
72
1
10
2469.9568182661
20
1225.6787448387
11
2461.6289720406
21
1226.7603432188
72
1
10
2461.6289720406
20
1226.7603432188
11
2461.6289720406
21
1226.7603432188
72
4
94
3
73
0
74
0
95
8
96
4
40
0.0
40
0.0
40
0.0
40
0.0
40
1.0
40
1.0
40
1.0
40
1.0
10
2461.6289720406
20
1226.7603432188
10
2461.2961248882
20
1226.8035725162
10
2460.9912546889
20
1226.5687908561
10
2460.9480253915
20
1226.2359437037
72
1
10
2460.9480253915
20
1226.2359437037
11
2460.9480253915
21
1226.2359437037
97
0
75
0
76
1
98
0
0
HATCH
5
206
100
AcDbEntity
8
Layer 1
6
ByLayer
370
-1
62
256
100
AcDbHatch
10
0
20
0
30
0
210
0
220
0
230
1
2
FILL_518
70
1
71
0
91
1
92
0
93
38
72
4
94
3
73
0
74
0
95
8
96
4
40
0.0
40
0.0
40
0.0
40
0.0
40
1.0
40
1.0
40
1.0
40
1.0
10
2584.3877021011
20
1193.6374044944
10
2584.7353843051
20
1193.6372892394
10
2585.0657591064
20
1193.4850868727
10
2585.2934818784
20
1193.2201153269
72
4
94
3
73
0
74
0
95
8
96
4
40
0.0
40
0.0
40
0.0
40
0.0
40
1.0
40
1.0
40
1.0
40
1.0
10
2585.2934818784
20
1193.2201153269
10
2585.5212046504
20
1192.9551437811
10
2585.6239403395
20
1192.6033914701
10
2585.5751495759
20
1192.2557254018
72
1
10
2585.5751495759
20
1192.2557254018
11
2583.6645801108
21
1178.9960183376
72
1
10
2583.6645801108
20
1178.9960183376
11
2583.6645801108
21
1178.9960183376
72
4
94
3
73
0
74
0
95
8
96
4
40
0.0
40
0.0
40
0.0
40
0.0
40
1.0
40
1.0
40
1.0
40
1.0
10
2583.6645801108
20
1178.9960183376
10
2583.5533622498
20
1178.2193324533
10
2582.8820402785
20
1177.6426179958
10
2582.0894661284
20
1177.6428807305
72
1
10
2582.0894661284
20
1177.6428807305
11
2544.601382883
21
1177.6553078558
72
1
10
2544.601382883
20
1177.6553078558
11
2544.601382883
21
1177.6553078558
72
4
94
3
73
0
74
0
95
8
96
4
40
0.0
40
0.0
40
0.0
40
0.0
40
1.0
40
1.0
40
1.0
40
1.0
10
2544.601382883
20
1177.6553078558
10
2543.7136998349
20
1177.6556021186
10
2542.9599309798
20
1176.9964954208
10
2542.832824853
20
1176.1088544102
72
1
10
2542.832824853
20
1176.1088544102
11
2538.6512421785
21
1145.6390833537
72
1
10
2538.6512421785
20
1145.6390833537
11
2538.6512421785
21
1145.6390833537
72
4
94
3
73
0
74
0
95
8
96
4
40
0.0
40
0.0
40
0.0
40
0.0
40
1.0
40
1.0
40
1.0
40
1.0
10
2538.6512421785
20
1145.6390833537
10
2538.59527593
20
1145.2134351523
10
2538.7238821652
20
1144.7843168561
10
2539.0041560809
20
1144.4615213774
72
4
94
3
73
0
74
0
95
8
96
4
40
0.0
40
0.0
40
0.0
40
0.0
40
1.0
40
1.0
40
1.0
40
1.0
10
2539.0041560809
20
1144.4615213774
10
2539.2844299965
20
1144.1387258986
10
2539.6891792719
20
1143.953571022
10
2540.1148459791
20
1143.9534299155
72
1
10
2540.1148459791
20
1143.9534299155
11
2594.3993677213
21
1143.963060558
72
4
94
3
73
0
74
0
95
8
96
4
40
0.0
40
0.0
40
0.0
40
0.0
40
1.0
40
1.0
40
1.0
40
1.0
10
2594.3993677213
20
1143.963060558
10
2594.7131123646
20
1143.9629565531
10
2595.0113904625
20
1143.8262702017
10
2595.2177036949
20
1143.5880569648
72
4
94
3
73
0
74
0
95
8
96
4
40
0.0
40
0.0
40
0.0
40
0.0
40
1.0
40
1.0
40
1.0
40
1.0
10
2595.2177036949
20
1143.5880569648
10
2595.4240169274
20
1143.3498437279
10
2595.5182947845
20
1143.0332774033
10
2595.4763581605
20
1142.7195466273
72
1
10
2595.4763581605
20
1142.7195466273
11
2593.5380897269
21
1129.2388430717
72
4
94
3
73
0
74
0
95
8
96
4
40
0.0
40
0.0
40
0.0
40
0.0
40
1.0
40
1.0
40
1.0
40
1.0
10
2593.5380897269
20
1129.2388430717
10
2593.4429000516
20
1128.5425097702
10
2592.8527662565
20
1128.0235390491
10
2592.1564014765
20
1128.0237698908
72
1
10
2592.1564014765
20
1128.0237698908
11
2518.8101424908
21
1128.0204581256
72
1
10
2518.8101424908
20
1128.0204581256
11
2518.8101424908
21
1128.0204581256
72
4
94
3
73
0
74
0
95
8
96
4
40
0.0
40
0.0
40
0.0
40
0.0
40
1.0
40
1.0
40
1.0
40
1.0
10
2518.8101424908
20
1128.0204581256
10
2518.3803164475
20
1128.0206006109
10
2517.9716748053
20
1128.2067458784
10
2517.6906421832
20
1128.5304151702
72
4
94
3
73
0
74
0
95
8
96
4
40
0.0
40
0.0
40
0.0
40
0.0
40
1.0
40
1.0
40
1.0
40
1.0
10
2517.6906421832
20
1128.5304151702
10
2517.4096095611
20
1128.8540844621
10
2517.2840044
20
1129.2832388819
10
2517.3465386903
20
1129.7061115637
72
1
10
2517.3465386903
20
1129.7061115637
11
2532.8532264686
21
1239.1816566715
72
1
10
2532.8532264686
20
1239.1816566715
11
2532.8532264686
21
1239.1816566715
72
4
94
3
73
0
74
0
95
8
96
4
40
0.0
40
0.0
40
0.0
40
0.0
40
1.0
40
1.0
40
1.0
40
1.0
10
2532.8532264686
20
1239.1816566715
10
2532.9799949843
20
1240.145787593
10
2533.8194251677
20
1240.8665046414
10
2534.8152102306
20
1240.8661745433
72
1
10
2534.8152102306
20
1240.8661745433
11
2596.5034120633
21
1240.8457251911
72
1
10
2596.5034120633
20
1240.8457251911
11
2596.5034120633
21
1240.8457251911
72
4
94
3
73
0
74
0
95
8
96
4
40
0.0
40
0.0
40
0.0
40
0.0
40
1.0
40
1.0
40
1.0
40
1.0
10
2596.5034120633
20
1240.8457251911
10
2596.8171567066
20
1240.8456211862
10
2597.1154348045
20
1240.7089348348
10
2597.3217480369
20
1240.4707215979
72
4
94
3
73
0
74
0
95
8
96
4
40
0.0
40
0.0
40
0.0
40
0.0
40
1.0
40
1.0
40
1.0
40
1.0
10
2597.3217480369
20
1240.4707215979
10
2597.5280612693
20
1240.232508361
10
2597.6223391264
20
1239.9159420364
10
2597.5804025024
20
1239.6022112604
72
1
10
2597.5804025024
20
1239.6022112604
11
2595.6973854812
21
1226.1214893892
72
1
10
2595.6973854812
20
1226.1214893892
11
2595.6973854812
21
1226.1214893892
72
4
94
3
73
0
74
0
95
8
96
4
40
0.0
40
0.0
40
0.0
40
0.0
40
1.0
40
1.0
40
1.0
40
1.0
10
2595.6973854812
20
1226.1214893892
10
2595.5856692619
20
1225.4366641763
10
2595.0005685596
20
1224.9338148858
10
2594.3157063886
20
1224.9340419145
72
1
10
2594.3157063886
20
1224.9340419145
11
2551.3853590317
21
1224.9482731251
72
1
10
2551.3853590317
20
1224.9482731251
11
2551.3853590317
21
1224.9482731251
72
4
94
3
73
0
74
0
95
8
96
4
40
0.0
40
0.0
40
0.0
40
0.0
40
1.0
40
1.0
40
1.0
40
1.0
10
2551.3853590317
20
1224.9482731251
10
2550.4818237943
20
1224.9485726428
10
2549.7162815217
20
1224.2894705417
10
2549.5891752955
20
1223.4018288372
72
1
10
2549.5891752955
20
1223.4018288372
11
2545.629358367
21
1195.2249181288
72
4
94
3
73
0
74
0
95
8
96
4
40
0.0
40
0.0
40
0.0
40
0.0
40
1.0
40
1.0
40
1.0
40
1.0
10
2545.629358367
20
1195.2249181288
10
2545.5668881454
20
1194.8093889998
10
2545.6895948032
20
1194.3872650926
10
2545.965436843
20
1194.0687725539
72
4
94
3
73
0
74
0
95
8
96
4
40
0.0
40
0.0
40
0.0
40
0.0
40
1.0
40
1.0
40
1.0
40
1.0
10
2545.965436843
20
1194.0687725539
10
2546.2412788827
20
1193.7502800152
10
2546.6428699975
20
1193.5670396033
10
2547.0653456192
20
1193.5668995546
72
1
10
2547.0653456192
20
1193.5668995546
11
2584.3877021011
21
1193.6374044944
97
0
75
0
76
1
98
0
0
HATCH
5
22e
100
AcDbEntity
8
Layer 1
6
ByLayer
370
-1
62
256
100
AcDbHatch
10
0
20
0
30
0
210
0
220
0
230
1
2
FILL_558
70
1
71
0
91
2
92
0
93
29
72
1
10
2669.1712707182
20
1179.2541436464
11
2674.0331491713
21
1174.9723756906
72
1
10
2674.0331491713
20
1174.9723756906
11
2674.0331491713
21
1174.9723756906
72
4
94
3
73
0
74
0
95
8
96
4
40
0.0
40
0.0
40
0.0
40
0.0
40
1.0
40
1.0
40
1.0
40
1.0
10
2674.0331491713
20
1174.9723756906
10
2674.5813234673
20
1174.4790188242
10
2675.0395632773
20
1173.8898533541
10
2675.3867403315
20
1173.2320441989
72
1
10
2675.3867403315
20
1173.2320441989
11
2697.8453038674
21
1128.5635359116
72
1
10
2697.8453038674
20
1128.5635359116
11
2697.8453038674
21
1128.5635359116
72
4
94
3
73
0
74
0
95
8
96
4
40
0.0
40
0.0
40
0.0
40
0.0
40
1.0
40
1.0
40
1.0
40
1.0
10
2697.8453038674
20
1128.5635359116
10
2697.9197834694
20
1128.4203059077
10
2697.9131175416
20
1128.2482713224
10
2697.8277986778
20
1128.1117611403
72
4
94
3
73
0
74
0
95
8
96
4
40
0.0
40
0.0
40
0.0
40
0.0
40
1.0
40
1.0
40
1.0
40
1.0
10
2697.8277986778
20
1128.1117611403
10
2697.7424798139
20
1127.9752509582
10
2697.5913568309
20
1127.894823286
10
2697.4309392265
20
1127.9005524862
72
1
10
2697.4309392265
20
1127.9005524862
11
2677.7624309392
21
1128.1215469613
72
4
94
3
73
0
74
0
95
8
96
4
40
0.0
40
0.0
40
0.0
40
0.0
40
1.0
40
1.0
40
1.0
40
1.0
10
2677.7624309392
20
1128.1215469613
10
2677.408178563
20
1128.1215469613
10
2677.0855241044
20
1128.3258947851
10
2676.9337016575
20
1128.6464088398
72
4
94
2
73
0
74
0
95
6
96
3
40
0.0
40
0.0
40
0.0
40
1.0
40
1.0
40
1.0
10
2676.9337016575
20
1128.6464088398
10
2667.8729281768
20
1148.5635359116
10
2658.6740331492
20
1165.6906077348
72
4
94
2
73
0
74
0
95
6
96
3
40
0.0
40
0.0
40
0.0
40
1.0
40
1.0
40
1.0
10
2658.6740331492
20
1165.6906077348
10
2651.9337016575
20
1178.2044198895
10
2637.4861878453
20
1175.7182320442
72
1
10
2637.4861878453
20
1175.7182320442
11
2637.4861878453
21
1175.7182320442
72
4
94
3
73
0
74
0
95
8
96
4
40
0.0
40
0.0
40
0.0
40
0.0
40
1.0
40
1.0
40
1.0
40
1.0
10
2637.4861878453
20
1175.7182320442
10
2636.6157601655
20
1175.5704235703
10
2635.9436914282
20
1174.8759525417
10
2635.8287292818
20
1174.0055248619
72
1
10
2635.8287292818
20
1174.0055248619
11
2629.4751381215
21
1128.6464088398
72
1
10
2629.4751381215
20
1128.6464088398
11
2629.4751381215
21
1128.6464088398
72
4
94
3
73
0
74
0
95
8
96
4
40
0.0
40
0.0
40
0.0
40
0.0
40
1.0
40
1.0
40
1.0
40
1.0
10
2629.4751381215
20
1128.6464088398
10
2629.4123624598
20
1128.1912852923
10
2629.0186594591
20
1127.8572342614
10
2628.5635359116
20
1127.8729281768
72
1
10
2628.5635359116
20
1127.8729281768
11
2610.7458563536
21
1128.0662983425
72
1
10
2610.7458563536
20
1128.0662983425
11
2610.7458563536
21
1128.0662983425
72
4
94
3
73
0
74
0
95
8
96
4
40
0.0
40
0.0
40
0.0
40
0.0
40
1.0
40
1.0
40
1.0
40
1.0
10
2610.7458563536
20
1128.0662983425
10
2610.5829227664
20
1128.0733824115
10
2610.4301740516
20
1128.1463104532
10
2610.3250437911
20
1128.2672102528
72
4
94
3
73
0
74
0
95
8
96
4
40
0.0
40
0.0
40
0.0
40
0.0
40
1.0
40
1.0
40
1.0
40
1.0
10
2610.3250437911
20
1128.2672102528
10
2610.2199135305
20
1128.3881100525
10
2610.1721179587
20
1128.5458079404
10
2610.1933701657
20
1128.7016574586
72
1
10
2610.1933701657
20
1128.7016574586
11
2625.6629834254
21
1239.1436464088
72
1
10
2625.6629834254
20
1239.1436464088
11
2625.6629834254
21
1239.1436464088
72
4
94
3
73
0
74
0
95
8
96
4
40
0.0
40
0.0
40
0.0
40
0.0
40
1.0
40
1.0
40
1.0
40
1.0
10
2625.6629834254
20
1239.1436464088
10
2625.7739381963
20
1240.0312845757
10
2626.5274503782
20
1240.7023813626
10
2627.4309392265
20
1240.7182320442
72
4
94
3
73
0
74
0
95
8
96
4
40
0.0
40
0.0
40
0.0
40
0.0
40
1.0
40
1.0
40
1.0
40
1.0
10
2627.4309392265
20
1240.7182320442
10
2653.1491712707
20
1241.270718232
10
2693.9226519337
20
1245.1933701657
10
2692.7071823204
20
1208.6464088398
72
4
94
3
73
0
74
0
95
8
96
4
40
0.0
40
0.0
40
0.0
40
0.0
40
1.0
40
1.0
40
1.0
40
1.0
10
2692.7071823204
20
1208.6464088398
10
2692.2375690608
20
1195.1104972376
10
2682.6519337017
20
1184.5027624309
10
2669.6961325967
20
1181.3535911602
72
1
10
2669.6961325967
20
1181.3535911602
11
2669.6961325967
21
1181.3535911602
72
4
94
3
73
0
74
0
95
8
96
4
40
0.0
40
0.0
40
0.0
40
0.0
40
1.0
40
1.0
40
1.0
40
1.0
10
2669.6961325967
20
1181.3535911602
10
2669.2525795746
20
1181.2467109139
10
2668.9047263308
20
1180.9022187569
10
2668.7942863673
20
1180.460458903
72
4
94
3
73
0
74
0
95
8
96
4
40
0.0
40
0.0
40
0.0
40
0.0
40
1.0
40
1.0
40
1.0
40
1.0
10
2668.7942863673
20
1180.460458903
10
2668.6838464038
20
1180.018699049
10
2668.8292539301
20
1179.553408336
10
2669.1712707182
20
1179.2541436464
72
1
10
2669.1712707182
20
1179.2541436464
11
2669.1712707182
21
1179.2541436464
97
0
92
0
93
10
72
4
94
3
73
0
74
0
95
8
96
4
40
0.0
40
0.0
40
0.0
40
0.0
40
1.0
40
1.0
40
1.0
40
1.0
10
2640.3867403315
20
1191.1878453039
10
2651.2983425414
20
1190.773480663
10
2666.7127071823
20
1191.6298342541
10
2671.270718232
20
1202.4585635359
72
4
94
3
73
0
74
0
95
8
96
4
40
0.0
40
0.0
40
0.0
40
0.0
40
1.0
40
1.0
40
1.0
40
1.0
10
2671.270718232
20
1202.4585635359
10
2675.8287292818
20
1213.2872928177
10
2670.0
20
1223.0939226519
10
2658.0939226519
20
1224.4475138122
72
4
94
2
73
0
74
0
95
6
96
3
40
0.0
40
0.0
40
0.0
40
1.0
40
1.0
40
1.0
10
2658.0939226519
20
1224.4475138122
10
2652.7900552486
20
1225.0552486188
10
2644.5027624309
20
1224.6408839779
72
1
10
2644.5027624309
20
1224.6408839779
11
2644.5027624309
21
1224.6408839779
72
4
94
3
73
0
74
0
95
8
96
4
40
0.0
40
0.0
40
0.0
40
0.0
40
1.0
40
1.0
40
1.0
40
1.0
10
2644.5027624309
20
1224.6408839779
10
2643.619020664
20
1224.5926798815
10
2642.8909751962
20
1223.9224158001
10
2642.7624309392
20
1223.0386740331
72
1
10
2642.7624309392
20
1223.0386740331
11
2638.591160221
21
1193.3149171271
72
1
10
2638.591160221
20
1193.3149171271
11
2638.591160221
21
1193.3149171271
72
4
94
3
73
0
74
0
95
8
96
4
40
0.0
40
0.0
40
0.0
40
0.0
40
1.0
40
1.0
40
1.0
40
1.0
10
2638.591160221
20
1193.3149171271
10
2638.5207000354
20
1192.7864657352
10
2638.6760294314
20
1192.2530026701
10
2639.0184800909
20
1191.8473303504
72
4
94
3
73
0
74
0
95
8
96
4
40
0.0
40
0.0
40
0.0
40
0.0
40
1.0
40
1.0
40
1.0
40
1.0
10
2639.0184800909
20
1191.8473303504
10
2639.3609307504
20
1191.4416580307
10
2639.8582889396
20
1191.201937341
10
2640.3867403315
20
1191.1878453039
72
1
10
2640.3867403315
20
1191.1878453039
11
2640.3867403315
21
1191.1878453039
97
0
75
0
76
1
98
0
0
HATCH
5
23e
100
AcDbEntity
8
Layer 1
6
ByLayer
370
-1
62
256
100
AcDbHatch
10
0
20
0
30
0
210
0
220
0
230
1
2
FILL_574
70
1
71
0
91
1
92
0
93
15
72
1
10
2729.6649582809
20
1240.8828795687
11
2747.2449635807
21
1240.8578011018
72
1
10
2747.2449635807
20
1240.8578011018
11
2747.2449635807
21
1240.8578011018
72
4
94
3
73
0
74
0
95
8
96
4
40
0.0
40
0.0
40
0.0
40
0.0
40
1.0
40
1.0
40
1.0
40
1.0
10
2747.2449635807
20
1240.8578011018
10
2747.5005404979
20
1240.8574365127
10
2747.7434511523
20
1240.7464740632
10
2747.9110560331
20
1240.5535277041
72
4
94
3
73
0
74
0
95
8
96
4
40
0.0
40
0.0
40
0.0
40
0.0
40
1.0
40
1.0
40
1.0
40
1.0
10
2747.9110560331
20
1240.5535277041
10
2748.0786609138
20
1240.360581345
10
2748.1545541581
20
1240.1045374685
10
2748.1191651313
20
1239.851422257
72
1
10
2748.1191651313
20
1239.851422257
11
2732.59266677
21
1128.8002500901
72
1
10
2732.59266677
20
1128.8002500901
11
2732.59266677
21
1128.8002500901
72
4
94
3
73
0
74
0
95
8
96
4
40
0.0
40
0.0
40
0.0
40
0.0
40
1.0
40
1.0
40
1.0
40
1.0
10
2732.59266677
20
1128.8002500901
10
2732.5316147154
20
1128.3635835559
10
2732.1581180379
20
1128.0386740331
10
2731.7172041967
20
1128.0386740331
72
1
10
2731.7172041967
20
1128.0386740331
11
2714.1103030445
21
1128.0386740331
72
1
10
2714.1103030445
20
1128.0386740331
11
2714.1103030445
21
1128.0386740331
72
4
94
3
73
0
74
0
95
8
96
4
40
0.0
40
0.0
40
0.0
40
0.0
40
1.0
40
1.0
40
1.0
40
1.0
10
2714.1103030445
20
1128.0386740331
10
2713.8544739448
20
1128.0386740331
10
2713.6111911852
20
1128.1495071809
10
2713.4433033138
20
1128.3425413512
72
4
94
3
73
0
74
0
95
8
96
4
40
0.0
40
0.0
40
0.0
40
0.0
40
1.0
40
1.0
40
1.0
40
1.0
10
2713.4433033138
20
1128.3425413512
10
2713.2754154425
20
1128.5355755215
10
2713.1993895331
20
1128.791877197
10
2713.2348657693
20
1129.0452345828
72
1
10
2713.2348657693
20
1129.0452345828
11
2728.7882599829
21
1240.1214852166
72
1
10
2728.7882599829
20
1240.1214852166
11
2728.7882599829
21
1240.1214852166
72
4
94
3
73
0
74
0
95
8
96
4
40
0.0
40
0.0
40
0.0
40
0.0
40
1.0
40
1.0
40
1.0
40
1.0
10
2728.7882599829
20
1240.1214852166
10
2728.8494590534
20
1240.5585450121
10
2729.2236350494
20
1240.883509131
10
2729.6649582809
20
1240.8828795687
72
1
10
2729.6649582809
20
1240.8828795687
11
2729.6649582809
21
1240.8828795687
97
0
75
0
76
1
98
0
0
HATCH
5
264
100
AcDbEntity
8
Layer 1
6
ByLayer
370
-1
62
256
100
AcDbHatch
10
0
20
0
30
0
210
0
220
0
230
1
2
FILL_612
70
1
71
0
91
1
92
0
93
37
72
4
94
3
73
0
74
0
95
8
96
4
40
0.0
40
0.0
40
0.0
40
0.0
40
1.0
40
1.0
40
1.0
40
1.0
10
2828.36607877
20
1193.6504985124
10
2828.7137328698
20
1193.6505677953
10
2829.0441616876
20
1193.4985531012
10
2829.2720066428
20
1193.2337238819
72
4
94
3
73
0
74
0
95
8
96
4
40
0.0
40
0.0
40
0.0
40
0.0
40
1.0
40
1.0
40
1.0
40
1.0
10
2829.2720066428
20
1193.2337238819
10
2829.499851598
20
1192.9688946626
10
2829.6027656534
20
1192.6172253725
10
2829.5541633623
20
1192.2695615731
72
1
10
2829.5541633623
20
1192.2695615731
11
2827.6507861172
21
1179.0099146489
72
4
94
3
73
0
74
0
95
8
96
4
40
0.0
40
0.0
40
0.0
40
0.0
40
1.0
40
1.0
40
1.0
40
1.0
10
2827.6507861172
20
1179.0099146489
10
2827.5399894836
20
1178.2332326554
10
2826.8690279803
20
1177.6562086199
10
2826.0765178963
20
1177.6560506831
72
1
10
2826.0765178963
20
1177.6560506831
11
2788.5914649235
21
1177.6485804047
72
1
10
2788.5914649235
20
1177.6485804047
11
2788.5914649235
21
1177.6485804047
72
4
94
3
73
0
74
0
95
8
96
4
40
0.0
40
0.0
40
0.0
40
0.0
40
1.0
40
1.0
40
1.0
40
1.0
10
2788.5914649235
20
1177.6485804047
10
2787.7038536294
20
1177.6484035154
10
2786.9504956501
20
1176.9889501564
10
2786.8238709259
20
1176.1013135924
72
1
10
2786.8238709259
20
1176.1013135924
11
2782.6587985001
21
1145.6317915282
72
1
10
2782.6587985001
20
1145.6317915282
11
2782.6587985001
21
1145.6317915282
72
4
94
3
73
0
74
0
95
8
96
4
40
0.0
40
0.0
40
0.0
40
0.0
40
1.0
40
1.0
40
1.0
40
1.0
10
2782.6587985001
20
1145.6317915282
10
2782.6030626936
20
1145.2061481047
10
2782.7318862605
20
1144.7771328273
10
2783.0123087916
20
1144.4545122502
72
4
94
3
73
0
74
0
95
8
96
4
40
0.0
40
0.0
40
0.0
40
0.0
40
1.0
40
1.0
40
1.0
40
1.0
10
2783.0123087916
20
1144.4545122502
10
2783.2927313228
20
1144.1318916731
10
2783.6975460789
20
1143.946966612
10
2784.1231783782
20
1143.9470514349
72
1
10
2784.1231783782
20
1143.9470514349
11
2838.4032974801
21
1143.9854922234
72
4
94
3
73
0
74
0
95
8
96
4
40
0.0
40
0.0
40
0.0
40
0.0
40
1.0
40
1.0
40
1.0
40
1.0
10
2838.4032974801
20
1143.9854922234
10
2838.7170167625
20
1143.9855547436
10
2839.015343242
20
1143.8490377728
10
2839.2217661904
20
1143.6109533319
72
4
94
3
73
0
74
0
95
8
96
4
40
0.0
40
0.0
40
0.0
40
0.0
40
1.0
40
1.0
40
1.0
40
1.0
10
2839.2217661904
20
1143.6109533319
10
2839.4281891387
20
1143.3728688909
10
2839.5226273726
20
1143.0563782479
10
2839.4808606551
20
1142.7426506295
72
1
10
2839.4808606551
20
1142.7426506295
11
2837.549903977
21
1129.2620104157
72
1
10
2837.549903977
20
1129.2620104157
11
2837.549903977
21
1129.2620104157
72
4
94
3
73
0
74
0
95
8
96
4
40
0.0
40
0.0
40
0.0
40
0.0
40
1.0
40
1.0
40
1.0
40
1.0
10
2837.549903977
20
1129.2620104157
10
2837.4550915843
20
1128.5656830024
10
2836.8652810334
20
1128.0464411154
10
2836.1689725426
20
1128.0463023503
72
1
10
2836.1689725426
20
1128.0463023503
11
2762.8286570138
21
1128.0040631151
72
1
10
2762.8286570138
20
1128.0040631151
11
2762.8286570138
21
1128.0040631151
72
4
94
3
73
0
74
0
95
8
96
4
40
0.0
40
0.0
40
0.0
40
0.0
40
1.0
40
1.0
40
1.0
40
1.0
10
2762.8286570138
20
1128.0040631151
10
2762.3988657146
20
1128.0039774634
10
2761.9901583813
20
1128.1898907693
10
2761.7089767414
20
1128.513384686
72
4
94
3
73
0
74
0
95
8
96
4
40
0.0
40
0.0
40
0.0
40
0.0
40
1.0
40
1.0
40
1.0
40
1.0
10
2761.7089767414
20
1128.513384686
10
2761.4277951014
20
1128.8368786027
10
2761.3019723464
20
1129.2659315936
10
2761.3642771357
20
1129.6888032084
72
1
10
2761.3642771357
20
1129.6888032084
11
2776.8116057662
21
1239.1637098314
72
4
94
3
73
0
74
0
95
8
96
4
40
0.0
40
0.0
40
0.0
40
0.0
40
1.0
40
1.0
40
1.0
40
1.0
10
2776.8116057662
20
1239.1637098314
10
2776.9378523104
20
1240.1278299307
10
2777.7768319796
20
1240.8489341132
10
2778.7725365503
20
1240.849132544
72
1
10
2778.7725365503
20
1240.849132544
11
2840.4557519434
21
1240.8614251982
72
1
10
2840.4557519434
20
1240.8614251982
11
2840.4557519434
21
1240.8614251982
72
4
94
3
73
0
74
0
95
8
96
4
40
0.0
40
0.0
40
0.0
40
0.0
40
1.0
40
1.0
40
1.0
40
1.0
10
2840.4557519434
20
1240.8614251982
10
2840.7694712258
20
1240.8614877183
10
2841.0677977053
20
1240.7249707475
10
2841.2742206536
20
1240.4868863066
72
4
94
3
73
0
74
0
95
8
96
4
40
0.0
40
0.0
40
0.0
40
0.0
40
1.0
40
1.0
40
1.0
40
1.0
10
2841.2742206536
20
1240.4868863066
10
2841.480643602
20
1240.2488018656
10
2841.5750818359
20
1239.9323112226
10
2841.5333151184
20
1239.6185836043
72
1
10
2841.5333151184
20
1239.6185836043
11
2839.6576053864
21
1226.1379544004
72
1
10
2839.6576053864
20
1226.1379544004
11
2839.6576053864
21
1226.1379544004
72
4
94
3
73
0
74
0
95
8
96
4
40
0.0
40
0.0
40
0.0
40
0.0
40
1.0
40
1.0
40
1.0
40
1.0
10
2839.6576053864
20
1226.1379544004
10
2839.5462616808
20
1225.4531253722
10
2838.9614752587
20
1224.9500062811
10
2838.2766684471
20
1224.9498698081
72
1
10
2838.2766684471
20
1224.9498698081
11
2795.349791277
21
1224.9413150456
72
1
10
2795.349791277
20
1224.9413150456
11
2795.349791277
21
1224.9413150456
72
4
94
3
73
0
74
0
95
8
96
4
40
0.0
40
0.0
40
0.0
40
0.0
40
1.0
40
1.0
40
1.0
40
1.0
10
2795.349791277
20
1224.9413150456
10
2794.446329075
20
1224.9411349975
10
2793.6811986295
20
1224.2816799862
10
2793.5545738064
20
1223.3940427283
72
1
10
2793.5545738064
20
1223.3940427283
11
2789.6100322506
21
1195.21731297
72
4
94
3
73
0
74
0
95
8
96
4
40
0.0
40
0.0
40
0.0
40
0.0
40
1.0
40
1.0
40
1.0
40
1.0
10
2789.6100322506
20
1195.21731297
10
2789.5477876273
20
1194.8017843472
10
2789.6707083824
20
1194.3797597609
10
2789.946697113
20
1194.0614394232
72
4
94
3
73
0
74
0
95
8
96
4
40
0.0
40
0.0
40
0.0
40
0.0
40
1.0
40
1.0
40
1.0
40
1.0
10
2789.946697113
20
1194.0614394232
10
2790.2226858436
20
1193.7431190854
10
2790.6243416788
20
1193.5601066577
10
2791.0467831506
20
1193.5601908448
72
1
10
2791.0467831506
20
1193.5601908448
11
2828.36607877
21
1193.6504985124
97
0
75
0
76
1
98
0
0
HATCH
5
286
100
AcDbEntity
8
Layer 1
6
ByLayer
370
-1
62
256
100
AcDbHatch
10
0
20
0
30
0
210
0
220
0
230
1
2
FILL_646
70
1
71
0
91
1
92
0
93
33
72
4
94
2
73
0
74
0
95
6
96
3
40
0.0
40
0.0
40
0.0
40
1.0
40
1.0
40
1.0
10
2902.2918056017
20
1178.9894246185
10
2893.9962600005
20
1191.6157871605
10
2884.5994567893
20
1206.0652118489
72
1
10
2884.5994567893
20
1206.0652118489
11
2884.5994567893
21
1206.0652118489
72
4
94
3
73
0
74
0
95
8
96
4
40
0.0
40
0.0
40
0.0
40
0.0
40
1.0
40
1.0
40
1.0
40
1.0
10
2884.5994567893
20
1206.0652118489
10
2884.4694796671
20
1206.2673325268
10
2884.2272209662
20
1206.3645742679
10
2883.9918396474
20
1206.3091071086
72
4
94
3
73
0
74
0
95
8
96
4
40
0.0
40
0.0
40
0.0
40
0.0
40
1.0
40
1.0
40
1.0
40
1.0
10
2883.9918396474
20
1206.3091071086
10
2883.7564583285
20
1206.2536399493
10
2883.5775005512
20
1206.0571393477
10
2883.5429896669
20
1205.8162573845
72
1
10
2883.5429896669
20
1205.8162573845
11
2872.764361208
21
1128.9847214509
72
1
10
2872.764361208
20
1128.9847214509
11
2872.764361208
21
1128.9847214509
72
4
94
3
73
0
74
0
95
8
96
4
40
0.0
40
0.0
40
0.0
40
0.0
40
1.0
40
1.0
40
1.0
40
1.0
10
2872.764361208
20
1128.9847214509
10
2872.6851777476
20
1128.4950408549
10
2872.2590937623
20
1128.1402620573
10
2871.7693876722
20
1128.1562568127
72
1
10
2871.7693876722
20
1128.1562568127
11
2854.9157803288
21
1128.1630565622
72
4
94
3
73
0
74
0
95
8
96
4
40
0.0
40
0.0
40
0.0
40
0.0
40
1.0
40
1.0
40
1.0
40
1.0
10
2854.9157803288
20
1128.1630565622
10
2854.718524676
20
1128.1631361469
10
2854.5306422795
20
1128.2474937374
10
2854.398949945
20
1128.3951089882
72
4
94
3
73
0
74
0
95
8
96
4
40
0.0
40
0.0
40
0.0
40
0.0
40
1.0
40
1.0
40
1.0
40
1.0
10
2854.398949945
20
1128.3951089882
10
2854.2672576106
20
1128.5427242389
10
2854.2041567171
20
1128.7396963205
10
2854.225370836
20
1128.9369434464
72
1
10
2854.225370836
20
1128.9369434464
11
2869.7420677401
21
1239.3080147205
72
1
10
2869.7420677401
20
1239.3080147205
11
2869.7420677401
21
1239.3080147205
72
4
94
3
73
0
74
0
95
8
96
4
40
0.0
40
0.0
40
0.0
40
0.0
40
1.0
40
1.0
40
1.0
40
1.0
10
2869.7420677401
20
1239.3080147205
10
2869.8689211646
20
1240.2722545339
10
2870.6848485287
20
1240.9929953552
10
2871.6491393654
20
1240.9926063028
72
1
10
2871.6491393654
20
1240.9926063028
11
2883.0874892673
21
1240.9879913909
72
4
94
3
73
0
74
0
95
8
96
4
40
0.0
40
0.0
40
0.0
40
0.0
40
1.0
40
1.0
40
1.0
40
1.0
10
2883.0874892673
20
1240.9879913909
10
2884.1898953539
20
1240.9875466146
10
2885.2214002642
20
1240.4207333347
10
2885.8268146323
20
1239.4827285665
72
4
94
2
73
0
74
0
95
6
96
3
40
0.0
40
0.0
40
0.0
40
1.0
40
1.0
40
1.0
10
2885.8268146323
20
1239.4827285665
10
2915.1704510106
20
1194.4602710776
10
2918.0043666836
20
1190.1313469077
72
4
94
2
73
0
74
0
95
6
96
3
40
0.0
40
0.0
40
0.0
40
1.0
40
1.0
40
1.0
10
2918.0043666836
20
1190.1313469077
10
2926.310578859
20
1177.5123513813
10
2935.7073820703
20
1163.0629266929
72
1
10
2935.7073820703
20
1163.0629266929
11
2935.7073820703
21
1163.0629266929
72
4
94
3
73
0
74
0
95
8
96
4
40
0.0
40
0.0
40
0.0
40
0.0
40
1.0
40
1.0
40
1.0
40
1.0
10
2935.7073820703
20
1163.0629266929
10
2935.8373591924
20
1162.860806015
10
2936.0796178933
20
1162.7635642739
10
2936.3149992122
20
1162.8190314332
72
4
94
3
73
0
74
0
95
8
96
4
40
0.0
40
0.0
40
0.0
40
0.0
40
1.0
40
1.0
40
1.0
40
1.0
10
2936.3149992122
20
1162.8190314332
10
2936.550380531
20
1162.8744985925
10
2936.7293383083
20
1163.0709991941
10
2936.7638491926
20
1163.3118811573
72
1
10
2936.7638491926
20
1163.3118811573
11
2947.5424776515
21
1240.1434170909
72
4
94
3
73
0
74
0
95
8
96
4
40
0.0
40
0.0
40
0.0
40
0.0
40
1.0
40
1.0
40
1.0
40
1.0
10
2947.5424776515
20
1240.1434170909
10
2947.6216611119
20
1240.6330976869
10
2948.0477450972
20
1240.9878764845
10
2948.5374511873
20
1240.9718817291
72
1
10
2948.5374511873
20
1240.9718817291
11
2965.3910585307
21
1240.9650819796
72
1
10
2965.3910585307
20
1240.9650819796
11
2965.3910585307
21
1240.9650819796
72
4
94
3
73
0
74
0
95
8
96
4
40
0.0
40
0.0
40
0.0
40
0.0
40
1.0
40
1.0
40
1.0
40
1.0
10
2965.3910585307
20
1240.9650819796
10
2965.5883141835
20
1240.9650023949
10
2965.77619658
20
1240.8806448044
10
2965.9078889145
20
1240.7330295536
72
4
94
3
73
0
74
0
95
8
96
4
40
0.0
40
0.0
40
0.0
40
0.0
40
1.0
40
1.0
40
1.0
40
1.0
10
2965.9078889145
20
1240.7330295536
10
2966.039581249
20
1240.5854143029
10
2966.1026821424
20
1240.3884422213
10
2966.0814680235
20
1240.1911950954
72
1
10
2966.0814680235
20
1240.1911950954
11
2950.5647711194
21
1129.8201238213
72
1
10
2950.5647711194
20
1129.8201238213
11
2950.5647711194
21
1129.8201238213
72
4
94
3
73
0
74
0
95
8
96
4
40
0.0
40
0.0
40
0.0
40
0.0
40
1.0
40
1.0
40
1.0
40
1.0
10
2950.5647711194
20
1129.8201238213
10
2950.437917695
20
1128.8558840079
10
2949.6219903308
20
1128.1351431866
10
2948.6576994941
20
1128.135532239
72
1
10
2948.6576994941
20
1128.135532239
11
2937.2193495922
21
1128.1401471509
72
1
10
2937.2193495922
20
1128.1401471509
11
2937.2193495922
21
1128.1401471509
72
4
94
3
73
0
74
0
95
8
96
4
40
0.0
40
0.0
40
0.0
40
0.0
40
1.0
40
1.0
40
1.0
40
1.0
10
2937.2193495922
20
1128.1401471509
10
2936.1169435057
20
1128.1405919272
10
2935.0854385953
20
1128.7074052071
10
2934.4800242272
20
1129.6454099752
72
4
94
2
73
0
74
0
95
6
96
3
40
0.0
40
0.0
40
0.0
40
1.0
40
1.0
40
1.0
10
2934.4800242272
20
1129.6454099752
10
2905.1363878489
20
1174.6678674642
10
2902.2918056017
20
1178.9894246185
97
0
75
0
76
1
98
0
0
HATCH
5
2b1
100
AcDbEntity
8
Layer 1
6
ByLayer
370
-1
62
256
100
AcDbHatch
10
0
20
0
30
0
210
0
220
0
230
1
2
FILL_689
70
1
71
0
91
1
92
0
93
42
72
1
10
3146.3759826793
20
1193.6491712966
11
3146.3759826793
21
1193.6491712966
72
4
94
3
73
0
74
0
95
8
96
4
40
0.0
40
0.0
40
0.0
40
0.0
40
1.0
40
1.0
40
1.0
40
1.0
10
3146.3759826793
20
1193.6491712966
10
3146.723660419
20
1193.6492420928
10
3147.0541123653
20
1193.4972184957
10
3147.2819739629
20
1193.2323722569
72
4
94
3
73
0
74
0
95
8
96
4
40
0.0
40
0.0
40
0.0
40
0.0
40
1.0
40
1.0
40
1.0
40
1.0
10
3147.2819739629
20
1193.2323722569
10
3147.5098355605
20
1192.9675260182
10
3147.61275814
20
1192.6158332615
10
3147.5641540526
20
1192.2681456104
72
1
10
3147.5641540526
20
1192.2681456104
11
3145.6607049183
21
1179.0075887832
72
1
10
3145.6607049183
20
1179.0075887832
11
3145.6607049183
21
1179.0075887832
72
4
94
3
73
0
74
0
95
8
96
4
40
0.0
40
0.0
40
0.0
40
0.0
40
1.0
40
1.0
40
1.0
40
1.0
10
3145.6607049183
20
1179.0075887832
10
3145.5499041209
20
1178.2308534953
10
3144.8788994968
20
1177.6537873112
10
3144.0863355236
20
1177.6536259246
72
1
10
3144.0863355236
20
1177.6536259246
11
3106.5987336348
21
1177.6459924765
72
1
10
3106.5987336348
20
1177.6459924765
11
3106.5987336348
21
1177.6459924765
72
4
94
3
73
0
74
0
95
8
96
4
40
0.0
40
0.0
40
0.0
40
0.0
40
1.0
40
1.0
40
1.0
40
1.0
10
3106.5987336348
20
1177.6459924765
10
3105.7110619848
20
1177.6458117236
10
3104.9576556395
20
1176.9863102532
10
3104.8310261567
20
1176.0986127813
72
1
10
3104.8310261567
20
1176.0986127813
11
3100.6658027286
21
1145.6270007445
72
1
10
3100.6658027286
20
1145.6270007445
11
3100.6658027286
21
1145.6270007445
72
4
94
3
73
0
74
0
95
8
96
4
40
0.0
40
0.0
40
0.0
40
0.0
40
1.0
40
1.0
40
1.0
40
1.0
10
3100.6658027286
20
1145.6270007445
10
3100.6100649791
20
1145.2013281357
10
3100.7388991675
20
1144.7722842447
10
3101.0193421672
20
1144.4496429466
72
4
94
3
73
0
74
0
95
8
96
4
40
0.0
40
0.0
40
0.0
40
0.0
40
1.0
40
1.0
40
1.0
40
1.0
10
3101.0193421672
20
1144.4496429466
10
3101.2997851668
20
1144.1270016485
10
3101.7046282524
20
1143.9420657693
10
3102.1302894938
20
1143.9421524449
72
1
10
3102.1302894938
20
1143.9421524449
11
3156.414099426
21
1143.9808313892
72
1
10
3156.414099426
20
1143.9808313892
11
3156.414099426
21
1143.9808313892
72
4
94
3
73
0
74
0
95
8
96
4
40
0.0
40
0.0
40
0.0
40
0.0
40
1.0
40
1.0
40
1.0
40
1.0
10
3156.414099426
20
1143.9808313892
10
3156.7278400407
20
1143.9808952749
10
3157.0261873985
20
1143.8443703157
10
3157.2326254166
20
1143.606270581
72
4
94
3
73
0
74
0
95
8
96
4
40
0.0
40
0.0
40
0.0
40
0.0
40
1.0
40
1.0
40
1.0
40
1.0
10
3157.2326254166
20
1143.606270581
10
3157.4390634346
20
1143.3681708462
10
3157.5335094637
20
1143.051659092
10
3157.4917412674
20
1142.7379099592
72
1
10
3157.4917412674
20
1142.7379099592
11
3155.5607117836
21
1129.2563446953
72
1
10
3155.5607117836
20
1129.2563446953
11
3155.5607117836
21
1129.2563446953
72
4
94
3
73
0
74
0
95
8
96
4
40
0.0
40
0.0
40
0.0
40
0.0
40
1.0
40
1.0
40
1.0
40
1.0
10
3155.5607117836
20
1129.2563446953
10
3155.4658959654
20
1128.559969521
10
3154.8760475611
20
1128.0406897667
10
3154.1796917226
20
1128.0405479705
72
1
10
3154.1796917226
20
1128.0405479705
11
3080.8343893047
21
1127.997987612
72
1
10
3080.8343893047
20
1127.997987612
11
3080.8343893047
21
1127.997987612
72
4
94
3
73
0
74
0
95
8
96
4
40
0.0
40
0.0
40
0.0
40
0.0
40
1.0
40
1.0
40
1.0
40
1.0
10
3080.8343893047
20
1127.997987612
10
3080.4045687804
20
1127.9979000894
10
3079.9958328487
20
1128.1838242637
10
3079.7146306849
20
1128.5073389575
72
4
94
3
73
0
74
0
95
8
96
4
40
0.0
40
0.0
40
0.0
40
0.0
40
1.0
40
1.0
40
1.0
40
1.0
10
3079.7146306849
20
1128.5073389575
10
3079.4334285211
20
1128.8308536514
10
3079.3075953485
20
1129.2599352715
10
3079.3699025394
20
1129.6828359115
72
1
10
3079.3699025394
20
1129.6828359115
11
3094.817806521
21
1239.1652537568
72
1
10
3094.817806521
20
1239.1652537568
11
3094.817806521
21
1239.1652537568
72
4
94
3
73
0
74
0
95
8
96
4
40
0.0
40
0.0
40
0.0
40
0.0
40
1.0
40
1.0
40
1.0
40
1.0
10
3094.817806521
20
1239.1652537568
10
3094.9440574661
20
1240.1294399633
10
3095.7830910561
20
1240.8505968208
10
3096.7788633329
20
1240.8507995859
72
1
10
3096.7788633329
20
1240.8507995859
11
3158.4662730732
21
1240.8633607425
72
1
10
3158.4662730732
20
1240.8633607425
11
3158.4662730732
21
1240.8633607425
72
4
94
3
73
0
74
0
95
8
96
4
40
0.0
40
0.0
40
0.0
40
0.0
40
1.0
40
1.0
40
1.0
40
1.0
10
3158.4662730732
20
1240.8633607425
10
3158.7800136879
20
1240.8634246282
10
3159.0783610457
20
1240.726899669
10
3159.2847990638
20
1240.4887999343
72
4
94
3
73
0
74
0
95
8
96
4
40
0.0
40
0.0
40
0.0
40
0.0
40
1.0
40
1.0
40
1.0
40
1.0
10
3159.2847990638
20
1240.4887999343
10
3159.4912370818
20
1240.2507001995
10
3159.5856831109
20
1239.9341884453
10
3159.5439149146
20
1239.6204393125
72
1
10
3159.5439149146
20
1239.6204393125
11
3157.6681361337
21
1226.1388852991
72
1
10
3157.6681361337
20
1226.1388852991
11
3157.6681361337
21
1226.1388852991
72
4
94
3
73
0
74
0
95
8
96
4
40
0.0
40
0.0
40
0.0
40
0.0
40
1.0
40
1.0
40
1.0
40
1.0
10
3157.6681361337
20
1226.1388852991
10
3157.5567878285
20
1225.4540092201
10
3156.9719638247
20
1224.9508533797
10
3156.2871104475
20
1224.9507139258
72
1
10
3156.2871104475
20
1224.9507139258
11
3113.3573143272
21
1224.9419723058
72
1
10
3113.3573143272
20
1224.9419723058
11
3113.3573143272
21
1224.9419723058
72
4
94
3
73
0
74
0
95
8
96
4
40
0.0
40
0.0
40
0.0
40
0.0
40
1.0
40
1.0
40
1.0
40
1.0
10
3113.3573143272
20
1224.9419723058
10
3112.4537906914
20
1224.941788325
10
3111.6886110794
20
1224.2822851511
10
3111.5619814977
20
1223.3945869853
72
1
10
3111.5619814977
20
1223.3945869853
11
3107.6172939862
21
1195.215924119
72
1
10
3107.6172939862
20
1195.215924119
11
3107.6172939862
21
1195.215924119
72
4
94
3
73
0
74
0
95
8
96
4
40
0.0
40
0.0
40
0.0
40
0.0
40
1.0
40
1.0
40
1.0
40
1.0
10
3107.6172939862
20
1195.215924119
10
3107.5550469335
20
1194.8003669705
10
3107.6779778785
20
1194.3783142204
10
3107.9539867573
20
1194.0599734348
72
4
94
3
73
0
74
0
95
8
96
4
40
0.0
40
0.0
40
0.0
40
0.0
40
1.0
40
1.0
40
1.0
40
1.0
10
3107.9539867573
20
1194.0599734348
10
3108.2299956362
20
1193.7416326492
10
3108.6316795778
20
1193.5586095198
10
3109.0541497748
20
1193.5586955456
72
1
10
3109.0541497748
20
1193.5586955456
11
3146.3759826793
21
1193.6491712966
97
0
75
0
76
1
98
0
0
HATCH
5
2d5
100
AcDbEntity
8
Layer 1
6
ByLayer
370
-1
62
256
100
AcDbHatch
10
0
20
0
30
0
210
0
220
0
230
1
2
FILL_725
70
1
71
0
91
2
92
0
93
24
72
1
10
3408.3272115533
20
1240.8035289235
11
3426.3332808199
21
1240.8808081907
72
1
10
3426.3332808199
20
1240.8808081907
11
3426.3332808199
21
1240.8808081907
72
4
94
3
73
0
74
0
95
8
96
4
40
0.0
40
0.0
40
0.0
40
0.0
40
1.0
40
1.0
40
1.0
40
1.0
10
3426.3332808199
20
1240.8808081907
10
3426.7608476494
20
1240.8826432415
10
3427.1284384064
20
1240.5781964491
10
3427.2062798381
20
1240.1577711018
72
1
10
3427.2062798381
20
1240.1577711018
11
3447.9565854893
21
1128.0843640395
72
4
94
3
73
0
74
0
95
8
96
4
40
0.0
40
0.0
40
0.0
40
0.0
40
1.0
40
1.0
40
1.0
40
1.0
10
3447.9565854893
20
1128.0843640395
10
3448.0042704605
20
1127.8268151979
10
3447.9352845503
20
1127.5613807807
10
3447.7682315653
20
1127.3596419335
72
4
94
3
73
0
74
0
95
8
96
4
40
0.0
40
0.0
40
0.0
40
0.0
40
1.0
40
1.0
40
1.0
40
1.0
10
3447.7682315653
20
1127.3596419335
10
3447.6011785802
20
1127.1579030863
10
3447.35326184
20
1127.0406351215
10
3447.091338403
20
1127.0394623299
72
1
10
3447.091338403
20
1127.0394623299
11
3430.3798525552
21
1126.9646347814
72
1
10
3430.3798525552
20
1126.9646347814
11
3430.3798525552
21
1126.9646347814
72
4
94
3
73
0
74
0
95
8
96
4
40
0.0
40
0.0
40
0.0
40
0.0
40
1.0
40
1.0
40
1.0
40
1.0
10
3430.3798525552
20
1126.9646347814
10
3429.9520964936
20
1126.9627194557
10
3429.5843427295
20
1127.2673623355
10
3429.5066277903
20
1127.6880038753
72
1
10
3429.5066277903
20
1127.6880038753
11
3424.084675948
21
1157.0349762259
72
1
10
3424.084675948
20
1157.0349762259
11
3424.084675948
21
1157.0349762259
72
4
94
3
73
0
74
0
95
8
96
4
40
0.0
40
0.0
40
0.0
40
0.0
40
1.0
40
1.0
40
1.0
40
1.0
10
3424.084675948
20
1157.0349762259
10
3424.0068972928
20
1157.4559626364
10
3423.6386261275
20
1157.7607077553
10
3423.2105216147
20
1157.7583406688
72
1
10
3423.2105216147
20
1157.7583406688
11
3389.5558378407
21
1157.5722563193
72
4
94
3
73
0
74
0
95
8
96
4
40
0.0
40
0.0
40
0.0
40
0.0
40
1.0
40
1.0
40
1.0
40
1.0
10
3389.5558378407
20
1157.5722563193
10
3389.2047368936
20
1157.5703150029
10
3388.8880668879
20
1157.3607672031
10
3388.749020893
20
1157.0383670557
72
1
10
3388.749020893
20
1157.0383670557
11
3376.029998941
21
1127.5473014815
72
1
10
3376.029998941
20
1127.5473014815
11
3376.029998941
21
1127.5473014815
72
4
94
3
73
0
74
0
95
8
96
4
40
0.0
40
0.0
40
0.0
40
0.0
40
1.0
40
1.0
40
1.0
40
1.0
10
3376.029998941
20
1127.5473014815
10
3375.8909456704
20
1127.224884464
10
3375.5742508
20
1127.0153332495
10
3375.2231313704
20
1127.0134119394
72
1
10
3375.2231313704
20
1127.0134119394
11
3356.9930783464
21
1126.9136578873
72
4
94
3
73
0
74
0
95
8
96
4
40
0.0
40
0.0
40
0.0
40
0.0
40
1.0
40
1.0
40
1.0
40
1.0
10
3356.9930783464
20
1126.9136578873
10
3356.6912345603
20
1126.9120062113
10
3356.409413503
20
1127.0644870453
10
3356.2456572589
20
1127.3180541799
72
4
94
3
73
0
74
0
95
8
96
4
40
0.0
40
0.0
40
0.0
40
0.0
40
1.0
40
1.0
40
1.0
40
1.0
10
3356.2456572589
20
1127.3180541799
10
3356.0819010148
20
1127.5716213146
10
3356.0588494909
20
1127.8912181549
10
3356.1845220292
20
1128.1656608855
72
1
10
3356.1845220292
20
1128.1656608855
11
3407.5272861136
21
1240.2875974958
72
1
10
3407.5272861136
20
1240.2875974958
11
3407.5272861136
21
1240.2875974958
72
4
94
3
73
0
74
0
95
8
96
4
40
0.0
40
0.0
40
0.0
40
0.0
40
1.0
40
1.0
40
1.0
40
1.0
10
3407.5272861136
20
1240.2875974958
10
3407.6706661859
20
1240.6007098039
10
3407.9828353373
20
1240.802050914
10
3408.3272115533
20
1240.8035289235
72
1
10
3408.3272115533
20
1240.8035289235
11
3408.3272115533
21
1240.8035289235
97
0
92
0
93
11
72
1
10
3413.5082872928
20
1218.0662983425
11
3395.3591160221
21
1172.4585635359
72
1
10
3395.3591160221
20
1172.4585635359
11
3395.3591160221
21
1172.4585635359
72
4
94
3
73
0
74
0
95
8
96
4
40
0.0
40
0.0
40
0.0
40
0.0
40
1.0
40
1.0
40
1.0
40
1.0
10
3395.3591160221
20
1172.4585635359
10
3395.2770059984
20
1172.2501303988
10
3395.3034289068
20
1172.0147129966
10
3395.4299203545
20
1171.8277256391
72
4
94
3
73
0
74
0
95
8
96
4
40
0.0
40
0.0
40
0.0
40
0.0
40
1.0
40
1.0
40
1.0
40
1.0
10
3395.4299203545
20
1171.8277256391
10
3395.5564118022
20
1171.6407382817
10
3395.767093534
20
1171.5256531722
10
3395.9944751381
20
1171.5193370166
72
1
10
3395.9944751381
20
1171.5193370166
11
3420.4696132597
21
1171.2430939227
72
4
94
3
73
0
74
0
95
8
96
4
40
0.0
40
0.0
40
0.0
40
0.0
40
1.0
40
1.0
40
1.0
40
1.0
10
3420.4696132597
20
1171.2430939227
10
3421.0406637987
20
1171.2362957019
10
3421.5851950168
20
1171.4832409771
10
3421.9541087634
20
1171.9163136362
72
4
94
3
73
0
74
0
95
8
96
4
40
0.0
40
0.0
40
0.0
40
0.0
40
1.0
40
1.0
40
1.0
40
1.0
10
3421.9541087634
20
1171.9163136362
10
3422.3230225101
20
1172.3493862953
10
3422.4776639183
20
1172.9232088858
10
3422.3756906077
20
1173.4806629834
72
1
10
3422.3756906077
20
1173.4806629834
11
3414.1160220994
21
1218.0110497238
72
4
94
3
73
0
74
0
95
8
96
4
40
0.0
40
0.0
40
0.0
40
0.0
40
1.0
40
1.0
40
1.0
40
1.0
10
3414.1160220994
20
1218.0110497238
10
3414.0911291512
20
1218.1497390066
10
3413.9770327525
20
1218.2540195186
10
3413.8361706051
20
1218.2668251684
72
4
94
3
73
0
74
0
95
8
96
4
40
0.0
40
0.0
40
0.0
40
0.0
40
1.0
40
1.0
40
1.0
40
1.0
10
3413.8361706051
20
1218.2668251684
10
3413.6953084577
20
1218.2796308181
10
3413.5616293247
20
1218.1978753545
10
3413.5082872928
20
1218.0662983425
72
1
10
3413.5082872928
20
1218.0662983425
11
3413.5082872928
21
1218.0662983425
97
0
75
0
76
1
98
0
0
HATCH
5
2e6
100
AcDbEntity
8
Layer 1
6
ByLayer
370
-1
62
256
100
AcDbHatch
10
0
20
0
30
0
210
0
220
0
230
1
2
FILL_742
70
1
71
0
91
1
92
0
93
16
72
1
10
3546.502069354
20
1156.1138247391
11
3546.502069354
21
1156.1138247391
72
4
94
3
73
0
74
0
95
8
96
4
40
0.0
40
0.0
40
0.0
40
0.0
40
1.0
40
1.0
40
1.0
40
1.0
10
3546.502069354
20
1156.1138247391
10
3546.6052530344
20
1156.189042201
10
3546.7427560104
20
1156.1910476907
10
3546.8512119818
20
1156.1189170069
72
4
94
3
73
0
74
0
95
8
96
4
40
0.0
40
0.0
40
0.0
40
0.0
40
1.0
40
1.0
40
1.0
40
1.0
10
3546.8512119818
20
1156.1189170069
10
3546.9596679532
20
1156.046786323
10
3547.0180279937
20
1155.9145184499
10
3546.9993977048
20
1155.7830671645
72
1
10
3546.9993977048
20
1155.7830671645
11
3544.2329275478
21
1135.8739078432
72
1
10
3544.2329275478
20
1135.8739078432
11
3544.2329275478
21
1135.8739078432
72
4
94
3
73
0
74
0
95
8
96
4
40
0.0
40
0.0
40
0.0
40
0.0
40
1.0
40
1.0
40
1.0
40
1.0
10
3544.2329275478
20
1135.8739078432
10
3544.1641491062
20
1135.388622049
10
3543.8664933225
20
1134.9668086607
10
3543.4335203331
20
1134.7410534378
72
4
94
3
73
0
74
0
95
8
96
4
40
0.0
40
0.0
40
0.0
40
0.0
40
1.0
40
1.0
40
1.0
40
1.0
10
3543.4335203331
20
1134.7410534378
10
3526.739564067
20
1126.1637794745
10
3505.6781324671
20
1122.3304204618
10
3488.1664001305
20
1129.2132872356
72
4
94
3
73
0
74
0
95
8
96
4
40
0.0
40
0.0
40
0.0
40
0.0
40
1.0
40
1.0
40
1.0
40
1.0
10
3488.1664001305
20
1129.2132872356
10
3463.2521916447
20
1139.0421234385
10
3455.1609068551
20
1165.6482525756
10
3461.1521869544
20
1190.4753857596
72
4
94
3
73
0
74
0
95
8
96
4
40
0.0
40
0.0
40
0.0
40
0.0
40
1.0
40
1.0
40
1.0
40
1.0
10
3461.1521869544
20
1190.4753857596
10
3471.2108294557
20
1232.2589542317
10
3514.3755290265
20
1246.5253791715
10
3553.7261760712
20
1239.4734255408
72
4
94
3
73
0
74
0
95
8
96
4
40
0.0
40
0.0
40
0.0
40
0.0
40
1.0
40
1.0
40
1.0
40
1.0
10
3553.7261760712
20
1239.4734255408
10
3554.0776685407
20
1239.4126972183
10
3554.312313828
20
1239.067726708
10
3554.2516024201
20
1238.7009548989
72
1
10
3554.2516024201
20
1238.7009548989
11
3551.1490871477
21
1223.0708202378
72
1
10
3551.1490871477
20
1223.0708202378
11
3551.1490871477
21
1223.0708202378
72
4
94
3
73
0
74
0
95
8
96
4
40
0.0
40
0.0
40
0.0
40
0.0
40
1.0
40
1.0
40
1.0
40
1.0
10
3551.1490871477
20
1223.0708202378
10
3551.0732859413
20
1222.6742873982
10
3550.6903835424
20
1222.4142830372
10
3550.2938507027
20
1222.4900842436
72
4
94
3
73
0
74
0
95
8
96
4
40
0.0
40
0.0
40
0.0
40
0.0
40
1.0
40
1.0
40
1.0
40
1.0
10
3550.2938507027
20
1222.4900842436
10
3511.660945367
20
1229.6256594645
10
3475.6239769842
20
1211.198164472
10
3479.9248143644
20
1166.8904633076
72
4
94
2
73
0
74
0
95
6
96
3
40
0.0
40
0.0
40
0.0
40
1.0
40
1.0
40
1.0
10
3479.9248143644
20
1166.8904633076
10
3480.6789368667
20
1159.050339079
10
3487.8655842308
20
1151.5486439439
72
4
94
3
73
0
74
0
95
8
96
4
40
0.0
40
0.0
40
0.0
40
0.0
40
1.0
40
1.0
40
1.0
40
1.0
10
3487.8655842308
20
1151.5486439439
10
3503.6762878977
20
1134.9731313065
10
3530.8046647464
20
1145.1632790563
10
3546.502069354
20
1156.1138247391
97
0
75
0
76
1
98
0
0
HATCH
5
300
100
AcDbEntity
8
Layer 1
6
ByLayer
370
-1
62
256
100
AcDbHatch
10
0
20
0
30
0
210
0
220
0
230
1
2
FILL_768
70
1
71
0
91
1
92
0
93
25
72
1
10
4553.2222105131
20
1222.7651046048
11
4553.2222105131
21
1222.7651046048
72
4
94
3
73
0
74
0
95
8
96
4
40
0.0
40
0.0
40
0.0
40
0.0
40
1.0
40
1.0
40
1.0
40
1.0
10
4553.2222105131
20
1222.7651046048
10
4553.2916773437
20
1223.2365901892
10
4553.1517844153
20
1223.714973352
10
4552.8389459405
20
1224.0757306714
72
4
94
3
73
0
74
0
95
8
96
4
40
0.0
40
0.0
40
0.0
40
0.0
40
1.0
40
1.0
40
1.0
40
1.0
10
4552.8389459405
20
1224.0757306714
10
4552.5261074657
20
1224.4364879908
10
4552.0712721297
20
1224.6439302352
10
4551.5928338412
20
1224.644060065
72
1
10
4551.5928338412
20
1224.644060065
11
4521.1222227008
21
1224.5694530325
72
4
94
3
73
0
74
0
95
8
96
4
40
0.0
40
0.0
40
0.0
40
0.0
40
1.0
40
1.0
40
1.0
40
1.0
10
4521.1222227008
20
1224.5694530325
10
4520.8162105516
20
1224.5695360725
10
4520.5249885232
20
1224.7003924805
10
4520.323748728
20
1224.9282357682
72
4
94
3
73
0
74
0
95
8
96
4
40
0.0
40
0.0
40
0.0
40
0.0
40
1.0
40
1.0
40
1.0
40
1.0
10
4520.323748728
20
1224.9282357682
10
4520.1225089327
20
1225.1560790558
10
4520.030977604
20
1225.4585752215
10
4520.0727876862
20
1225.7576212255
72
1
10
4520.0727876862
20
1225.7576212255
11
4522.0379621297
21
1239.7078117983
72
4
94
3
73
0
74
0
95
8
96
4
40
0.0
40
0.0
40
0.0
40
0.0
40
1.0
40
1.0
40
1.0
40
1.0
10
4522.0379621297
20
1239.7078117983
10
4522.1332499225
20
1240.3735359263
10
4522.6985363405
20
1240.8678907647
10
4523.3642862769
20
1240.8677101057
72
1
10
4523.3642862769
20
1240.8677101057
11
4607.8421361079
21
1240.8724112545
72
1
10
4607.8421361079
20
1240.8724112545
11
4607.8421361079
21
1240.8724112545
72
4
94
3
73
0
74
0
95
8
96
4
40
0.0
40
0.0
40
0.0
40
0.0
40
1.0
40
1.0
40
1.0
40
1.0
10
4607.8421361079
20
1240.8724112545
10
4608.1530963749
20
1240.8723268718
10
4608.4482230206
20
1240.7346698685
10
4608.6499937723
20
1240.4955992423
72
4
94
3
73
0
74
0
95
8
96
4
40
0.0
40
0.0
40
0.0
40
0.0
40
1.0
40
1.0
40
1.0
40
1.0
10
4608.6499937723
20
1240.4955992423
10
4608.8517645241
20
1240.2565286162
10
4608.9400121095
20
1239.9399398149
10
4608.8915561297
20
1239.6289926741
72
1
10
4608.8915561297
20
1239.6289926741
11
4606.898801471
21
1225.8445607599
72
1
10
4606.898801471
20
1225.8445607599
11
4606.898801471
21
1225.8445607599
72
4
94
3
73
0
74
0
95
8
96
4
40
0.0
40
0.0
40
0.0
40
0.0
40
1.0
40
1.0
40
1.0
40
1.0
10
4606.898801471
20
1225.8445607599
10
4606.8037217165
20
1225.1329367085
10
4606.2012290534
20
1224.6016162462
10
4605.4895792535
20
1224.6018093607
72
1
10
4605.4895792535
20
1224.6018093607
11
4574.3007430626
21
1224.6378980098
72
1
10
4574.3007430626
20
1224.6378980098
11
4574.3007430626
21
1224.6378980098
72
4
94
3
73
0
74
0
95
8
96
4
40
0.0
40
0.0
40
0.0
40
0.0
40
1.0
40
1.0
40
1.0
40
1.0
10
4574.3007430626
20
1224.6378980098
10
4573.4436862701
20
1224.6381305821
10
4572.7147801956
20
1224.0036246653
10
4572.5875762466
20
1223.1466023279
72
1
10
4572.5875762466
20
1223.1466023279
11
4559.4400764409
21
1129.058753384
72
4
94
3
73
0
74
0
95
8
96
4
40
0.0
40
0.0
40
0.0
40
0.0
40
1.0
40
1.0
40
1.0
40
1.0
10
4559.4400764409
20
1129.058753384
10
4559.3444623609
20
1128.4542623824
10
4558.8170831032
20
1128.0091650026
10
4558.1966578606
20
1128.0093333622
72
1
10
4558.1966578606
20
1128.0093333622
11
4540.9032866043
21
1128.0140261196
72
1
10
4540.9032866043
20
1128.0140261196
11
4540.9032866043
21
1128.0140261196
72
4
94
3
73
0
74
0
95
8
96
4
40
0.0
40
0.0
40
0.0
40
0.0
40
1.0
40
1.0
40
1.0
40
1.0
10
4540.9032866043
20
1128.0140261196
10
4540.6605981803
20
1128.0140919759
10
4540.4296631783
20
1128.1178132421
10
4540.2705925687
20
1128.2981919063
72
4
94
3
73
0
74
0
95
8
96
4
40
0.0
40
0.0
40
0.0
40
0.0
40
1.0
40
1.0
40
1.0
40
1.0
10
4540.2705925687
20
1128.2981919063
10
4540.111521959
20
1128.4785705705
10
4540.040051922
20
1128.7177625368
10
4540.0747856715
20
1128.9535075979
72
1
10
4540.0747856715
20
1128.9535075979
11
4553.2222105131
21
1222.7651046048
97
0
75
0
76
1
98
0
0
HATCH
5
314
100
AcDbEntity
8
Layer 1
6
ByLayer
370
-1
62
256
100
AcDbHatch
10
0
20
0
30
0
210
0
220
0
230
1
2
FILL_788
70
1
71
0
91
1
92
0
93
19
72
1
10
4409.8236181385
20
1239.9855973535
11
4426.8930914974
21
1239.7687825895
72
4
94
3
73
0
74
0
95
8
96
4
40
0.0
40
0.0
40
0.0
40
0.0
40
1.0
40
1.0
40
1.0
40
1.0
10
4426.8930914974
20
1239.7687825895
10
4427.1655036162
20
1239.7688487973
10
4427.4246540318
20
1239.6507551999
10
4427.6044498127
20
1239.4446200283
72
4
94
3
73
0
74
0
95
8
96
4
40
0.0
40
0.0
40
0.0
40
0.0
40
1.0
40
1.0
40
1.0
40
1.0
10
4427.6044498127
20
1239.4446200283
10
4427.7842455935
20
1239.2384848568
10
4427.8673060102
20
1238.9642350504
10
4427.8324475874
20
1238.6918144435
72
4
94
2
73
0
74
0
95
6
96
3
40
0.0
40
0.0
40
0.0
40
1.0
40
1.0
40
1.0
10
4427.8324475874
20
1238.6918144435
10
4427.3637529882
20
1235.1839069639
10
4420.1676316184
20
1182.482393232
72
4
94
3
73
0
74
0
95
8
96
4
40
0.0
40
0.0
40
0.0
40
0.0
40
1.0
40
1.0
40
1.0
40
1.0
10
4420.1676316184
20
1182.482393232
10
4417.4931834865
20
1163.0093458679
10
4415.1766864685
20
1148.1213755177
10
4402.5292662046
20
1136.8767899882
72
4
94
3
73
0
74
0
95
8
96
4
40
0.0
40
0.0
40
0.0
40
0.0
40
1.0
40
1.0
40
1.0
40
1.0
10
4402.5292662046
20
1136.8767899882
10
4388.1145284013
20
1124.0297904615
10
4361.9859734341
20
1122.5319373314
10
4345.5223502506
20
1130.1511723815
72
4
94
2
73
0
74
0
95
6
96
3
40
0.0
40
0.0
40
0.0
40
1.0
40
1.0
40
1.0
10
4345.5223502506
20
1130.1511723815
10
4321.9871073805
20
1141.027898497
10
4325.8468840499
20
1170.1683815715
72
4
94
2
73
0
74
0
95
6
96
3
40
0.0
40
0.0
40
0.0
40
1.0
40
1.0
40
1.0
10
4325.8468840499
20
1170.1683815715
10
4330.5337629123
20
1205.5236605689
10
4335.524956441
20
1238.8627227374
72
1
10
4335.524956441
20
1238.8627227374
11
4335.524956441
21
1238.8627227374
72
4
94
3
73
0
74
0
95
8
96
4
40
0.0
40
0.0
40
0.0
40
0.0
40
1.0
40
1.0
40
1.0
40
1.0
10
4335.524956441
20
1238.8627227374
10
4335.6194816779
20
1239.4939367034
10
4336.1758798195
20
1239.955857164
10
4336.8228543836
20
1239.9402346316
72
1
10
4336.8228543836
20
1239.9402346316
11
4353.5332555675
21
1239.7509530195
72
4
94
3
73
0
74
0
95
8
96
4
40
0.0
40
0.0
40
0.0
40
0.0
40
1.0
40
1.0
40
1.0
40
1.0
10
4353.5332555675
20
1239.7509530195
10
4353.8048457044
20
1239.7440552209
10
4354.0609333113
20
1239.6247090436
10
4354.2356606719
20
1239.4236065886
72
4
94
3
73
0
74
0
95
8
96
4
40
0.0
40
0.0
40
0.0
40
0.0
40
1.0
40
1.0
40
1.0
40
1.0
10
4354.2356606719
20
1239.4236065886
10
4354.4103880325
20
1239.2225041337
10
4354.4867047394
20
1238.9592695676
10
4354.4449845244
20
1238.7015985807
72
4
94
2
73
0
74
0
95
6
96
3
40
0.0
40
0.0
40
0.0
40
1.0
40
1.0
40
1.0
10
4354.4449845244
20
1238.7015985807
10
4345.8698694549
20
1177.6583823151
10
4345.2632674302
20
1173.3494490864
72
4
94
3
73
0
74
0
95
8
96
4
40
0.0
40
0.0
40
0.0
40
0.0
40
1.0
40
1.0
40
1.0
40
1.0
10
4345.2632674302
20
1173.3494490864
10
4343.2229141973
20
1158.710129647
10
4345.3529893159
20
1145.1213998275
10
4362.6162688088
20
1142.9988230634
72
4
94
2
73
0
74
0
95
6
96
3
40
0.0
40
0.0
40
0.0
40
1.0
40
1.0
40
1.0
10
4362.6162688088
20
1142.9988230634
10
4393.8282901078
20
1139.1119294444
10
4398.7923733998
20
1170.3518329683
72
4
94
2
73
0
74
0
95
6
96
3
40
0.0
40
0.0
40
0.0
40
1.0
40
1.0
40
1.0
10
4398.7923733998
20
1170.3518329683
10
4402.9015528293
20
1196.1226852004
10
4408.4428925002
20
1238.7699632197
72
1
10
4408.4428925002
20
1238.7699632197
11
4408.4428925002
21
1238.7699632197
72
4
94
3
73
0
74
0
95
8
96
4
40
0.0
40
0.0
40
0.0
40
0.0
40
1.0
40
1.0
40
1.0
40
1.0
10
4408.4428925002
20
1238.7699632197
10
4408.5213958994
20
1239.4622929502
10
4409.1155731965
20
1239.9854252684
10
4409.8236181385
20
1239.9855973535
97
0
75
0
76
1
98
0
0
HATCH
5
334
100
AcDbEntity
8
Layer 1
6
ByLayer
370
-1
62
256
100
AcDbHatch
10
0
20
0
30
0
210
0
220
0
230
1
2
FILL_820
70
1
71
0
91
3
92
0
93
13
72
4
94
2
73
0
74
0
95
6
96
3
40
0.0
40
0.0
40
0.0
40
1.0
40
1.0
40
1.0
10
3329.1160220994
20
1187.6243093923
10
3335.0552486188
20
1184.3093922652
10
3335.0828729282
20
1184.3093922652
72
4
94
2
73
0
74
0
95
6
96
3
40
0.0
40
0.0
40
0.0
40
1.0
40
1.0
40
1.0
10
3335.0828729282
20
1184.3093922652
10
3352.0165745856
20
1176.546961326
10
3349.5856353591
20
1155.4419889503
72
4
94
3
73
0
74
0
95
8
96
4
40
0.0
40
0.0
40
0.0
40
0.0
40
1.0
40
1.0
40
1.0
40
1.0
10
3349.5856353591
20
1155.4419889503
10
3347.4585635359
20
1137.2928176796
10
3328.9779005525
20
1128.9226519337
10
3312.8729281768
20
1127.7348066298
72
4
94
2
73
0
74
0
95
6
96
3
40
0.0
40
0.0
40
0.0
40
1.0
40
1.0
40
1.0
10
3312.8729281768
20
1127.7348066298
10
3293.2596685083
20
1126.270718232
10
3266.8784530387
20
1127.2099447514
72
4
94
3
73
0
74
0
95
8
96
4
40
0.0
40
0.0
40
0.0
40
0.0
40
1.0
40
1.0
40
1.0
40
1.0
10
3266.8784530387
20
1127.2099447514
10
3266.7081731494
20
1127.2170397468
10
3266.5483857936
20
1127.2928741102
10
3266.4380710978
20
1127.4189480482
72
4
94
3
73
0
74
0
95
8
96
4
40
0.0
40
0.0
40
0.0
40
0.0
40
1.0
40
1.0
40
1.0
40
1.0
10
3266.4380710978
20
1127.4189480482
10
3266.3277564021
20
1127.5450219862
10
3266.2770575553
20
1127.7097432829
10
3266.2983425414
20
1127.8729281768
72
1
10
3266.2983425414
20
1127.8729281768
11
3281.7127071823
21
1237.955801105
72
4
94
3
73
0
74
0
95
8
96
4
40
0.0
40
0.0
40
0.0
40
0.0
40
1.0
40
1.0
40
1.0
40
1.0
10
3281.7127071823
20
1237.955801105
10
3281.8408273098
20
1238.9006870448
10
3282.6302592652
20
1239.6204632395
10
3283.591160221
20
1239.6685082873
72
4
94
2
73
0
74
0
95
6
96
3
40
0.0
40
0.0
40
0.0
40
1.0
40
1.0
40
1.0
10
3283.591160221
20
1239.6685082873
10
3305.6906077348
20
1240.8287292818
10
3321.4364640884
20
1237.8453038674
72
4
94
3
73
0
74
0
95
8
96
4
40
0.0
40
0.0
40
0.0
40
0.0
40
1.0
40
1.0
40
1.0
40
1.0
10
3321.4364640884
20
1237.8453038674
10
3347.044198895
20
1232.9834254144
10
3352.3480662983
20
1201.7679558011
10
3329.1160220994
20
1189.1988950276
72
4
94
3
73
0
74
0
95
8
96
4
40
0.0
40
0.0
40
0.0
40
0.0
40
1.0
40
1.0
40
1.0
40
1.0
10
3329.1160220994
20
1189.1988950276
10
3328.8308140418
20
1189.0423102117
10
3328.6541082989
20
1188.7428626993
10
3328.6541082989
20
1188.4161307766
72
4
94
3
73
0
74
0
95
8
96
4
40
0.0
40
0.0
40
0.0
40
0.0
40
1.0
40
1.0
40
1.0
40
1.0
10
3328.6541082989
20
1188.4161307766
10
3328.6541082989
20
1188.0893988539
10
3328.8308140418
20
1187.7864865231
10
3329.1160220994
20
1187.6243093923
72
1
10
3329.1160220994
20
1187.6243093923
11
3329.1160220994
21
1187.6243093923
97
0
92
0
93
10
72
4
94
3
73
0
74
0
95
8
96
4
40
0.0
40
0.0
40
0.0
40
0.0
40
1.0
40
1.0
40
1.0
40
1.0
10
3296.5566137586
20
1195.1790978752
10
3305.9956634955
20
1194.714801823
10
3319.3437803436
20
1195.3065868798
10
3323.3932471442
20
1204.6337783995
72
4
94
3
73
0
74
0
95
8
96
4
40
0.0
40
0.0
40
0.0
40
0.0
40
1.0
40
1.0
40
1.0
40
1.0
10
3323.3932471442
20
1204.6337783995
10
3327.4427139449
20
1213.9609699192
10
3322.493439556
20
1222.5042357617
10
3312.2028542894
20
1223.7909857785
72
4
94
2
73
0
74
0
95
6
96
3
40
0.0
40
0.0
40
0.0
40
1.0
40
1.0
40
1.0
10
3312.2028542894
20
1223.7909857785
10
3307.6186951956
20
1224.3683061578
10
3300.4427342741
20
1224.089986299
72
1
10
3300.4427342741
20
1224.089986299
11
3300.4427342741
21
1224.089986299
72
4
94
3
73
0
74
0
95
8
96
4
40
0.0
40
0.0
40
0.0
40
0.0
40
1.0
40
1.0
40
1.0
40
1.0
10
3300.4427342741
20
1224.089986299
10
3299.6774639984
20
1224.0568303989
10
3299.0409098451
20
1223.4838262902
10
3298.9211050789
20
1222.7202681436
72
1
10
3298.9211050789
20
1222.7202681436
11
3295.0232964551
21
1197.0372910741
72
1
10
3295.0232964551
20
1197.0372910741
11
3295.0232964551
21
1197.0372910741
72
4
94
3
73
0
74
0
95
8
96
4
40
0.0
40
0.0
40
0.0
40
0.0
40
1.0
40
1.0
40
1.0
40
1.0
10
3295.0232964551
20
1197.0372910741
10
3294.9572001453
20
1196.5806438776
10
3295.0864569664
20
1196.1174723217
10
3295.3788892109
20
1195.7630801769
72
4
94
3
73
0
74
0
95
8
96
4
40
0.0
40
0.0
40
0.0
40
0.0
40
1.0
40
1.0
40
1.0
40
1.0
10
3295.3788892109
20
1195.7630801769
10
3295.6713214553
20
1195.4086880321
10
3296.099420534
20
1195.1964123469
10
3296.5566137586
20
1195.1790978752
72
1
10
3296.5566137586
20
1195.1790978752
11
3296.5566137586
21
1195.1790978752
97
0
92
0
93
8
72
4
94
3
73
0
74
0
95
8
96
4
40
0.0
40
0.0
40
0.0
40
0.0
40
1.0
40
1.0
40
1.0
40
1.0
10
3288.9211339361
20
1142.4682087354
10
3303.3145668004
20
1141.809950673
10
3329.3675257654
20
1141.326622031
10
3330.2813116977
20
1160.0573327803
72
4
94
3
73
0
74
0
95
8
96
4
40
0.0
40
0.0
40
0.0
40
0.0
40
1.0
40
1.0
40
1.0
40
1.0
10
3330.2813116977
20
1160.0573327803
10
3331.1957541451
20
1179.2024707712
10
3309.233211195
20
1180.5634332457
10
3294.2022223787
20
1179.8965307919
72
1
10
3294.2022223787
20
1179.8965307919
11
3294.2022223787
21
1179.8965307919
72
4
94
3
73
0
74
0
95
8
96
4
40
0.0
40
0.0
40
0.0
40
0.0
40
1.0
40
1.0
40
1.0
40
1.0
10
3294.2022223787
20
1179.8965307919
10
3293.2269158639
20
1179.866100142
10
3292.410887942
20
1179.1223873501
10
3292.2654274539
20
1178.1313716322
72
1
10
3292.2654274539
20
1178.1313716322
11
3287.4595817131
21
1144.2111228364
72
4
94
3
73
0
74
0
95
8
96
4
40
0.0
40
0.0
40
0.0
40
0.0
40
1.0
40
1.0
40
1.0
40
1.0
10
3287.4595817131
20
1144.2111228364
10
3287.4020376018
20
1143.7846995504
10
3287.5273297858
20
1143.353584088
10
3287.8050532976
20
1143.0223963156
72
4
94
3
73
0
74
0
95
8
96
4
40
0.0
40
0.0
40
0.0
40
0.0
40
1.0
40
1.0
40
1.0
40
1.0
10
3287.8050532976
20
1143.0223963156
10
3288.0827768095
20
1142.6912085433
10
3288.4875457888
20
1142.4902213265
10
3288.9211339361
20
1142.4682087354
72
1
10
3288.9211339361
20
1142.4682087354
11
3288.9211339361
21
1142.4682087354
97
0
75
0
76
1
98
0
0
HATCH
5
35a
100
AcDbEntity
8
Layer 1
6
ByLayer
370
-1
62
256
100
AcDbHatch
10
0
20
0
30
0
210
0
220
0
230
1
2
FILL_858
70
1
71
0
91
1
92
0
93
37
72
1
10
3633.9426503611
20
1127.2991637605
11
3589.6511370931
21
1184.3214908242
72
1
10
3589.6511370931
20
1184.3214908242
11
3589.6511370931
21
1184.3214908242
72
4
94
3
73
0
74
0
95
8
96
4
40
0.0
40
0.0
40
0.0
40
0.0
40
1.0
40
1.0
40
1.0
40
1.0
10
3589.6511370931
20
1184.3214908242
10
3589.4195748406
20
1184.6196115593
10
3589.0320324971
20
1184.7501302525
10
3588.6672992411
20
1184.6528332773
72
4
94
3
73
0
74
0
95
8
96
4
40
0.0
40
0.0
40
0.0
40
0.0
40
1.0
40
1.0
40
1.0
40
1.0
10
3588.6672992411
20
1184.6528332773
10
3588.302565985
20
1184.5555363021
10
3588.0315246119
20
1184.2493324952
10
3587.9792176242
20
1183.875486232
72
1
10
3587.9792176242
20
1183.875486232
11
3580.1401618048
21
1127.8485220645
72
4
94
3
73
0
74
0
95
8
96
4
40
0.0
40
0.0
40
0.0
40
0.0
40
1.0
40
1.0
40
1.0
40
1.0
10
3580.1401618048
20
1127.8485220645
10
3580.0755411927
20
1127.386668392
10
3579.6818247914
20
1127.0421796278
10
3579.2154802593
20
1127.039456448
72
1
10
3579.2154802593
20
1127.039456448
11
3562.1912100496
21
1126.9400446512
72
1
10
3562.1912100496
20
1126.9400446512
11
3562.1912100496
21
1126.9400446512
72
4
94
3
73
0
74
0
95
8
96
4
40
0.0
40
0.0
40
0.0
40
0.0
40
1.0
40
1.0
40
1.0
40
1.0
10
3562.1912100496
20
1126.9400446512
10
3561.9184444972
20
1126.9384518596
10
3561.6584604753
20
1127.0555188423
10
3561.4788513986
20
1127.2608092783
72
4
94
3
73
0
74
0
95
8
96
4
40
0.0
40
0.0
40
0.0
40
0.0
40
1.0
40
1.0
40
1.0
40
1.0
10
3561.4788513986
20
1127.2608092783
10
3561.2992423218
20
1127.4660997143
10
3561.2177527197
20
1127.7393318771
10
3561.2555691267
20
1128.0094679594
72
1
10
3561.2555691267
20
1128.0094679594
11
3576.7933246935
21
1239.0011974099
72
1
10
3576.7933246935
20
1239.0011974099
11
3576.7933246935
21
1239.0011974099
72
4
94
3
73
0
74
0
95
8
96
4
40
0.0
40
0.0
40
0.0
40
0.0
40
1.0
40
1.0
40
1.0
40
1.0
10
3576.7933246935
20
1239.0011974099
10
3576.8580469413
20
1239.463531509
10
3577.2525179132
20
1239.8081515351
10
3577.7193557693
20
1239.8102020674
72
1
10
3577.7193557693
20
1239.8102020674
11
3594.6886049334
21
1239.8847375689
72
1
10
3594.6886049334
20
1239.8847375689
11
3594.6886049334
21
1239.8847375689
72
4
94
3
73
0
74
0
95
8
96
4
40
0.0
40
0.0
40
0.0
40
0.0
40
1.0
40
1.0
40
1.0
40
1.0
10
3594.6886049334
20
1239.8847375689
10
3594.9611677403
20
1239.8859347701
10
3595.22080756
20
1239.7686682257
10
3595.4001130106
20
1239.5633843434
72
4
94
3
73
0
74
0
95
8
96
4
40
0.0
40
0.0
40
0.0
40
0.0
40
1.0
40
1.0
40
1.0
40
1.0
10
3595.4001130106
20
1239.5633843434
10
3595.5794184613
20
1239.358100461
10
3595.6607024997
20
1239.0850488478
10
3595.622861008
20
1238.8151230459
72
1
10
3595.622861008
20
1238.8151230459
11
3589.3121463875
21
1193.8003885153
72
1
10
3589.3121463875
20
1193.8003885153
11
3589.3121463875
21
1193.8003885153
72
4
94
3
73
0
74
0
95
8
96
4
40
0.0
40
0.0
40
0.0
40
0.0
40
1.0
40
1.0
40
1.0
40
1.0
10
3589.3121463875
20
1193.8003885153
10
3589.2560822163
20
1193.4004791652
10
3589.4619166467
20
1193.0094956032
10
3589.8233399342
20
1192.8293737366
72
4
94
3
73
0
74
0
95
8
96
4
40
0.0
40
0.0
40
0.0
40
0.0
40
1.0
40
1.0
40
1.0
40
1.0
10
3589.8233399342
20
1192.8293737366
10
3590.1847632218
20
1192.6492518701
10
3590.6208665601
20
1192.720314074
10
3590.9064104969
20
1193.0058580107
72
1
10
3590.9064104969
20
1193.0058580107
11
3637.4616788149
21
1239.5611263287
72
1
10
3637.4616788149
20
1239.5611263287
11
3637.4616788149
21
1239.5611263287
72
4
94
3
73
0
74
0
95
8
96
4
40
0.0
40
0.0
40
0.0
40
0.0
40
1.0
40
1.0
40
1.0
40
1.0
10
3637.4616788149
20
1239.5611263287
10
3637.6366544799
20
1239.7361019937
10
3637.8736129567
20
1239.834956072
10
3638.1210627513
20
1239.8362073984
72
1
10
3638.1210627513
20
1239.8362073984
11
3657.3018556394
21
1239.9332025584
72
4
94
3
73
0
74
0
95
8
96
4
40
0.0
40
0.0
40
0.0
40
0.0
40
1.0
40
1.0
40
1.0
40
1.0
10
3657.3018556394
20
1239.9332025584
10
3657.6825970323
20
1239.9351279257
10
3658.0268315197
20
1239.7070014681
10
3658.1734257466
20
1239.3556073191
72
4
94
3
73
0
74
0
95
8
96
4
40
0.0
40
0.0
40
0.0
40
0.0
40
1.0
40
1.0
40
1.0
40
1.0
10
3658.1734257466
20
1239.3556073191
10
3658.3200199735
20
1239.0042131702
10
3658.2399668479
20
1238.59908287
10
3657.9707385848
20
1238.3298546069
72
1
10
3657.9707385848
20
1238.3298546069
11
3608.5417358252
21
1188.9008518473
72
1
10
3608.5417358252
20
1188.9008518473
11
3608.5417358252
21
1188.9008518473
72
4
94
3
73
0
74
0
95
8
96
4
40
0.0
40
0.0
40
0.0
40
0.0
40
1.0
40
1.0
40
1.0
40
1.0
10
3608.5417358252
20
1188.9008518473
10
3608.2069480091
20
1188.5660640312
10
3608.1736913005
20
1188.034429342
10
3608.4641467333
20
1187.6605290809
72
1
10
3608.4641467333
20
1187.6605290809
11
3654.382954818
21
1128.5497244773
72
4
94
3
73
0
74
0
95
8
96
4
40
0.0
40
0.0
40
0.0
40
0.0
40
1.0
40
1.0
40
1.0
40
1.0
10
3654.382954818
20
1128.5497244773
10
3654.6024209872
20
1128.2672079578
10
3654.6423360445
20
1127.8845480694
10
3654.4858981951
20
1127.5628211938
72
4
94
3
73
0
74
0
95
8
96
4
40
0.0
40
0.0
40
0.0
40
0.0
40
1.0
40
1.0
40
1.0
40
1.0
10
3654.4858981951
20
1127.5628211938
10
3654.3294603457
20
1127.2410943183
10
3654.0038381751
20
1127.0361748121
10
3653.6460986785
20
1127.0343212395
72
1
10
3653.6460986785
20
1127.0343212395
11
3634.689270237
21
1126.9360993305
72
1
10
3634.689270237
20
1126.9360993305
11
3634.689270237
21
1126.9360993305
72
4
94
3
73
0
74
0
95
8
96
4
40
0.0
40
0.0
40
0.0
40
0.0
40
1.0
40
1.0
40
1.0
40
1.0
10
3634.689270237
20
1126.9360993305
10
3634.3975147323
20
1126.934587644
10
3634.1216242677
20
1127.0687469632
10
3633.9426503611
20
1127.2991637605
72
1
10
3633.9426503611
20
1127.2991637605
11
3633.9426503611
21
1127.2991637605
97
0
75
0
76
1
98
0
0
HATCH
5
382
100
AcDbEntity
8
Layer 1
6
ByLayer
370
-1
62
256
100
AcDbHatch
10
0
20
0
30
0
210
0
220
0
230
1
2
FILL_898
70
1
71
0
91
1
92
0
93
39
72
1
10
3730.3705310303
20
1192.6111718451
11
3730.3705310303
21
1192.6111718451
72
4
94
3
73
0
74
0
95
8
96
4
40
0.0
40
0.0
40
0.0
40
0.0
40
1.0
40
1.0
40
1.0
40
1.0
10
3730.3705310303
20
1192.6111718451
10
3730.7183697704
20
1192.6111466593
10
3731.0489327388
20
1192.4589614148
10
3731.2768267003
20
1192.1939296212
72
4
94
3
73
0
74
0
95
8
96
4
40
0.0
40
0.0
40
0.0
40
0.0
40
1.0
40
1.0
40
1.0
40
1.0
10
3731.2768267003
20
1192.1939296212
10
3731.5047206617
20
1191.9288978277
10
3731.6075937725
20
1191.577013808
10
3731.558871163
20
1191.229178594
72
1
10
3731.558871163
20
1191.229178594
11
3729.6508786563
21
1177.9630075553
72
1
10
3729.6508786563
20
1177.9630075553
11
3729.6508786563
21
1177.9630075553
72
4
94
3
73
0
74
0
95
8
96
4
40
0.0
40
0.0
40
0.0
40
0.0
40
1.0
40
1.0
40
1.0
40
1.0
10
3729.6508786563
20
1177.9630075553
10
3729.5398120526
20
1177.1859432242
10
3728.8683373788
20
1176.6087951534
10
3728.07540639
20
1176.6088525669
72
1
10
3728.07540639
20
1176.6088525669
11
3690.57044498
21
1176.6115681799
72
4
94
3
73
0
74
0
95
8
96
4
40
0.0
40
0.0
40
0.0
40
0.0
40
1.0
40
1.0
40
1.0
40
1.0
10
3690.57044498
20
1176.6115681799
10
3689.6823622726
20
1176.6116324831
10
3688.9284249587
20
1175.9520337131
10
3688.8014916973
20
1175.0639601919
72
1
10
3688.8014916973
20
1175.0639601919
11
3684.625924642
21
1144.5793895377
72
4
94
3
73
0
74
0
95
8
96
4
40
0.0
40
0.0
40
0.0
40
0.0
40
1.0
40
1.0
40
1.0
40
1.0
10
3684.625924642
20
1144.5793895377
10
3684.5700435311
20
1144.1535352277
10
3684.698818887
20
1143.7242571029
10
3684.9793026358
20
1143.401388969
72
4
94
3
73
0
74
0
95
8
96
4
40
0.0
40
0.0
40
0.0
40
0.0
40
1.0
40
1.0
40
1.0
40
1.0
10
3684.9793026358
20
1143.401388969
10
3685.2597863846
20
1143.078520835
10
3685.6647658476
20
1142.8933875256
10
3686.0906242016
20
1142.8933566906
72
1
10
3686.0906242016
20
1142.8933566906
11
3740.3995791657
21
1142.917062499
72
1
10
3740.3995791657
20
1142.917062499
11
3740.3995791657
21
1142.917062499
72
4
94
3
73
0
74
0
95
8
96
4
40
0.0
40
0.0
40
0.0
40
0.0
40
1.0
40
1.0
40
1.0
40
1.0
10
3740.3995791657
20
1142.917062499
10
3740.7134650655
20
1142.9170397715
10
3741.0119128605
20
1142.7803692071
10
3741.2183807092
20
1142.542102218
72
4
94
3
73
0
74
0
95
8
96
4
40
0.0
40
0.0
40
0.0
40
0.0
40
1.0
40
1.0
40
1.0
40
1.0
10
3741.2183807092
20
1142.542102218
10
3741.4248485579
20
1142.3038352289
10
3741.5192509091
20
1141.9871508419
10
3741.4773767283
20
1141.6732679725
72
1
10
3741.4773767283
20
1141.6732679725
11
3739.5417300682
21
1128.185993783
72
1
10
3739.5417300682
20
1128.185993783
11
3739.5417300682
21
1128.185993783
72
4
94
3
73
0
74
0
95
8
96
4
40
0.0
40
0.0
40
0.0
40
0.0
40
1.0
40
1.0
40
1.0
40
1.0
10
3739.5417300682
20
1128.185993783
10
3739.4466780372
20
1127.4893223593
10
3738.8564131183
20
1126.9699650622
10
3738.1597348158
20
1126.9700155064
72
1
10
3738.1597348158
20
1126.9700155064
11
3664.7804604906
21
1126.9476905182
72
1
10
3664.7804604906
20
1126.9476905182
11
3664.7804604906
21
1126.9476905182
72
4
94
3
73
0
74
0
95
8
96
4
40
0.0
40
0.0
40
0.0
40
0.0
40
1.0
40
1.0
40
1.0
40
1.0
10
3664.7804604906
20
1126.9476905182
10
3664.3504409278
20
1126.9477216545
10
3663.9415670892
20
1127.1338447917
10
3663.6603240658
20
1127.4575869354
72
4
94
3
73
0
74
0
95
8
96
4
40
0.0
40
0.0
40
0.0
40
0.0
40
1.0
40
1.0
40
1.0
40
1.0
10
3663.6603240658
20
1127.4575869354
10
3663.3790810425
20
1127.7813290791
10
3663.2533081023
20
1128.2106441216
10
3663.315760931
20
1128.6337233653
72
1
10
3663.315760931
20
1128.6337233653
11
3678.8010522824
21
1238.1625673776
72
1
10
3678.8010522824
20
1238.1625673776
11
3678.8010522824
21
1238.1625673776
72
4
94
3
73
0
74
0
95
8
96
4
40
0.0
40
0.0
40
0.0
40
0.0
40
1.0
40
1.0
40
1.0
40
1.0
10
3678.8010522824
20
1238.1625673776
10
3678.9276279541
20
1239.1271651536
10
3679.7672491863
20
1239.8484242113
10
3680.763482579
20
1239.8483520773
72
1
10
3680.763482579
20
1239.8483520773
11
3742.4794581344
21
1239.8438834231
72
1
10
3742.4794581344
20
1239.8438834231
11
3742.4794581344
21
1239.8438834231
72
4
94
3
73
0
74
0
95
8
96
4
40
0.0
40
0.0
40
0.0
40
0.0
40
1.0
40
1.0
40
1.0
40
1.0
10
3742.4794581344
20
1239.8438834231
10
3742.7933440341
20
1239.8438606956
10
3743.0917918292
20
1239.7071901312
10
3743.2982596779
20
1239.4689231421
72
4
94
3
73
0
74
0
95
8
96
4
40
0.0
40
0.0
40
0.0
40
0.0
40
1.0
40
1.0
40
1.0
40
1.0
10
3743.2982596779
20
1239.4689231421
10
3743.5047275265
20
1239.230656153
10
3743.5991298777
20
1238.9139717661
10
3743.5572556969
20
1238.6000888967
72
1
10
3743.5572556969
20
1238.6000888967
11
3741.6768853248
21
1225.1128107048
72
1
10
3741.6768853248
20
1225.1128107048
11
3741.6768853248
21
1225.1128107048
72
4
94
3
73
0
74
0
95
8
96
4
40
0.0
40
0.0
40
0.0
40
0.0
40
1.0
40
1.0
40
1.0
40
1.0
10
3741.6768853248
20
1225.1128107048
10
3741.5652963277
20
1224.4276482662
10
3740.9800625884
20
1223.9244209611
10
3740.2948920736
20
1223.9244705721
72
1
10
3740.2948920736
20
1223.9244705721
11
3697.3452162953
21
1223.9275804192
72
4
94
3
73
0
74
0
95
8
96
4
40
0.0
40
0.0
40
0.0
40
0.0
40
1.0
40
1.0
40
1.0
40
1.0
10
3697.3452162953
20
1223.9275804192
10
3696.4412742615
20
1223.9276458708
10
3695.6755582292
20
1223.2680486479
10
3695.5486248686
20
1222.3799744324
72
1
10
3695.5486248686
20
1222.3799744324
11
3691.594329064
21
1194.1893537209
72
1
10
3691.594329064
20
1194.1893537209
11
3691.594329064
21
1194.1893537209
72
4
94
3
73
0
74
0
95
8
96
4
40
0.0
40
0.0
40
0.0
40
0.0
40
1.0
40
1.0
40
1.0
40
1.0
10
3691.594329064
20
1194.1893537209
10
3691.5319384293
20
1193.7736213524
10
3691.6548097391
20
1193.3513392358
10
3691.9308585018
20
1193.0327748301
72
4
94
3
73
0
74
0
95
8
96
4
40
0.0
40
0.0
40
0.0
40
0.0
40
1.0
40
1.0
40
1.0
40
1.0
10
3691.9308585018
20
1193.0327748301
10
3692.2069072644
20
1192.7142104244
10
3692.6087266489
20
1192.5309916228
10
3693.0313924808
20
1192.530961019
72
1
10
3693.0313924808
20
1192.530961019
11
3730.3705310303
21
1192.6111718451
97
0
75
0
76
1
98
0
0
HATCH
5
396
100
AcDbEntity
8
Layer 1
6
ByLayer
370
-1
62
256
100
AcDbHatch
10
0
20
0
30
0
210
0
220
0
230
1
2
FILL_918
70
1
71
0
91
2
92
0
93
11
72
1
10
3756.2430939227
20
1127.9834254144
11
3771.6850828729
21
1238.3425414365
72
1
10
3771.6850828729
20
1238.3425414365
11
3771.6850828729
21
1238.3425414365
72
4
94
3
73
0
74
0
95
8
96
4
40
0.0
40
0.0
40
0.0
40
0.0
40
1.0
40
1.0
40
1.0
40
1.0
10
3771.6850828729
20
1238.3425414365
10
3771.812622272
20
1239.2034323803
10
3772.5368991114
20
1239.8459360282
10
3773.3977900552
20
1239.861878453
72
4
94
3
73
0
74
0
95
8
96
4
40
0.0
40
0.0
40
0.0
40
0.0
40
1.0
40
1.0
40
1.0
40
1.0
10
3773.3977900552
20
1239.861878453
10
3787.4585635359
20
1240.0552486188
10
3806.9337016575
20
1241.0220994475
10
3820.3314917127
20
1236.6850828729
72
4
94
2
73
0
74
0
95
6
96
3
40
0.0
40
0.0
40
0.0
40
1.0
40
1.0
40
1.0
10
3820.3314917127
20
1236.6850828729
10
3853.7569060773
20
1225.8287292818
10
3857.955801105
20
1193.4254143646
72
4
94
3
73
0
74
0
95
8
96
4
40
0.0
40
0.0
40
0.0
40
0.0
40
1.0
40
1.0
40
1.0
40
1.0
10
3857.955801105
20
1193.4254143646
10
3862.679558011
20
1156.9613259669
10
3841.9060773481
20
1128.3701657459
10
3803.9226519337
20
1127.1546961326
72
4
94
2
73
0
74
0
95
6
96
3
40
0.0
40
0.0
40
0.0
40
1.0
40
1.0
40
1.0
10
3803.9226519337
20
1127.1546961326
10
3788.0939226519
20
1126.6574585635
10
3757.0165745856
20
1127.0718232044
72
1
10
3757.0165745856
20
1127.0718232044
11
3757.0165745856
21
1127.0718232044
72
4
94
3
73
0
74
0
95
8
96
4
40
0.0
40
0.0
40
0.0
40
0.0
40
1.0
40
1.0
40
1.0
40
1.0
10
3757.0165745856
20
1127.0718232044
10
3756.7857784686
20
1127.0788170261
10
3756.5688113782
20
1127.1827230302
10
3756.4208344203
20
1127.3571244449
72
4
94
3
73
0
74
0
95
8
96
4
40
0.0
40
0.0
40
0.0
40
0.0
40
1.0
40
1.0
40
1.0
40
1.0
10
3756.4208344203
20
1127.3571244449
10
3756.2728574624
20
1127.5315258597
10
3756.208124814
20
1127.7596231191
10
3756.2430939227
20
1127.9834254144
72
1
10
3756.2430939227
20
1127.9834254144
11
3756.2430939227
21
1127.9834254144
97
0
92
0
93
8
72
4
94
2
73
0
74
0
95
6
96
3
40
0.0
40
0.0
40
0.0
40
1.0
40
1.0
40
1.0
10
3779.364640884
20
1143.1767955801
10
3788.9502762431
20
1141.9889502762
10
3805.2209944751
20
1143.8397790055
72
4
94
3
73
0
74
0
95
8
96
4
40
0.0
40
0.0
40
0.0
40
0.0
40
1.0
40
1.0
40
1.0
40
1.0
10
3805.2209944751
20
1143.8397790055
10
3821.0220994475
20
1145.635359116
10
3833.0386740331
20
1154.4751381215
10
3837.0165745856
20
1170.2762430939
72
4
94
3
73
0
74
0
95
8
96
4
40
0.0
40
0.0
40
0.0
40
0.0
40
1.0
40
1.0
40
1.0
40
1.0
10
3837.0165745856
20
1170.2762430939
10
3845.4696132597
20
1203.8397790055
10
3823.3977900552
20
1225.7458563536
10
3790.4143646409
20
1223.8121546961
72
4
94
3
73
0
74
0
95
8
96
4
40
0.0
40
0.0
40
0.0
40
0.0
40
1.0
40
1.0
40
1.0
40
1.0
10
3790.4143646409
20
1223.8121546961
10
3789.4962646026
20
1223.7477266233
10
3788.7476406761
20
1223.0451718615
10
3788.6187845304
20
1222.1270718232
72
1
10
3788.6187845304
20
1222.1270718232
11
3777.8453038674
21
1145.1657458564
72
1
10
3777.8453038674
20
1145.1657458564
11
3777.8453038674
21
1145.1657458564
72
4
94
3
73
0
74
0
95
8
96
4
40
0.0
40
0.0
40
0.0
40
0.0
40
1.0
40
1.0
40
1.0
40
1.0
10
3777.8453038674
20
1145.1657458564
10
3777.7797192183
20
1144.6993661292
10
3777.9036116169
20
1144.2262195438
10
3778.1892175036
20
1143.8523354739
72
4
94
3
73
0
74
0
95
8
96
4
40
0.0
40
0.0
40
0.0
40
0.0
40
1.0
40
1.0
40
1.0
40
1.0
10
3778.1892175036
20
1143.8523354739
10
3778.4748233904
20
1143.478451404
10
3778.8982611568
20
1143.235093046
10
3779.364640884
20
1143.1767955801
97
0
75
0
76
1
98
0
0
HATCH
5
3b7
100
AcDbEntity
8
Layer 1
6
ByLayer
370
-1
62
256
100
AcDbHatch
10
0
20
0
30
0
210
0
220
0
230
1
2
FILL_951
70
1
71
0
91
3
92
0
93
15
72
1
10
3982.1012810949
20
1189.1940804224
11
3982.1012810949
21
1189.1940804224
72
4
94
3
73
0
74
0
95
8
96
4
40
0.0
40
0.0
40
0.0
40
0.0
40
1.0
40
1.0
40
1.0
40
1.0
10
3982.1012810949
20
1189.1940804224
10
3981.8161531276
20
1189.0374285882
10
3981.6395575377
20
1188.7379631664
10
3981.6396552373
20
1188.4112693555
72
4
94
3
73
0
74
0
95
8
96
4
40
0.0
40
0.0
40
0.0
40
0.0
40
1.0
40
1.0
40
1.0
40
1.0
10
3981.6396552373
20
1188.4112693555
10
3981.639752937
20
1188.0845755446
10
3981.816528645
20
1187.7817513859
10
3982.1017519288
20
1187.6196784554
72
4
94
2
73
0
74
0
95
6
96
3
40
0.0
40
0.0
40
0.0
40
1.0
40
1.0
40
1.0
10
3982.1017519288
20
1187.6196784554
10
3988.0412768929
20
1184.3069239511
10
3988.0688979801
20
1184.3069322113
72
4
94
2
73
0
74
0
95
6
96
3
40
0.0
40
0.0
40
0.0
40
1.0
40
1.0
40
1.0
10
3988.0688979801
20
1184.3069322113
10
4005.0029455249
20
1176.5504702544
10
4002.5786006827
20
1155.4472327785
72
4
94
3
73
0
74
0
95
8
96
4
40
0.0
40
0.0
40
0.0
40
0.0
40
1.0
40
1.0
40
1.0
40
1.0
10
4002.5786006827
20
1155.4472327785
10
4000.4572039529
20
1137.2995424892
10
3981.9811995105
20
1128.9248269831
10
3965.8784608987
20
1127.7323045142
72
4
94
2
73
0
74
0
95
6
96
3
40
0.0
40
0.0
40
0.0
40
1.0
40
1.0
40
1.0
10
3965.8784608987
20
1127.7323045142
10
3946.2679268227
20
1126.2625221229
10
3919.8895077563
20
1127.1937505531
72
1
10
3919.8895077563
20
1127.1937505531
11
3919.8895077563
21
1127.1937505531
72
4
94
3
73
0
74
0
95
8
96
4
40
0.0
40
0.0
40
0.0
40
0.0
40
1.0
40
1.0
40
1.0
40
1.0
10
3919.8895077563
20
1127.1937505531
10
3919.7192456079
20
1127.2007938037
10
3919.5594542145
20
1127.2765715417
10
3919.4491146878
20
1127.4025977873
72
4
94
3
73
0
74
0
95
8
96
4
40
0.0
40
0.0
40
0.0
40
0.0
40
1.0
40
1.0
40
1.0
40
1.0
10
3919.4491146878
20
1127.4025977873
10
3919.338775161
20
1127.5286240329
10
3919.2880329729
20
1127.6933109556
10
3919.3092666806
20
1127.8564831794
72
1
10
3919.3092666806
20
1127.8564831794
11
3934.688916234
21
1237.9311246455
72
1
10
3934.688916234
20
1237.9311246455
11
3934.688916234
21
1237.9311246455
72
4
94
3
73
0
74
0
95
8
96
4
40
0.0
40
0.0
40
0.0
40
0.0
40
1.0
40
1.0
40
1.0
40
1.0
10
3934.688916234
20
1237.9311246455
10
3934.8167388763
20
1238.8759386792
10
3935.6058635199
20
1239.5958669717
10
3936.5666380244
20
1239.6441937447
72
4
94
2
73
0
74
0
95
6
96
3
40
0.0
40
0.0
40
0.0
40
1.0
40
1.0
40
1.0
10
3936.5666380244
20
1239.6441937447
10
3958.6631608056
20
1240.8108875993
10
3974.4080725814
20
1237.8325185271
72
4
94
3
73
0
74
0
95
8
96
4
40
0.0
40
0.0
40
0.0
40
0.0
40
1.0
40
1.0
40
1.0
40
1.0
10
3974.4080725814
20
1237.8325185271
10
4000.0142741624
20
1232.9788644362
10
4005.3268569683
20
1201.7686219355
10
3982.1012810949
20
1189.1940804224
97
0
92
0
93
8
72
4
94
3
73
0
74
0
95
8
96
4
40
0.0
40
0.0
40
0.0
40
0.0
40
1.0
40
1.0
40
1.0
40
1.0
10
3949.4095680525
20
1195.3173063701
10
3958.8542327827
20
1194.8447596337
10
3972.2113421271
20
1195.4256714512
10
3976.2712466712
20
1204.7553852003
72
4
94
3
73
0
74
0
95
8
96
4
40
0.0
40
0.0
40
0.0
40
0.0
40
1.0
40
1.0
40
1.0
40
1.0
10
3976.2712466712
20
1204.7553852003
10
3980.3311512152
20
1214.0850989494
10
3975.3859277532
20
1222.6379723385
10
3965.0898788051
20
1223.9342140624
72
4
94
2
73
0
74
0
95
6
96
3
40
0.0
40
0.0
40
0.0
40
1.0
40
1.0
40
1.0
10
3965.0898788051
20
1223.9342140624
10
3960.503289263
20
1224.5157653391
10
3953.3225275305
20
1224.2433162859
72
4
94
3
73
0
74
0
95
8
96
4
40
0.0
40
0.0
40
0.0
40
0.0
40
1.0
40
1.0
40
1.0
40
1.0
10
3953.3225275305
20
1224.2433162859
10
3952.5567423504
20
1224.2107842585
10
3951.9193002134
20
1223.6379520215
10
3951.7987756848
20
1222.8740089754
72
1
10
3951.7987756848
20
1222.8740089754
11
3947.8768411482
21
1197.1779742651
72
1
10
3947.8768411482
20
1197.1779742651
11
3947.8768411482
21
1197.1779742651
72
4
94
3
73
0
74
0
95
8
96
4
40
0.0
40
0.0
40
0.0
40
0.0
40
1.0
40
1.0
40
1.0
40
1.0
10
3947.8768411482
20
1197.1779742651
10
3947.810317917
20
1196.7210921986
10
3947.939266626
20
1196.2575169773
10
3948.2315862703
20
1195.9026528617
72
4
94
3
73
0
74
0
95
8
96
4
40
0.0
40
0.0
40
0.0
40
0.0
40
1.0
40
1.0
40
1.0
40
1.0
10
3948.2315862703
20
1195.9026528617
10
3948.5239059146
20
1195.5477887462
10
3948.9520984972
20
1195.3350171823
10
3949.4095680525
20
1195.3173063701
97
0
92
0
93
9
72
4
94
3
73
0
74
0
95
8
96
4
40
0.0
40
0.0
40
0.0
40
0.0
40
1.0
40
1.0
40
1.0
40
1.0
10
3941.9604903255
20
1142.432837447
10
3956.3456124528
20
1141.7755495781
10
3982.3834995225
20
1141.29356683
10
3983.2959897888
20
1160.0134648465
72
4
94
3
73
0
74
0
95
8
96
4
40
0.0
40
0.0
40
0.0
40
0.0
40
1.0
40
1.0
40
1.0
40
1.0
10
3983.2959897888
20
1160.0134648465
10
3984.2091192344
20
1179.1475500665
10
3962.2592428216
20
1180.5068256143
10
3947.2369882756
20
1179.8396945066
72
1
10
3947.2369882756
20
1179.8396945066
11
3947.2369882756
21
1179.8396945066
72
4
94
3
73
0
74
0
95
8
96
4
40
0.0
40
0.0
40
0.0
40
0.0
40
1.0
40
1.0
40
1.0
40
1.0
10
3947.2369882756
20
1179.8396945066
10
3946.2622479705
20
1179.8092415811
10
3945.4467231762
20
1179.0659262124
10
3945.3013874947
20
1178.0754786078
72
1
10
3945.3013874947
20
1178.0754786078
11
3940.4997134256
21
1144.1746821348
72
1
10
3940.4997134256
20
1144.1746821348
11
3940.4997134256
21
1144.1746821348
72
4
94
3
73
0
74
0
95
8
96
4
40
0.0
40
0.0
40
0.0
40
0.0
40
1.0
40
1.0
40
1.0
40
1.0
10
3940.4997134256
20
1144.1746821348
10
3940.4422200943
20
1143.7485035083
10
3940.5674573388
20
1143.3176429038
10
3940.8450335241
20
1142.9866583409
72
4
94
3
73
0
74
0
95
8
96
4
40
0.0
40
0.0
40
0.0
40
0.0
40
1.0
40
1.0
40
1.0
40
1.0
10
3940.8450335241
20
1142.9866583409
10
3941.1226097094
20
1142.6556737779
10
3941.5271524417
20
1142.4548195473
10
3941.9604903255
20
1142.432837447
72
1
10
3941.9604903255
20
1142.432837447
11
3941.9604903255
21
1142.432837447
97
0
75
0
76
1
98
0
0
HATCH
5
3d4
100
AcDbEntity
8
Layer 1
6
ByLayer
370
-1
62
256
100
AcDbHatch
10
0
20
0
30
0
210
0
220
0
230
1
2
FILL_980
70
1
71
0
91
1
92
0
93
28
72
1
10
4036.5723068339
20
1178.6925410834
11
4012.4621893717
21
1238.6843451157
72
1
10
4012.4621893717
20
1238.6843451157
11
4012.4621893717
21
1238.6843451157
72
4
94
3
73
0
74
0
95
8
96
4
40
0.0
40
0.0
40
0.0
40
0.0
40
1.0
40
1.0
40
1.0
40
1.0
10
4012.4621893717
20
1238.6843451157
10
4012.3560518547
20
1238.9484409309
10
4012.3880656938
20
1239.2480125152
10
4012.54761443
20
1239.4837156609
72
4
94
3
73
0
74
0
95
8
96
4
40
0.0
40
0.0
40
0.0
40
0.0
40
1.0
40
1.0
40
1.0
40
1.0
10
4012.54761443
20
1239.4837156609
10
4012.7071631662
20
1239.7194188066
10
4012.973394093
20
1239.8604475754
10
4013.2580194625
20
1239.8600338757
72
1
10
4013.2580194625
20
1239.8600338757
11
4030.4170161629
21
1239.8350934736
72
1
10
4030.4170161629
20
1239.8350934736
11
4030.4170161629
21
1239.8350934736
72
4
94
3
73
0
74
0
95
8
96
4
40
0.0
40
0.0
40
0.0
40
0.0
40
1.0
40
1.0
40
1.0
40
1.0
10
4030.4170161629
20
1239.8350934736
10
4030.7660212792
20
1239.8345861987
10
4031.0798014086
20
1239.6223326877
10
4031.2101529162
20
1239.2985838452
72
1
10
4031.2101529162
20
1239.2985838452
11
4047.2978388652
21
1199.3422396581
72
4
94
3
73
0
74
0
95
8
96
4
40
0.0
40
0.0
40
0.0
40
0.0
40
1.0
40
1.0
40
1.0
40
1.0
10
4047.2978388652
20
1199.3422396581
10
4047.4161989038
20
1199.0482735491
10
4047.6872243678
20
1198.8437032652
10
4048.0023747214
20
1198.8104553084
72
4
94
3
73
0
74
0
95
8
96
4
40
0.0
40
0.0
40
0.0
40
0.0
40
1.0
40
1.0
40
1.0
40
1.0
10
4048.0023747214
20
1198.8104553084
10
4048.3175250749
20
1198.7772073516
10
4048.6252726113
20
1198.9207178287
10
4048.8023703042
20
1199.1835135272
72
1
10
4048.8023703042
20
1199.1835135272
11
4075.9604644697
21
1239.4834756986
72
1
10
4075.9604644697
20
1239.4834756986
11
4075.9604644697
21
1239.4834756986
72
4
94
3
73
0
74
0
95
8
96
4
40
0.0
40
0.0
40
0.0
40
0.0
40
1.0
40
1.0
40
1.0
40
1.0
10
4075.9604644697
20
1239.4834756986
10
4076.1198597057
20
1239.7200026781
10
4076.3865542007
20
1239.8616463166
10
4076.6717764009
20
1239.8612593122
72
1
10
4076.6717764009
20
1239.8612593122
11
4094.9669565154
21
1239.8364354586
72
4
94
3
73
0
74
0
95
8
96
4
40
0.0
40
0.0
40
0.0
40
0.0
40
1.0
40
1.0
40
1.0
40
1.0
10
4094.9669565154
20
1239.8364354586
10
4095.2833740863
20
1239.8360061268
10
4095.5737695027
20
1239.6611320074
10
4095.7221510201
20
1239.38166253
72
4
94
3
73
0
74
0
95
8
96
4
40
0.0
40
0.0
40
0.0
40
0.0
40
1.0
40
1.0
40
1.0
40
1.0
10
4095.7221510201
20
1239.38166253
10
4095.8705325375
20
1239.1021930527
10
4095.8527164267
20
1238.7636771126
10
4095.6758189216
20
1238.5013270865
72
1
10
4095.6758189216
20
1238.5013270865
11
4055.9116738701
21
1179.5286214511
72
1
10
4055.9116738701
20
1179.5286214511
11
4055.9116738701
21
1179.5286214511
72
4
94
3
73
0
74
0
95
8
96
4
40
0.0
40
0.0
40
0.0
40
0.0
40
1.0
40
1.0
40
1.0
40
1.0
10
4055.9116738701
20
1179.5286214511
10
4055.8389188246
20
1179.4207211838
10
4055.7917125766
20
1179.2976582717
10
4055.7736413105
20
1179.168781611
72
1
10
4055.7736413105
20
1179.168781611
11
4048.5564432451
21
1127.6987638289
72
4
94
3
73
0
74
0
95
8
96
4
40
0.0
40
0.0
40
0.0
40
0.0
40
1.0
40
1.0
40
1.0
40
1.0
10
4048.5564432451
20
1127.6987638289
10
4048.4971480661
20
1127.2758955786
10
4048.1353915757
20
1126.9613259669
10
4047.7083863352
20
1126.9613259669
72
1
10
4047.7083863352
20
1126.9613259669
11
4030.4320561651
21
1126.9613259669
72
4
94
3
73
0
74
0
95
8
96
4
40
0.0
40
0.0
40
0.0
40
0.0
40
1.0
40
1.0
40
1.0
40
1.0
10
4030.4320561651
20
1126.9613259669
10
4030.1842331723
20
1126.9613259669
10
4029.9485627243
20
1127.0686856985
10
4029.7859216999
20
1127.2556726844
72
4
94
3
73
0
74
0
95
8
96
4
40
0.0
40
0.0
40
0.0
40
0.0
40
1.0
40
1.0
40
1.0
40
1.0
10
4029.7859216999
20
1127.2556726844
10
4029.6232806754
20
1127.4426596704
10
4029.5496199942
20
1127.6909352755
10
4029.5839672111
20
1127.9363665376
72
1
10
4029.5839672111
20
1127.9363665376
11
4036.6258103958
21
1178.2545180304
72
1
10
4036.6258103958
20
1178.2545180304
11
4036.6258103958
21
1178.2545180304
72
4
94
3
73
0
74
0
95
8
96
4
40
0.0
40
0.0
40
0.0
40
0.0
40
1.0
40
1.0
40
1.0
40
1.0
10
4036.6258103958
20
1178.2545180304
10
4036.6465468942
20
1178.4026926257
10
4036.6280999122
20
1178.5537144092
10
4036.5723068339
20
1178.6925410834
72
1
10
4036.5723068339
20
1178.6925410834
11
4036.5723068339
21
1178.6925410834
97
0
75
0
76
1
98
0
0
HATCH
5
3ef
100
AcDbEntity
8
Layer 1
6
ByLayer
370
-1
62
256
100
AcDbHatch
10
0
20
0
30
0
210
0
220
0
230
1
2
FILL_1007
70
1
71
0
91
1
92
0
93
26
72
1
10
4163.2095072209
20
1221.7452118945
11
4163.2095072209
21
1221.7452118945
72
4
94
3
73
0
74
0
95
8
96
4
40
0.0
40
0.0
40
0.0
40
0.0
40
1.0
40
1.0
40
1.0
40
1.0
10
4163.2095072209
20
1221.7452118945
10
4163.2788753709
20
1222.2165418831
10
4163.1389566194
20
1222.6947340899
10
4162.8261719005
20
1223.0553147991
72
4
94
3
73
0
74
0
95
8
96
4
40
0.0
40
0.0
40
0.0
40
0.0
40
1.0
40
1.0
40
1.0
40
1.0
10
4162.8261719005
20
1223.0553147991
10
4162.5133871816
20
1223.4158955084
10
4162.0586798628
20
1223.6231929602
10
4161.5804105296
20
1223.6232475046
72
1
10
4161.5804105296
20
1223.6232475046
11
4131.1205727924
21
1223.5438749921
72
1
10
4131.1205727924
20
1223.5438749921
11
4131.1205727924
21
1223.5438749921
72
4
94
3
73
0
74
0
95
8
96
4
40
0.0
40
0.0
40
0.0
40
0.0
40
1.0
40
1.0
40
1.0
40
1.0
10
4131.1205727924
20
1223.5438749921
10
4130.8146687081
20
1223.5439098791
10
4130.5235289555
20
1223.6746742732
10
4130.3223244037
20
1223.9024054436
72
4
94
3
73
0
74
0
95
8
96
4
40
0.0
40
0.0
40
0.0
40
0.0
40
1.0
40
1.0
40
1.0
40
1.0
10
4130.3223244037
20
1223.9024054436
10
4130.1211198519
20
1224.130136614
10
4130.0295732797
20
1224.4325115492
10
4130.0713215671
20
1224.7314585106
72
1
10
4130.0713215671
20
1224.7314585106
11
4132.0336081297
21
1238.6770311725
72
1
10
4132.0336081297
20
1238.6770311725
11
4132.0336081297
21
1238.6770311725
72
4
94
3
73
0
74
0
95
8
96
4
40
0.0
40
0.0
40
0.0
40
0.0
40
1.0
40
1.0
40
1.0
40
1.0
10
4132.0336081297
20
1238.6770311725
10
4132.1287575762
20
1239.3425351637
10
4132.6937666027
20
1239.8368043022
10
4133.3592814366
20
1239.8367284033
72
1
10
4133.3592814366
20
1239.8367284033
11
4217.8072944752
21
1239.8547129379
72
1
10
4217.8072944752
20
1239.8547129379
11
4217.8072944752
21
1239.8547129379
72
4
94
3
73
0
74
0
95
8
96
4
40
0.0
40
0.0
40
0.0
40
0.0
40
1.0
40
1.0
40
1.0
40
1.0
10
4217.8072944752
20
1239.8547129379
10
4218.1181449299
20
1239.8546774869
10
4218.4131889902
20
1239.7171155134
10
4218.6149260765
20
1239.4781610533
72
4
94
3
73
0
74
0
95
8
96
4
40
0.0
40
0.0
40
0.0
40
0.0
40
1.0
40
1.0
40
1.0
40
1.0
10
4218.6149260765
20
1239.4781610533
10
4218.8166631629
20
1239.2392065932
10
4218.9049293679
20
1238.9227434832
10
4218.8565394016
20
1238.6118985431
72
1
10
4218.8565394016
20
1238.6118985431
11
4216.8666562974
21
1224.8320216597
72
4
94
3
73
0
74
0
95
8
96
4
40
0.0
40
0.0
40
0.0
40
0.0
40
1.0
40
1.0
40
1.0
40
1.0
10
4216.8666562974
20
1224.8320216597
10
4216.7717220339
20
1224.1206339888
10
4216.1695257161
20
1223.5894064309
10
4215.4581272277
20
1223.5894875626
72
1
10
4215.4581272277
20
1223.5894875626
11
4184.280300696
21
1223.6206586875
72
4
94
3
73
0
74
0
95
8
96
4
40
0.0
40
0.0
40
0.0
40
0.0
40
1.0
40
1.0
40
1.0
40
1.0
10
4184.280300696
20
1223.6206586875
10
4183.4235465639
20
1223.6207563963
10
4182.6949977088
20
1222.9863599472
10
4182.5679734619
20
1222.1296202905
72
1
10
4182.5679734619
20
1222.1296202905
11
4169.4399134374
21
1128.0729338931
72
1
10
4169.4399134374
20
1128.0729338931
11
4169.4399134374
21
1128.0729338931
72
4
94
3
73
0
74
0
95
8
96
4
40
0.0
40
0.0
40
0.0
40
0.0
40
1.0
40
1.0
40
1.0
40
1.0
10
4169.4399134374
20
1128.0729338931
10
4169.3444281893
20
1127.4686413505
10
4168.8173051887
20
1127.023618235
10
4168.1970990426
20
1127.0236889666
72
1
10
4168.1970990426
20
1127.0236889666
11
4150.9098347553
21
1127.0256604988
72
1
10
4150.9098347553
20
1127.0256604988
11
4150.9098347553
21
1127.0256604988
72
4
94
3
73
0
74
0
95
8
96
4
40
0.0
40
0.0
40
0.0
40
0.0
40
1.0
40
1.0
40
1.0
40
1.0
10
4150.9098347553
20
1127.0256604988
10
4150.667232034
20
1127.0256881666
10
4150.4363622829
20
1127.1293364833
10
4150.2773194876
20
1127.3096264254
72
4
94
3
73
0
74
0
95
8
96
4
40
0.0
40
0.0
40
0.0
40
0.0
40
1.0
40
1.0
40
1.0
40
1.0
10
4150.2773194876
20
1127.3096264254
10
4150.1182766923
20
1127.4899163676
10
4150.0467942817
20
1127.7290126162
10
4150.0814786906
20
1127.9646798786
72
1
10
4150.0814786906
20
1127.9646798786
11
4163.2095072209
21
1221.7452118945
97
0
75
0
76
1
98
0
0
HATCH
5
411
100
AcDbEntity
8
Layer 1
6
ByLayer
370
-1
62
256
100
AcDbHatch
10
0
20
0
30
0
210
0
220
0
230
1
2
FILL_1041
70
1
71
0
91
2
92
0
93
26
72
4
94
3
73
0
74
0
95
8
96
4
40
0.0
40
0.0
40
0.0
40
0.0
40
1.0
40
1.0
40
1.0
40
1.0
10
4281.6733646404
20
1180.3868874052
10
4281.2301279046
20
1180.280098755
10
4280.8825141619
20
1179.9358663689
10
4280.772139343
20
1179.4944286314
72
4
94
3
73
0
74
0
95
8
96
4
40
0.0
40
0.0
40
0.0
40
0.0
40
1.0
40
1.0
40
1.0
40
1.0
10
4280.772139343
20
1179.4944286314
10
4280.661764524
20
1179.052990894
10
4280.8070519647
20
1178.5880308767
10
4281.1488123592
20
1178.2889707384
72
1
10
4281.1488123592
20
1178.2889707384
11
4286.0070451886
21
1174.0101304607
72
1
10
4286.0070451886
20
1174.0101304607
11
4286.0070451886
21
1174.0101304607
72
4
94
3
73
0
74
0
95
8
96
4
40
0.0
40
0.0
40
0.0
40
0.0
40
1.0
40
1.0
40
1.0
40
1.0
10
4286.0070451886
20
1174.0101304607
10
4286.5548080954
20
1173.5171113234
10
4287.0126982161
20
1172.9283556056
10
4287.3596034041
20
1172.2710093331
72
1
10
4287.3596034041
20
1172.2710093331
11
4309.800510835
21
1127.6339696784
72
1
10
4309.800510835
20
1127.6339696784
11
4309.800510835
21
1127.6339696784
72
4
94
3
73
0
74
0
95
8
96
4
40
0.0
40
0.0
40
0.0
40
0.0
40
1.0
40
1.0
40
1.0
40
1.0
10
4309.800510835
20
1127.6339696784
10
4309.8749320446
20
1127.4908404981
10
4309.8682652839
20
1127.3189301635
10
4309.7830034582
20
1127.182521198
72
4
94
3
73
0
74
0
95
8
96
4
40
0.0
40
0.0
40
0.0
40
0.0
40
1.0
40
1.0
40
1.0
40
1.0
10
4309.7830034582
20
1127.182521198
10
4309.6977416325
20
1127.0461122324
10
4309.5467249688
20
1126.9657474997
10
4309.3864232089
20
1126.9714778273
72
1
10
4309.3864232089
20
1126.9714778273
11
4289.7321026153
21
1127.1929576474
72
1
10
4289.7321026153
20
1127.1929576474
11
4289.7321026153
21
1127.1929576474
72
4
94
3
73
0
74
0
95
8
96
4
40
0.0
40
0.0
40
0.0
40
0.0
40
1.0
40
1.0
40
1.0
40
1.0
10
4289.7321026153
20
1127.1929576474
10
4289.3781056452
20
1127.1929692588
10
4289.0556905094
20
1127.3971803291
10
4288.9039880278
20
1127.7174682783
72
4
94
2
73
0
74
0
95
6
96
3
40
0.0
40
0.0
40
0.0
40
1.0
40
1.0
40
1.0
10
4288.9039880278
20
1127.7174682783
10
4279.8503999389
20
1147.6205326382
10
4270.6586984351
20
1164.7355578294
72
4
94
2
73
0
74
0
95
6
96
3
40
0.0
40
0.0
40
0.0
40
1.0
40
1.0
40
1.0
10
4270.6586984351
20
1164.7355578294
10
4263.9236367018
20
1177.2405688001
10
4249.4864576573
20
1174.7566469744
72
4
94
3
73
0
74
0
95
8
96
4
40
0.0
40
0.0
40
0.0
40
0.0
40
1.0
40
1.0
40
1.0
40
1.0
10
4249.4864576573
20
1174.7566469744
10
4248.616652687
20
1174.6089735963
10
4247.94504573
20
1173.9150252906
10
4247.830137938
20
1173.0452289332
72
1
10
4247.830137938
20
1173.0452289332
11
4241.4796408028
21
1127.7190238304
72
1
10
4241.4796408028
20
1127.7190238304
11
4241.4796408028
21
1127.7190238304
72
4
94
3
73
0
74
0
95
8
96
4
40
0.0
40
0.0
40
0.0
40
0.0
40
1.0
40
1.0
40
1.0
40
1.0
10
4241.4796408028
20
1127.7190238304
10
4241.416895483
20
1127.2642304721
10
4241.0234653819
20
1126.9304331871
10
4240.5686704804
20
1126.9461307052
72
1
10
4240.5686704804
20
1126.9461307052
11
4222.7638433143
21
1127.1399454676
72
1
10
4222.7638433143
20
1127.1399454676
11
4222.7638433143
21
1127.1399454676
72
4
94
3
73
0
74
0
95
8
96
4
40
0.0
40
0.0
40
0.0
40
0.0
40
1.0
40
1.0
40
1.0
40
1.0
10
4222.7638433143
20
1127.1399454676
10
4222.60102743
20
1127.1470297697
10
4222.4483912331
20
1127.2199102389
10
4222.3433407313
20
1127.3407263189
72
4
94
3
73
0
74
0
95
8
96
4
40
0.0
40
0.0
40
0.0
40
0.0
40
1.0
40
1.0
40
1.0
40
1.0
10
4222.3433407313
20
1127.3407263189
10
4222.2382902295
20
1127.461542399
10
4222.1905342859
20
1127.6191281578
10
4222.2117762789
20
1127.7748646161
72
1
10
4222.2117762789
20
1127.7748646161
11
4237.6738563392
21
1238.1367209005
72
4
94
3
73
0
74
0
95
8
96
4
40
0.0
40
0.0
40
0.0
40
0.0
40
1.0
40
1.0
40
1.0
40
1.0
10
4237.6738563392
20
1238.1367209005
10
4237.7847602089
20
1239.023715468
10
4238.5377511259
20
1239.6943037148
10
4239.4405891033
20
1239.7101133548
72
4
94
3
73
0
74
0
95
8
96
4
40
0.0
40
0.0
40
0.0
40
0.0
40
1.0
40
1.0
40
1.0
40
1.0
10
4239.4405891033
20
1239.7101133548
10
4265.1402971229
20
1240.2613582473
10
4305.8845098077
20
1244.1798456228
10
4304.6687186125
20
1207.659273484
72
4
94
3
73
0
74
0
95
8
96
4
40
0.0
40
0.0
40
0.0
40
0.0
40
1.0
40
1.0
40
1.0
40
1.0
10
4304.6687186125
20
1207.659273484
10
4304.1990002636
20
1194.133136292
10
4294.619928192
20
1183.5333635575
10
4281.6733646404
20
1180.3868874052
97
0
92
0
93
7
72
4
94
3
73
0
74
0
95
8
96
4
40
0.0
40
0.0
40
0.0
40
0.0
40
1.0
40
1.0
40
1.0
40
1.0
10
4252.3463778766
20
1190.2490832531
10
4263.2456204748
20
1189.8071741108
10
4278.6462212443
20
1190.6231240618
10
4283.2272742145
20
1201.4289566809
72
4
94
3
73
0
74
0
95
8
96
4
40
0.0
40
0.0
40
0.0
40
0.0
40
1.0
40
1.0
40
1.0
40
1.0
10
4283.2272742145
20
1201.4289566809
10
4287.8083271847
20
1212.2347893
10
4282.0107734302
20
1222.0462086546
10
4270.1204931704
20
1223.4289213731
72
4
94
2
73
0
74
0
95
6
96
3
40
0.0
40
0.0
40
0.0
40
1.0
40
1.0
40
1.0
10
4270.1204931704
20
1223.4289213731
10
4264.8236751443
20
1224.0496242138
10
4256.5439002892
20
1223.6569342921
72
4
94
3
73
0
74
0
95
8
96
4
40
0.0
40
0.0
40
0.0
40
0.0
40
1.0
40
1.0
40
1.0
40
1.0
10
4256.5439002892
20
1223.6569342921
10
4255.6609499259
20
1223.6110457072
10
4254.9319399183
20
1222.9433420363
10
4254.8012631462
20
1222.0608447937
72
1
10
4254.8012631462
20
1222.0608447937
11
4250.5581098846
21
1192.3785560492
72
4
94
3
73
0
74
0
95
8
96
4
40
0.0
40
0.0
40
0.0
40
0.0
40
1.0
40
1.0
40
1.0
40
1.0
10
4250.5581098846
20
1192.3785560492
10
4250.4863678863
20
1191.8508324246
10
4250.6401688501
20
1191.3175234705
10
4250.9812249521
20
1190.9113932404
72
4
94
3
73
0
74
0
95
8
96
4
40
0.0
40
0.0
40
0.0
40
0.0
40
1.0
40
1.0
40
1.0
40
1.0
10
4250.9812249521
20
1190.9113932404
10
4251.3222810541
20
1190.5052630103
10
4251.8185097439
20
1190.2645154637
10
4252.3463778766
20
1190.2490832531
97
0
75
0
76
1
98
0
0
HATCH
5
416
100
AcDbEntity
8
Layer 1
6
ByLayer
370
-1
62
256
100
AcDbHatch
10
0
20
0
30
0
210
0
220
0
230
1
2
FILL_1046
70
1
71
0
91
1
92
0
93
4
72
4
94
3
73
0
74
0
95
8
96
4
40
0.0
40
0.0
40
0.0
40
0.0
40
1.0
40
1.0
40
1.0
40
1.0
10
3188.2596685083
20
1137.6519337017
10
3188.2596685083
20
1131.3204925088
10
3183.1270213033
20
1126.1878453039
10
3176.7955801105
20
1126.1878453039
72
4
94
3
73
0
74
0
95
8
96
4
40
0.0
40
0.0
40
0.0
40
0.0
40
1.0
40
1.0
40
1.0
40
1.0
10
3176.7955801105
20
1126.1878453039
10
3170.4641389177
20
1126.1878453039
10
3165.3314917127
20
1131.3204925088
10
3165.3314917127
20
1137.6519337017
72
4
94
3
73
0
74
0
95
8
96
4
40
0.0
40
0.0
40
0.0
40
0.0
40
1.0
40
1.0
40
1.0
40
1.0
10
3165.3314917127
20
1137.6519337017
10
3165.3314917127
20
1143.9833748945
10
3170.4641389177
20
1149.1160220994
10
3176.7955801105
20
1149.1160220994
72
4
94
3
73
0
74
0
95
8
96
4
40
0.0
40
0.0
40
0.0
40
0.0
40
1.0
40
1.0
40
1.0
40
1.0
10
3176.7955801105
20
1149.1160220994
10
3183.1270213033
20
1149.1160220994
10
3188.2596685083
20
1143.9833748945
10
3188.2596685083
20
1137.6519337017
97
0
75
0
76
1
98
0
0
HATCH
5
41b
100
AcDbEntity
8
Layer 1
6
ByLayer
370
-1
62
256
100
AcDbHatch
10
0
20
0
30
0
210
0
220
0
230
1
2
FILL_1051
70
1
71
0
91
1
92
0
93
4
72
4
94
3
73
0
74
0
95
8
96
4
40
0.0
40
0.0
40
0.0
40
0.0
40
1.0
40
1.0
40
1.0
40
1.0
10
4611.270718232
20
1137.6519337017
10
4611.270718232
20
1131.3204925088
10
4606.1380710271
20
1126.1878453039
10
4599.8066298343
20
1126.1878453039
72
4
94
3
73
0
74
0
95
8
96
4
40
0.0
40
0.0
40
0.0
40
0.0
40
1.0
40
1.0
40
1.0
40
1.0
10
4599.8066298343
20
1126.1878453039
10
4593.4751886414
20
1126.1878453039
10
4588.3425414365
20
1131.3204925088
10
4588.3425414365
20
1137.6519337017
72
4
94
3
73
0
74
0
95
8
96
4
40
0.0
40
0.0
40
0.0
40
0.0
40
1.0
40
1.0
40
1.0
40
1.0
10
4588.3425414365
20
1137.6519337017
10
4588.3425414365
20
1143.9833748945
10
4593.4751886414
20
1149.1160220994
10
4599.8066298343
20
1149.1160220994
72
4
94
3
73
0
74
0
95
8
96
4
40
0.0
40
0.0
40
0.0
40
0.0
40
1.0
40
1.0
40
1.0
40
1.0
10
4599.8066298343
20
1149.1160220994
10
4606.1380710271
20
1149.1160220994
10
4611.270718232
20
1143.9833748945
10
4611.270718232
20
1137.6519337017
97
0
75
0
76
1
98
0
0
HATCH
5
422
100
AcDbEntity
8
Layer 1
6
ByLayer
370
-1
62
256
100
AcDbHatch
10
0
20
0
30
0
210
0
220
0
230
1
2
FILL_1058
70
1
71
0
91
1
92
0
93
6
72
1
10
3070.3546725891
20
904.8208635248
11
3070.3546725891
21
904.8208635248
72
4
94
3
73
0
74
0
95
8
96
4
40
0.0
40
0.0
40
0.0
40
0.0
40
1.0
40
1.0
40
1.0
40
1.0
10
3070.3546725891
20
904.8208635248
10
3070.9615316449
20
903.9794326925
10
3070.3300054662
20
902.4870369908
10
3068.9441193895
20
901.4875044284
72
4
94
3
73
0
74
0
95
8
96
4
40
0.0
40
0.0
40
0.0
40
0.0
40
1.0
40
1.0
40
1.0
40
1.0
10
3068.9441193895
20
901.4875044284
10
3067.5582333128
20
900.4879718661
10
3065.9427942014
20
900.3598050904
10
3065.3359351457
20
901.2012359227
72
4
94
3
73
0
74
0
95
8
96
4
40
0.0
40
0.0
40
0.0
40
0.0
40
1.0
40
1.0
40
1.0
40
1.0
10
3065.3359351457
20
901.2012359227
10
3064.7290760899
20
902.042666755
10
3065.3606022686
20
903.5350624567
10
3066.7464883453
20
904.5345950191
72
4
94
3
73
0
74
0
95
8
96
4
40
0.0
40
0.0
40
0.0
40
0.0
40
1.0
40
1.0
40
1.0
40
1.0
10
3066.7464883453
20
904.5345950191
10
3068.132374422
20
905.5341275815
10
3069.7478135334
20
905.6622943571
10
3070.3546725891
20
904.8208635248
72
1
10
3070.3546725891
20
904.8208635248
11
3070.3546725891
21
904.8208635248
97
0
75
0
76
1
98
0
0
HATCH
5
429
100
AcDbEntity
8
Layer 1
6
ByLayer
370
-1
62
256
100
AcDbHatch
10
0
20
0
30
0
210
0
220
0
230
1
2
FILL_1065
70
1
71
0
91
1
92
0
93
6
72
4
94
3
73
0
74
0
95
8
96
4
40
0.0
40
0.0
40
0.0
40
0.0
40
1.0
40
1.0
40
1.0
40
1.0
10
1062.2375690608
20
844.1988950276
10
1062.0025422759
20
843.921683948
10
1061.64041009
20
843.7877967216
10
1061.2769078909
20
843.8437201368
72
4
94
3
73
0
74
0
95
8
96
4
40
0.0
40
0.0
40
0.0
40
0.0
40
1.0
40
1.0
40
1.0
40
1.0
10
1061.2769078909
20
843.8437201368
10
1060.9134056918
20
843.8996435521
10
1060.5986734735
20
844.1376637638
10
1060.4419889503
20
844.4751381215
72
4
94
2
73
0
74
0
95
6
96
3
40
0.0
40
0.0
40
0.0
40
1.0
40
1.0
40
1.0
10
1060.4419889503
20
844.4751381215
10
1059.9723756906
20
845.4696132597
10
1060.8011049724
20
846.2983425414
72
4
94
3
73
0
74
0
95
8
96
4
40
0.0
40
0.0
40
0.0
40
0.0
40
1.0
40
1.0
40
1.0
40
1.0
10
1060.8011049724
20
846.2983425414
10
1061.0558255869
20
846.5471394207
10
1061.4161830079
20
846.6608734328
10
1061.7537000257
20
846.5989953129
72
4
94
3
73
0
74
0
95
8
96
4
40
0.0
40
0.0
40
0.0
40
0.0
40
1.0
40
1.0
40
1.0
40
1.0
10
1061.7537000257
20
846.5989953129
10
1062.0912170435
20
846.537117193
10
1062.3578600372
20
846.3084331048
10
1062.4585635359
20
845.9944751381
72
4
94
2
73
0
74
0
95
6
96
3
40
0.0
40
0.0
40
0.0
40
1.0
40
1.0
40
1.0
10
1062.4585635359
20
845.9944751381
10
1062.8453038674
20
844.8895027624
10
1062.2375690608
20
844.1988950276
97
0
75
0
76
1
98
0
0
HATCH
5
42e
100
AcDbEntity
8
Layer 1
6
ByLayer
370
-1
62
256
100
AcDbHatch
10
0
20
0
30
0
210
0
220
0
230
1
2
FILL_1070
70
1
71
0
91
1
92
0
93
4
72
4
94
3
73
0
74
0
95
8
96
4
40
0.0
40
0.0
40
0.0
40
0.0
40
1.0
40
1.0
40
1.0
40
1.0
10
1118.8950276243
20
697.5138121547
10
1118.8950276243
20
696.567910097
10
1118.1282224997
20
695.8011049724
10
1117.182320442
20
695.8011049724
72
4
94
3
73
0
74
0
95
8
96
4
40
0.0
40
0.0
40
0.0
40
0.0
40
1.0
40
1.0
40
1.0
40
1.0
10
1117.182320442
20
695.8011049724
10
1116.2364183843
20
695.8011049724
10
1115.4696132597
20
696.567910097
10
1115.4696132597
20
697.5138121547
72
4
94
3
73
0
74
0
95
8
96
4
40
0.0
40
0.0
40
0.0
40
0.0
40
1.0
40
1.0
40
1.0
40
1.0
10
1115.4696132597
20
697.5138121547
10
1115.4696132597
20
698.4597142124
10
1116.2364183843
20
699.226519337
10
1117.182320442
20
699.226519337
72
4
94
3
73
0
74
0
95
8
96
4
40
0.0
40
0.0
40
0.0
40
0.0
40
1.0
40
1.0
40
1.0
40
1.0
10
1117.182320442
20
699.226519337
10
1118.1282224997
20
699.226519337
10
1118.8950276243
20
698.4597142124
10
1118.8950276243
20
697.5138121547
97
0
75
0
76
1
98
0
0
HATCH
5
433
100
AcDbEntity
8
Layer 1
6
ByLayer
370
-1
62
256
100
AcDbHatch
10
0
20
0
30
0
210
0
220
0
230
1
2
FILL_1075
70
1
71
0
91
1
92
0
93
4
72
4
94
3
73
0
74
0
95
8
96
4
40
0.0
40
0.0
40
0.0
40
0.0
40
1.0
40
1.0
40
1.0
40
1.0
10
3101.9060773481
20
697.0165745856
10
3101.9060773481
20
696.0401595583
10
3101.1145365743
20
695.2486187845
10
3100.138121547
20
695.2486187845
72
4
94
3
73
0
74
0
95
8
96
4
40
0.0
40
0.0
40
0.0
40
0.0
40
1.0
40
1.0
40
1.0
40
1.0
10
3100.138121547
20
695.2486187845
10
3099.1617065196
20
695.2486187845
10
3098.3701657459
20
696.0401595583
10
3098.3701657459
20
697.0165745856
72
4
94
3
73
0
74
0
95
8
96
4
40
0.0
40
0.0
40
0.0
40
0.0
40
1.0
40
1.0
40
1.0
40
1.0
10
3098.3701657459
20
697.0165745856
10
3098.3701657459
20
697.992989613
10
3099.1617065196
20
698.7845303867
10
3100.138121547
20
698.7845303867
72
4
94
3
73
0
74
0
95
8
96
4
40
0.0
40
0.0
40
0.0
40
0.0
40
1.0
40
1.0
40
1.0
40
1.0
10
3100.138121547
20
698.7845303867
10
3101.1145365743
20
698.7845303867
10
3101.9060773481
20
697.992989613
10
3101.9060773481
20
697.0165745856
97
0
75
0
76
1
98
0
0
HATCH
5
43a
100
AcDbEntity
8
Layer 1
6
ByLayer
370
-1
62
256
100
AcDbHatch
10
0
20
0
30
0
210
0
220
0
230
1
2
FILL_1082
70
1
71
0
91
1
92
0
93
6
72
1
10
1328.3194062376
20
688.8325430859
11
1328.3194062376
21
688.8325430859
72
4
94
3
73
0
74
0
95
8
96
4
40
0.0
40
0.0
40
0.0
40
0.0
40
1.0
40
1.0
40
1.0
40
1.0
10
1328.3194062376
20
688.8325430859
10
1328.8696491233
20
688.7065206418
10
1329.1776532019
20
688.0015754923
10
1329.0073526018
20
687.2580040251
72
4
94
3
73
0
74
0
95
8
96
4
40
0.0
40
0.0
40
0.0
40
0.0
40
1.0
40
1.0
40
1.0
40
1.0
10
1329.0073526018
20
687.2580040251
10
1328.8370520017
20
686.5144325578
10
1328.2529360957
20
686.0138101606
10
1327.7026932099
20
686.1398326047
72
4
94
3
73
0
74
0
95
8
96
4
40
0.0
40
0.0
40
0.0
40
0.0
40
1.0
40
1.0
40
1.0
40
1.0
10
1327.7026932099
20
686.1398326047
10
1327.1524503242
20
686.2658550488
10
1326.8444462456
20
686.9708001983
10
1327.0147468457
20
687.7143716655
72
4
94
3
73
0
74
0
95
8
96
4
40
0.0
40
0.0
40
0.0
40
0.0
40
1.0
40
1.0
40
1.0
40
1.0
10
1327.0147468457
20
687.7143716655
10
1327.1850474458
20
688.4579431328
10
1327.7691633518
20
688.95856553
10
1328.3194062376
20
688.8325430859
72
1
10
1328.3194062376
20
688.8325430859
11
1328.3194062376
21
688.8325430859
97
0
75
0
76
1
98
0
0
HATCH
5
443
100
AcDbEntity
8
Layer 1
6
ByLayer
370
-1
62
256
100
AcDbHatch
10
0
20
0
30
0
210
0
220
0
230
1
2
FILL_1091
70
1
71
0
91
1
92
0
93
8
72
1
10
1232.2928176796
20
259.861878453
11
1232.2928176796
21
259.861878453
72
4
94
3
73
0
74
0
95
8
96
4
40
0.0
40
0.0
40
0.0
40
0.0
40
1.0
40
1.0
40
1.0
40
1.0
10
1232.2928176796
20
259.861878453
10
1232.5421517888
20
259.731274872
10
1232.6800852514
20
259.4638783925
10
1232.6576005598
20
259.1547138821
72
4
94
3
73
0
74
0
95
8
96
4
40
0.0
40
0.0
40
0.0
40
0.0
40
1.0
40
1.0
40
1.0
40
1.0
10
1232.6576005598
20
259.1547138821
10
1232.6351158681
20
258.8455493717
10
1232.4554006568
20
258.538446808
10
1232.182320442
20
258.3425414365
72
4
94
2
73
0
74
0
95
6
96
3
40
0.0
40
0.0
40
0.0
40
1.0
40
1.0
40
1.0
10
1232.182320442
20
258.3425414365
10
1230.6629834254
20
257.2375690608
10
1229.4475138122
20
258.2596685083
72
1
10
1229.4475138122
20
258.2596685083
11
1229.4475138122
21
258.2596685083
72
4
94
3
73
0
74
0
95
8
96
4
40
0.0
40
0.0
40
0.0
40
0.0
40
1.0
40
1.0
40
1.0
40
1.0
10
1229.4475138122
20
258.2596685083
10
1229.2509339423
20
258.4234850665
10
1229.141820907
20
258.6694983003
10
1229.1526696216
20
258.9244430935
72
4
94
3
73
0
74
0
95
8
96
4
40
0.0
40
0.0
40
0.0
40
0.0
40
1.0
40
1.0
40
1.0
40
1.0
10
1229.1526696216
20
258.9244430935
10
1229.1635183362
20
259.1793878867
10
1229.2930772365
20
259.4138524785
10
1229.5027624309
20
259.5580110497
72
4
94
2
73
0
74
0
95
6
96
3
40
0.0
40
0.0
40
0.0
40
1.0
40
1.0
40
1.0
10
1229.5027624309
20
259.5580110497
10
1230.9668508287
20
260.5524861878
10
1232.2928176796
20
259.861878453
97
0
75
0
76
1
98
0
0
HATCH
5
44e
100
AcDbEntity
8
Layer 2
6
ByLayer
370
-1
62
256
100
AcDbHatch
10
0
20
0
30
0
210
0
220
0
230
1
2
FILL_1102
70
1
71
0
91
1
92
0
93
8
72
1
10
880.0
20
1177.044198895
11
880.635359116
21
1208.6740331492
72
1
10
880.635359116
20
1208.6740331492
11
1349.6132596685
21
1207.4033149171
72
1
10
1349.6132596685
20
1207.4033149171
11
1349.6132596685
21
1207.4033149171
72
4
94
3
73
0
74
0
95
8
96
4
40
0.0
40
0.0
40
0.0
40
0.0
40
1.0
40
1.0
40
1.0
40
1.0
10
1349.6132596685
20
1207.4033149171
10
1351.5095157666
20
1207.3880225292
10
1353.0386740331
20
1205.8465323412
10
1353.0386740331
20
1203.9502762431
72
1
10
1353.0386740331
20
1203.9502762431
11
1353.0110497238
21
1180.7182320442
72
4
94
3
73
0
74
0
95
8
96
4
40
0.0
40
0.0
40
0.0
40
0.0
40
1.0
40
1.0
40
1.0
40
1.0
10
1353.0110497238
20
1180.7182320442
10
1353.0110497238
20
1178.8264279288
10
1351.46507165
20
1177.2928176796
10
1349.5580110497
20
1177.2928176796
72
4
94
2
73
0
74
0
95
6
96
3
40
0.0
40
0.0
40
0.0
40
1.0
40
1.0
40
1.0
10
1349.5580110497
20
1177.2928176796
10
957.5138121547
20
1176.270718232
10
880.8011049724
20
1176.0773480663
72
4
94
2
73
0
74
0
95
6
96
3
40
0.0
40
0.0
40
0.0
40
1.0
40
1.0
40
1.0
10
880.8011049724
20
1176.0773480663
10
879.4475138122
20
1176.0773480663
10
880.0
20
1177.044198895
97
0
75
0
76
1
98
0
0
HATCH
5
459
100
AcDbEntity
8
Layer 2
6
ByLayer
370
-1
62
256
100
AcDbHatch
10
0
20
0
30
0
210
0
220
0
230
1
2
FILL_1113
70
1
71
0
91
1
92
0
93
10
72
1
10
5110.773480663
20
1206.1325966851
11
5107.955801105
21
1179.0883977901
72
1
10
5107.955801105
20
1179.0883977901
11
4784.7790055249
21
1178.0662983425
72
1
10
4784.7790055249
20
1178.0662983425
11
4784.7790055248
21
1178.0662983425
72
4
94
3
73
0
74
0
95
8
96
4
40
0.0
40
0.0
40
0.0
40
0.0
40
1.0
40
1.0
40
1.0
40
1.0
10
4784.7790055248
20
1178.0662983425
10
4784.3027880707
20
1178.0662983425
10
4783.8460752437
20
1178.2525645797
10
4783.5093386526
20
1178.5841206079
72
4
94
3
73
0
74
0
95
8
96
4
40
0.0
40
0.0
40
0.0
40
0.0
40
1.0
40
1.0
40
1.0
40
1.0
10
4783.5093386526
20
1178.5841206079
10
4783.1726020614
20
1178.9156766361
10
4782.9834254144
20
1179.3653631119
10
4782.9834254144
20
1179.8342541437
72
1
10
4782.9834254144
20
1179.8342541437
11
4783.0110497238
21
1204.6685082873
72
1
10
4783.0110497238
20
1204.6685082873
11
4783.0110497238
21
1204.6685082873
72
4
94
3
73
0
74
0
95
8
96
4
40
0.0
40
0.0
40
0.0
40
0.0
40
1.0
40
1.0
40
1.0
40
1.0
10
4783.0110497238
20
1204.6685082873
10
4783.0110497238
20
1205.26669111
10
4783.2476797718
20
1205.8400006134
10
4783.6681034949
20
1206.2604243364
72
4
94
3
73
0
74
0
95
8
96
4
40
0.0
40
0.0
40
0.0
40
0.0
40
1.0
40
1.0
40
1.0
40
1.0
10
4783.6681034949
20
1206.2604243364
10
4784.0885272179
20
1206.6808480595
10
4784.6577308743
20
1206.9133722605
10
4785.2486187845
20
1206.9060773481
72
1
10
4785.2486187845
20
1206.9060773481
11
5110.773480663
21
1206.1325966851
97
0
75
0
76
1
98
0
0
HATCH
5
462
100
AcDbEntity
8
Layer 2
6
ByLayer
370
-1
62
256
100
AcDbHatch
10
0
20
0
30
0
210
0
220
0
230
1
2
FILL_1122
70
1
71
0
91
1
92
0
93
8
72
1
10
1083.0939226519
20
367.5138121547
11
1083.0939226519
21
367.5138121547
72
4
94
3
73
0
74
0
95
8
96
4
40
0.0
40
0.0
40
0.0
40
0.0
40
1.0
40
1.0
40
1.0
40
1.0
10
1083.0939226519
20
367.5138121547
10
1083.6352789298
20
367.6117718621
10
1084.1574424663
20
367.3460656572
10
1084.4393894161
20
366.829162916
72
4
94
3
73
0
74
0
95
8
96
4
40
0.0
40
0.0
40
0.0
40
0.0
40
1.0
40
1.0
40
1.0
40
1.0
10
1084.4393894161
20
366.829162916
10
1084.7213363658
20
366.3122601748
10
1084.713768625
20
365.6345407542
10
1084.4198895028
20
365.0828729282
72
4
94
2
73
0
74
0
95
6
96
3
40
0.0
40
0.0
40
0.0
40
1.0
40
1.0
40
1.0
10
1084.4198895028
20
365.0828729282
10
1083.1767955801
20
362.7900552486
10
1079.3093922652
20
362.8729281768
72
1
10
1079.3093922652
20
362.8729281768
11
1079.3093922652
21
362.8729281768
72
4
94
3
73
0
74
0
95
8
96
4
40
0.0
40
0.0
40
0.0
40
0.0
40
1.0
40
1.0
40
1.0
40
1.0
10
1079.3093922652
20
362.8729281768
10
1078.9478120463
20
362.8831135351
10
1078.6239452378
20
363.0996491994
10
1078.4765833122
20
363.4297399128
72
4
94
3
73
0
74
0
95
8
96
4
40
0.0
40
0.0
40
0.0
40
0.0
40
1.0
40
1.0
40
1.0
40
1.0
10
1078.4765833122
20
363.4297399128
10
1078.3292213865
20
363.7598306263
10
1078.38452129
20
364.1448848293
10
1078.6187845304
20
364.4198895028
72
4
94
2
73
0
74
0
95
6
96
3
40
0.0
40
0.0
40
0.0
40
1.0
40
1.0
40
1.0
10
1078.6187845304
20
364.4198895028
10
1080.8839779006
20
367.1270718232
10
1083.0939226519
20
367.5138121547
97
0
75
0
76
1
98
0
0
HATCH
5
467
100
AcDbEntity
8
Layer 3
6
ByLayer
370
-1
62
256
100
AcDbHatch
10
0
20
0
30
0
210
0
220
0
230
1
2
FILL_1127
70
1
71
0
91
1
92
0
93
2
72
1
10
4911.6574585635
20
1315.8839779006
11
4880.635359116
21
1315.8839779006
72
1
10
4880.635359116
20
1315.8839779006
11
4911.6574585635
21
1315.8839779006
97
0
75
0
76
1
98
0
0
HATCH
5
46a
100
AcDbEntity
8
Layer 3
6
ByLayer
370
-1
62
256
100
AcDbHatch
10
0
20
0
30
0
210
0
220
0
230
1
2
FILL_1130
70
1
71
0
91
1
92
0
93
2
72
4
94
2
73
0
74
0
95
6
96
3
40
0.0
40
0.0
40
0.0
40
1.0
40
1.0
40
1.0
10
4914.364640884
20
1316.0773480663
10
4913.4254143646
20
1315.8011049724
10
4912.4033149171
20
1316.0773480663
72
4
94
2
73
0
74
0
95
6
96
3
40
0.0
40
0.0
40
0.0
40
1.0
40
1.0
40
1.0
10
4912.4033149171
20
1316.0773480663
10
4913.3701657459
20
1315.8011049724
10
4914.364640884
20
1316.0773480663
97
0
75
0
76
1
98
0
0
HATCH
5
4cc
100
AcDbEntity
8
Layer 4
6
ByLayer
370
-1
62
256
100
AcDbHatch
10
0
20
0
30
0
210
0
220
0
230
1
2
FILL_1228
70
1
71
0
91
2
92
0
93
51
72
1
10
5290.0552486188
20
1315.5801104972
11
4914.364640884
21
1316.0773480663
72
4
94
2
73
0
74
0
95
6
96
3
40
0.0
40
0.0
40
0.0
40
1.0
40
1.0
40
1.0
10
4914.364640884
20
1316.0773480663
10
4913.3701657459
20
1315.8011049724
10
4912.4033149171
20
1316.0773480663
72
4
94
2
73
0
74
0
95
6
96
3
40
0.0
40
0.0
40
0.0
40
1.0
40
1.0
40
1.0
10
4912.4033149171
20
1316.0773480663
10
4912.0165745856
20
1315.9668508287
10
4911.6574585635
20
1315.8839779006
72
1
10
4911.6574585635
20
1315.8839779006
11
4880.635359116
21
1315.8839779006
72
1
10
4880.635359116
20
1315.8839779006
11
4851.7679558011
21
1315.9392265193
72
4
94
2
73
0
74
0
95
6
96
3
40
0.0
40
0.0
40
0.0
40
1.0
40
1.0
40
1.0
10
4851.7679558011
20
1315.9392265193
10
4337.1270718232
20
1316.0220994475
10
3822.5138121547
20
1316.0773480663
72
4
94
2
73
0
74
0
95
6
96
3
40
0.0
40
0.0
40
0.0
40
1.0
40
1.0
40
1.0
10
3822.5138121547
20
1316.0773480663
10
2071.5745856354
20
1316.270718232
10
381.9060773481
20
1315.3314917127
72
4
94
2
73
0
74
0
95
6
96
3
40
0.0
40
0.0
40
0.0
40
1.0
40
1.0
40
1.0
10
381.9060773481
20
1315.3314917127
10
281.5193370166
20
1315.2762430939
10
193.0939226519
20
1314.0607734807
72
4
94
2
73
0
74
0
95
6
96
3
40
0.0
40
0.0
40
0.0
40
1.0
40
1.0
40
1.0
10
193.0939226519
20
1314.0607734807
10
172.9834254144
20
1313.7845303867
10
162.2928176796
20
1317.0165745856
72
4
94
3
73
0
74
0
95
8
96
4
40
0.0
40
0.0
40
0.0
40
0.0
40
1.0
40
1.0
40
1.0
40
1.0
10
162.2928176796
20
1317.0165745856
10
111.9337016575
20
1332.2928176796
10
73.8674033149
20
1382.182320442
10
74.2817679558
20
1434.8895027624
72
4
94
2
73
0
74
0
95
6
96
3
40
0.0
40
0.0
40
0.0
40
1.0
40
1.0
40
1.0
10
74.2817679558
20
1434.8895027624
10
74.3093922652
20
1441.7403314917
10
83.7016574586
20
1489.4751381215
72
4
94
2
73
0
74
0
95
6
96
3
40
0.0
40
0.0
40
0.0
40
1.0
40
1.0
40
1.0
10
83.7016574586
20
1489.4751381215
10
134.1160220994
20
1746.3535911602
10
219.0055248619
20
2178.1491712707
72
4
94
2
73
0
74
0
95
6
96
3
40
0.0
40
0.0
40
0.0
40
1.0
40
1.0
40
1.0
10
219.0055248619
20
2178.1491712707
10
237.5966850829
20
2272.7071823204
10
254.5303867403
20
2365.1933701657
72
4
94
3
73
0
74
0
95
8
96
4
40
0.0
40
0.0
40
0.0
40
0.0
40
1.0
40
1.0
40
1.0
40
1.0
10
254.5303867403
20
2365.1933701657
10
263.4806629834
20
2413.9779005525
10
314.1988950276
20
2453.5359116022
10
363.2596685083
20
2453.5359116022
72
4
94
2
73
0
74
0
95
6
96
3
40
0.0
40
0.0
40
0.0
40
1.0
40
1.0
40
1.0
10
363.2596685083
20
2453.5359116022
10
1348.2320441989
20
2453.6464088398
10
1470.3038674033
20
2453.591160221
72
4
94
2
73
0
74
0
95
6
96
3
40
0.0
40
0.0
40
0.0
40
1.0
40
1.0
40
1.0
10
1470.3038674033
20
2453.591160221
10
1631.9337016575
20
2453.5359116022
10
1754.226519337
20
2454.9171270718
72
4
94
3
73
0
74
0
95
8
96
4
40
0.0
40
0.0
40
0.0
40
0.0
40
1.0
40
1.0
40
1.0
40
1.0
10
1754.226519337
20
2454.9171270718
10
1755.7832909837
20
2454.9335141418
10
1757.1429969544
20
2455.9673401691
10
1757.5690607735
20
2457.4585635359
72
4
94
2
73
0
74
0
95
6
96
3
40
0.0
40
0.0
40
0.0
40
1.0
40
1.0
40
1.0
10
1757.5690607735
20
2457.4585635359
10
1819.861878453
20
2671.4364640884
10
1822.6519337017
20
2680.8563535912
72
4
94
2
73
0
74
0
95
6
96
3
40
0.0
40
0.0
40
0.0
40
1.0
40
1.0
40
1.0
10
1822.6519337017
20
2680.8563535912
10
1838.2872928177
20
2734.0883977901
10
1851.6574585635
20
2786.1325966851
72
1
10
1851.6574585635
20
2786.1325966851
11
1851.6574585635
21
2786.1325966851
72
4
94
3
73
0
74
0
95
8
96
4
40
0.0
40
0.0
40
0.0
40
0.0
40
1.0
40
1.0
40
1.0
40
1.0
10
1851.6574585635
20
2786.1325966851
10
1851.8957372673
20
2787.067382369
10
1852.2582492223
20
2787.9597194891
10
1852.7348066298
20
2788.7845303867
72
4
94
3
73
0
74
0
95
8
96
4
40
0.0
40
0.0
40
0.0
40
0.0
40
1.0
40
1.0
40
1.0
40
1.0
10
1852.7348066298
20
2788.7845303867
10
1869.4198895028
20
2817.5966850829
10
1899.0607734807
20
2840.0828729282
10
1933.7845303867
20
2840.0552486188
72
4
94
2
73
0
74
0
95
6
96
3
40
0.0
40
0.0
40
0.0
40
1.0
40
1.0
40
1.0
10
1933.7845303867
20
2840.0552486188
10
2045.4972375691
20
2839.9447513812
10
3673.3425414365
20
2840.635359116
72
4
94
2
73
0
74
0
95
6
96
3
40
0.0
40
0.0
40
0.0
40
1.0
40
1.0
40
1.0
10
3673.3425414365
20
2840.635359116
10
3928.8397790055
20
2840.7458563536
10
4154.364640884
20
2841.8784530387
72
4
94
2
73
0
74
0
95
6
96
3
40
0.0
40
0.0
40
0.0
40
1.0
40
1.0
40
1.0
10
4154.364640884
20
2841.8784530387
10
4171.546961326
20
2841.9613259669
10
4182.4861878453
20
2840.0276243094
72
4
94
3
73
0
74
0
95
8
96
4
40
0.0
40
0.0
40
0.0
40
0.0
40
1.0
40
1.0
40
1.0
40
1.0
10
4182.4861878453
20
2840.0276243094
10
4201.546961326
20
2836.6022099448
10
4218.4806629834
20
2832.5690607735
10
4236.270718232
20
2821.7403314917
72
4
94
3
73
0
74
0
95
8
96
4
40
0.0
40
0.0
40
0.0
40
0.0
40
1.0
40
1.0
40
1.0
40
1.0
10
4236.270718232
20
2821.7403314917
10
4288.2044198895
20
2790.1657458564
10
4311.7679558011
20
2739.8066298343
10
4312.2928176796
20
2679.226519337
72
4
94
2
73
0
74
0
95
6
96
3
40
0.0
40
0.0
40
0.0
40
1.0
40
1.0
40
1.0
10
4312.2928176796
20
2679.226519337
10
4312.4033149171
20
2665.6906077348
10
4307.182320442
20
2645.8839779006
72
4
94
2
73
0
74
0
95
6
96
3
40
0.0
40
0.0
40
0.0
40
1.0
40
1.0
40
1.0
10
4307.182320442
20
2645.8839779006
10
4290.0
20
2580.635359116
10
4261.6850828729
20
2457.2928176796
72
1
10
4261.6850828729
20
2457.2928176796
11
4261.6850828729
21
2457.2928176796
72
4
94
3
73
0
74
0
95
8
96
4
40
0.0
40
0.0
40
0.0
40
0.0
40
1.0
40
1.0
40
1.0
40
1.0
10
4261.6850828729
20
2457.2928176796
10
4261.4643038149
20
2456.3160376048
10
4261.6994363903
20
2455.2918926763
10
4262.323600093
20
2454.5116880479
72
4
94
3
73
0
74
0
95
8
96
4
40
0.0
40
0.0
40
0.0
40
0.0
40
1.0
40
1.0
40
1.0
40
1.0
10
4262.323600093
20
2454.5116880479
10
4262.9477637957
20
2453.7314834196
10
4263.8926518643
20
2453.2806025432
10
4264.8895027624
20
2453.2872928177
72
4
94
2
73
0
74
0
95
6
96
3
40
0.0
40
0.0
40
0.0
40
1.0
40
1.0
40
1.0
10
4264.8895027624
20
2453.2872928177
10
4348.0110497238
20
2454.1160220994
10
4426.1049723757
20
2453.8950276243
72
4
94
2
73
0
74
0
95
6
96
3
40
0.0
40
0.0
40
0.0
40
1.0
40
1.0
40
1.0
10
4426.1049723757
20
2453.8950276243
10
4963.8397790055
20
2452.2928176796
10
5742.7348066298
20
2450.9392265193
72
4
94
2
73
0
74
0
95
6
96
3
40
0.0
40
0.0
40
0.0
40
1.0
40
1.0
40
1.0
10
5742.7348066298
20
2450.9392265193
10
5754.8066298343
20
2450.9116022099
10
5772.3756906077
20
2452.1270718232
72
4
94
2
73
0
74
0
95
6
96
3
40
0.0
40
0.0
40
0.0
40
1.0
40
1.0
40
1.0
10
5772.3756906077
20
2452.1270718232
10
5813.1767955801
20
2454.9171270718
10
5847.3480662983
20
2436.8508287293
72
4
94
2
73
0
74
0
95
6
96
3
40
0.0
40
0.0
40
0.0
40
1.0
40
1.0
40
1.0
10
5847.3480662983
20
2436.8508287293
10
5891.4364640884
20
2413.5359116022
10
5895.4419889503
20
2365.1933701657
72
4
94
3
73
0
74
0
95
8
96
4
40
0.0
40
0.0
40
0.0
40
0.0
40
1.0
40
1.0
40
1.0
40
1.0
10
5895.4419889503
20
2365.1933701657
10
5895.5518288278
20
2363.8752916356
10
5895.4586521964
20
2362.5521834697
10
5895.1657458564
20
2361.270718232
72
1
10
5895.1657458564
20
2361.270718232
11
5851.6022099448
21
2174.0331491713
72
1
10
5851.6022099448
20
2174.0331491713
11
5851.6022099448
21
2174.0331491713
72
4
94
3
73
0
74
0
95
8
96
4
40
0.0
40
0.0
40
0.0
40
0.0
40
1.0
40
1.0
40
1.0
40
1.0
10
5851.6022099448
20
2174.0331491713
10
5851.1576024512
20
2172.0900497551
10
5852.0167195707
20
2170.0817240213
10
5853.729281768
20
2169.0607734807
72
4
94
3
73
0
74
0
95
8
96
4
40
0.0
40
0.0
40
0.0
40
0.0
40
1.0
40
1.0
40
1.0
40
1.0
10
5853.729281768
20
2169.0607734807
10
5902.6795580111
20
2139.8895027624
10
5930.6077348066
20
2092.8729281768
10
5927.6795580111
20
2035.2209944751
72
4
94
2
73
0
74
0
95
6
96
3
40
0.0
40
0.0
40
0.0
40
1.0
40
1.0
40
1.0
10
5927.6795580111
20
2035.2209944751
10
5926.7403314917
20
2016.7127071823
10
5920.9944751381
20
1994.5580110497
72
4
94
2
73
0
74
0
95
6
96
3
40
0.0
40
0.0
40
0.0
40
1.0
40
1.0
40
1.0
10
5920.9944751381
20
1994.5580110497
10
5901.7955801105
20
1920.4696132597
10
5901.4364640884
20
1919.0055248619
72
4
94
2
73
0
74
0
95
6
96
3
40
0.0
40
0.0
40
0.0
40
1.0
40
1.0
40
1.0
10
5901.4364640884
20
1919.0055248619
10
5837.2099447514
20
1658.5635359116
10
5780.773480663
20
1426.9889502762
72
4
94
2
73
0
74
0
95
6
96
3
40
0.0
40
0.0
40
0.0
40
1.0
40
1.0
40
1.0
10
5780.773480663
20
1426.9889502762
10
5771.3535911602
20
1388.3977900552
10
5763.4806629834
20
1374.4751381215
72
4
94
3
73
0
74
0
95
8
96
4
40
0.0
40
0.0
40
0.0
40
0.0
40
1.0
40
1.0
40
1.0
40
1.0
10
5763.4806629834
20
1374.4751381215
10
5745.8839779006
20
1343.3149171271
10
5715.4143646409
20
1325.1104972376
10
5680.6906077348
20
1316.9613259669
72
4
94
2
73
0
74
0
95
6
96
3
40
0.0
40
0.0
40
0.0
40
1.0
40
1.0
40
1.0
10
5680.6906077348
20
1316.9613259669
10
5671.408839779
20
1314.8066298343
10
5664.6685082873
20
1315.0
72
4
94
3
73
0
74
0
95
8
96
4
40
0.0
40
0.0
40
0.0
40
0.0
40
1.0
40
1.0
40
1.0
40
1.0
10
5664.6685082873
20
1315.0
10
5657.7900552486
20
1315.1933701657
10
5650.5801104972
20
1313.8397790055
10
5643.0939226519
20
1313.8674033149
72
4
94
2
73
0
74
0
95
6
96
3
40
0.0
40
0.0
40
0.0
40
1.0
40
1.0
40
1.0
10
5643.0939226519
20
1313.8674033149
10
5442.7348066298
20
1314.9171270718
10
5292.182320442
20
1315.138121547
72
4
94
2
73
0
74
0
95
6
96
3
40
0.0
40
0.0
40
0.0
40
1.0
40
1.0
40
1.0
10
5292.182320442
20
1315.138121547
10
5291.0220994475
20
1315.1657458564
10
5290.0552486188
20
1315.5801104972
97
0
92
0
93
44
72
4
94
2
73
0
74
0
95
6
96
3
40
0.0
40
0.0
40
0.0
40
1.0
40
1.0
40
1.0
10
4215.3038674033
20
2418.7845303867
10
4238.7016574586
20
2511.0773480663
10
4271.3259668508
20
2645.4696132597
72
4
94
2
73
0
74
0
95
6
96
3
40
0.0
40
0.0
40
0.0
40
1.0
40
1.0
40
1.0
10
4271.3259668508
20
2645.4696132597
10
4271.3259668508
20
2645.5248618785
10
4275.1104972376
20
2659.0883977901
72
4
94
3
73
0
74
0
95
8
96
4
40
0.0
40
0.0
40
0.0
40
0.0
40
1.0
40
1.0
40
1.0
40
1.0
10
4275.1104972376
20
2659.0883977901
10
4283.591160221
20
2689.5580110497
10
4277.2099447514
20
2722.955801105
10
4261.8508287293
20
2749.4198895028
72
4
94
2
73
0
74
0
95
6
96
3
40
0.0
40
0.0
40
0.0
40
1.0
40
1.0
40
1.0
10
4261.8508287293
20
2749.4198895028
10
4235.8839779006
20
2794.1160220994
10
4184.6132596685
20
2802.4861878453
72
4
94
3
73
0
74
0
95
8
96
4
40
0.0
40
0.0
40
0.0
40
0.0
40
1.0
40
1.0
40
1.0
40
1.0
10
4184.6132596685
20
2802.4861878453
10
4176.6574585635
20
2803.7845303867
10
4166.546961326
20
2805.4972375691
10
4156.2983425414
20
2805.4972375691
72
4
94
2
73
0
74
0
95
6
96
3
40
0.0
40
0.0
40
0.0
40
1.0
40
1.0
40
1.0
10
4156.2983425414
20
2805.4972375691
10
2926.1325966851
20
2805.9116022099
10
1940.6077348066
20
2808.453038674
72
4
94
3
73
0
74
0
95
8
96
4
40
0.0
40
0.0
40
0.0
40
0.0
40
1.0
40
1.0
40
1.0
40
1.0
10
1940.6077348066
20
2808.453038674
10
1917.6243093923
20
2808.5082872928
10
1896.8784530387
20
2798.729281768
10
1886.3535911602
20
2777.4861878453
72
4
94
2
73
0
74
0
95
6
96
3
40
0.0
40
0.0
40
0.0
40
1.0
40
1.0
40
1.0
10
1886.3535911602
20
2777.4861878453
10
1877.320441989
20
2759.1988950276
10
1868.3977900552
20
2727.4309392265
72
4
94
2
73
0
74
0
95
6
96
3
40
0.0
40
0.0
40
0.0
40
1.0
40
1.0
40
1.0
10
1868.3977900552
20
2727.4309392265
10
1792.8453038674
20
2458.729281768
10
1780.773480663
20
2415.2486187845
72
4
94
3
73
0
74
0
95
8
96
4
40
0.0
40
0.0
40
0.0
40
0.0
40
1.0
40
1.0
40
1.0
40
1.0
10
1780.773480663
20
2415.2486187845
10
1780.5615392827
20
2414.466065996
10
1779.8369871997
20
2413.9226519337
10
1779.0055248619
20
2413.9226519337
72
4
94
2
73
0
74
0
95
6
96
3
40
0.0
40
0.0
40
0.0
40
1.0
40
1.0
40
1.0
10
1779.0055248619
20
2413.9226519337
10
1684.8895027624
20
2415.4143646409
10
1590.4696132597
20
2415.5524861878
72
4
94
2
73
0
74
0
95
6
96
3
40
0.0
40
0.0
40
0.0
40
1.0
40
1.0
40
1.0
10
1590.4696132597
20
2415.5524861878
10
1307.0994475138
20
2415.8839779006
10
396.1325966851
20
2415.9944751381
72
4
94
2
73
0
74
0
95
6
96
3
40
0.0
40
0.0
40
0.0
40
1.0
40
1.0
40
1.0
10
396.1325966851
20
2415.9944751381
10
391.2983425414
20
2415.9944751381
10
378.7569060773
20
2416.8508287293
72
4
94
3
73
0
74
0
95
8
96
4
40
0.0
40
0.0
40
0.0
40
0.0
40
1.0
40
1.0
40
1.0
40
1.0
10
378.7569060773
20
2416.8508287293
10
337.955801105
20
2419.6685082873
10
298.9502762431
20
2393.8121546961
10
291.3812154696
20
2352.2375690608
72
4
94
2
73
0
74
0
95
6
96
3
40
0.0
40
0.0
40
0.0
40
1.0
40
1.0
40
1.0
10
291.3812154696
20
2352.2375690608
10
287.8729281768
20
2332.955801105
10
283.5082872928
20
2311.5745856354
72
4
94
2
73
0
74
0
95
6
96
3
40
0.0
40
0.0
40
0.0
40
1.0
40
1.0
40
1.0
10
283.5082872928
20
2311.5745856354
10
209.226519337
20
1946.0497237569
10
113.1491712707
20
1465.9668508287
72
4
94
3
73
0
74
0
95
8
96
4
40
0.0
40
0.0
40
0.0
40
0.0
40
1.0
40
1.0
40
1.0
40
1.0
10
113.1491712707
20
1465.9668508287
10
111.4917127072
20
1457.5690607735
10
112.1546961326
20
1451.7127071823
10
111.3812154696
20
1444.0055248619
72
4
94
3
73
0
74
0
95
8
96
4
40
0.0
40
0.0
40
0.0
40
0.0
40
1.0
40
1.0
40
1.0
40
1.0
10
111.3812154696
20
1444.0055248619
10
107.5138121547
20
1406.0497237569
10
123.7569060773
20
1375.6629834254
10
158.6464088398
20
1359.5303867403
72
4
94
2
73
0
74
0
95
6
96
3
40
0.0
40
0.0
40
0.0
40
1.0
40
1.0
40
1.0
10
158.6464088398
20
1359.5303867403
10
160.8563535912
20
1358.5082872928
10
176.1325966851
20
1354.5856353591
72
1
10
176.1325966851
20
1354.5856353591
11
176.1325966851
21
1354.5856353591
72
4
94
3
73
0
74
0
95
8
96
4
40
0.0
40
0.0
40
0.0
40
0.0
40
1.0
40
1.0
40
1.0
40
1.0
10
176.1325966851
20
1354.5856353591
10
177.911266751
20
1354.127215239
10
179.7501926596
20
1353.9043151289
10
181.6022099448
20
1353.9226519337
72
4
94
2
73
0
74
0
95
6
96
3
40
0.0
40
0.0
40
0.0
40
1.0
40
1.0
40
1.0
10
181.6022099448
20
1353.9226519337
10
227.2099447514
20
1354.3922651934
10
272.0994475138
20
1353.6464088398
72
4
94
2
73
0
74
0
95
6
96
3
40
0.0
40
0.0
40
0.0
40
1.0
40
1.0
40
1.0
10
272.0994475138
20
1353.6464088398
10
875.1933701657
20
1343.4806629834
10
987.5690607735
20
1342.2375690608
72
4
94
2
73
0
74
0
95
6
96
3
40
0.0
40
0.0
40
0.0
40
1.0
40
1.0
40
1.0
10
987.5690607735
20
1342.2375690608
10
993.9502762431
20
1342.1546961326
10
1026.9337016575
20
1342.0718232044
72
4
94
2
73
0
74
0
95
6
96
3
40
0.0
40
0.0
40
0.0
40
1.0
40
1.0
40
1.0
10
1026.9337016575
20
1342.0718232044
10
1031.8508287293
20
1342.044198895
10
2427.044198895
20
1339.6132596685
72
4
94
2
73
0
74
0
95
6
96
3
40
0.0
40
0.0
40
0.0
40
1.0
40
1.0
40
1.0
10
2427.044198895
20
1339.6132596685
10
2432.5690607735
20
1339.6132596685
10
2437.8453038674
20
1339.6408839779
72
4
94
2
73
0
74
0
95
6
96
3
40
0.0
40
0.0
40
0.0
40
1.0
40
1.0
40
1.0
10
2437.8453038674
20
1339.6408839779
10
3168.453038674
20
1343.6464088398
10
4575.2762430939
20
1350.8839779006
72
4
94
3
73
0
74
0
95
8
96
4
40
0.0
40
0.0
40
0.0
40
0.0
40
1.0
40
1.0
40
1.0
40
1.0
10
4575.2762430939
20
1350.8839779006
10
4932.4861878453
20
1352.7071823204
10
5297.2928176796
20
1352.320441989
10
5642.2651933702
20
1351.546961326
72
4
94
3
73
0
74
0
95
8
96
4
40
0.0
40
0.0
40
0.0
40
0.0
40
1.0
40
1.0
40
1.0
40
1.0
10
5642.2651933702
20
1351.546961326
10
5676.7403314917
20
1351.4917127072
10
5708.3425414365
20
1357.5138121547
10
5729.0883977901
20
1387.5414364641
72
4
94
2
73
0
74
0
95
6
96
3
40
0.0
40
0.0
40
0.0
40
1.0
40
1.0
40
1.0
10
5729.0883977901
20
1387.5414364641
10
5734.9447513812
20
1395.9944751381
10
5741.4364640884
20
1414.5027624309
72
4
94
3
73
0
74
0
95
8
96
4
40
0.0
40
0.0
40
0.0
40
0.0
40
1.0
40
1.0
40
1.0
40
1.0
10
5741.4364640884
20
1414.5027624309
10
5751.6850828729
20
1443.6464088398
10
5758.9502762431
20
1475.3314917127
10
5765.5801104972
20
1503.0110497238
72
4
94
2
73
0
74
0
95
6
96
3
40
0.0
40
0.0
40
0.0
40
1.0
40
1.0
40
1.0
10
5765.5801104972
20
1503.0110497238
10
5792.955801105
20
1617.2099447514
10
5887.5138121547
20
2021.2154696133
72
4
94
3
73
0
74
0
95
8
96
4
40
0.0
40
0.0
40
0.0
40
0.0
40
1.0
40
1.0
40
1.0
40
1.0
10
5887.5138121547
20
2021.2154696133
10
5901.0773480663
20
2079.1988950276
10
5868.0110497238
20
2133.3149171271
10
5810.4419889503
20
2149.1988950276
72
4
94
3
73
0
74
0
95
8
96
4
40
0.0
40
0.0
40
0.0
40
0.0
40
1.0
40
1.0
40
1.0
40
1.0
10
5810.4419889503
20
2149.1988950276
10
5810.0259076742
20
2149.3067679511
10
5809.7694159472
20
2149.7220402709
10
5809.861878453
20
2150.138121547
72
4
94
2
73
0
74
0
95
6
96
3
40
0.0
40
0.0
40
0.0
40
1.0
40
1.0
40
1.0
10
5809.861878453
20
2150.138121547
10
5820.9668508287
20
2197.8729281768
10
5842.2928176796
20
2284.7237569061
72
4
94
2
73
0
74
0
95
6
96
3
40
0.0
40
0.0
40
0.0
40
1.0
40
1.0
40
1.0
10
5842.2928176796
20
2284.7237569061
10
5845.4972375691
20
2297.7348066298
10
5849.364640884
20
2316.270718232
72
4
94
3
73
0
74
0
95
8
96
4
40
0.0
40
0.0
40
0.0
40
0.0
40
1.0
40
1.0
40
1.0
40
1.0
10
5849.364640884
20
2316.270718232
10
5855.6077348066
20
2346.0220994475
10
5864.5027624309
20
2373.3149171271
10
5841.2983425414
20
2395.0276243094
72
4
94
3
73
0
74
0
95
8
96
4
40
0.0
40
0.0
40
0.0
40
0.0
40
1.0
40
1.0
40
1.0
40
1.0
10
5841.2983425414
20
2395.0276243094
10
5832.0718232044
20
2403.6740331492
10
5816.3259668508
20
2412.7071823204
10
5802.5690607735
20
2413.8121546961
72
4
94
2
73
0
74
0
95
6
96
3
40
0.0
40
0.0
40
0.0
40
1.0
40
1.0
40
1.0
10
5802.5690607735
20
2413.8121546961
10
5797.7071823204
20
2414.226519337
10
5792.955801105
20
2415.6077348066
72
4
94
3
73
0
74
0
95
8
96
4
40
0.0
40
0.0
40
0.0
40
0.0
40
1.0
40
1.0
40
1.0
40
1.0
10
5792.955801105
20
2415.6077348066
10
5792.4612049787
20
2415.754281807
10
5791.9586845241
20
2415.8287292818
10
5791.4640883978
20
2415.8287292818
72
4
94
2
73
0
74
0
95
6
96
3
40
0.0
40
0.0
40
0.0
40
1.0
40
1.0
40
1.0
10
5791.4640883978
20
2415.8287292818
10
5218.4806629834
20
2416.9060773481
10
4348.7569060773
20
2418.8397790055
72
4
94
2
73
0
74
0
95
6
96
3
40
0.0
40
0.0
40
0.0
40
1.0
40
1.0
40
1.0
10
4348.7569060773
20
2418.8397790055
10
4279.4198895028
20
2418.9779005525
10
4215.9944751381
20
2417.9281767956
72
4
94
3
73
0
74
0
95
8
96
4
40
0.0
40
0.0
40
0.0
40
0.0
40
1.0
40
1.0
40
1.0
40
1.0
10
4215.9944751381
20
2417.9281767956
10
4215.7783926542
20
2417.9216288415
10
4215.5717044618
20
2418.0166220976
10
4215.4360581529
20
2418.1848235207
72
4
94
3
73
0
74
0
95
8
96
4
40
0.0
40
0.0
40
0.0
40
0.0
40
1.0
40
1.0
40
1.0
40
1.0
10
4215.4360581529
20
2418.1848235207
10
4215.300411844
20
2418.3530249438
10
4215.2514837708
20
2418.5749958569
10
4215.3038674033
20
2418.7845303867
97
0
75
0
76
1
98
0
0
HATCH
5
4d7
100
AcDbEntity
8
Layer 5
6
ByLayer
370
-1
62
256
100
AcDbHatch
10
0
20
0
30
0
210
0
220
0
230
1
2
FILL_1239
70
1
71
0
91
1
92
0
93
8
72
4
94
2
73
0
74
0
95
6
96
3
40
0.0
40
0.0
40
0.0
40
1.0
40
1.0
40
1.0
10
3093.453038674
20
2811.7955801105
10
3093.7016574586
20
2811.3535911602
10
3093.7569060773
20
2811.0220994475
72
1
10
3093.7569060773
20
2811.0220994475
11
3093.7569060773
21
2811.0220994475
72
4
94
3
73
0
74
0
95
8
96
4
40
0.0
40
0.0
40
0.0
40
0.0
40
1.0
40
1.0
40
1.0
40
1.0
10
3093.7569060773
20
2811.0220994475
10
3093.8208491273
20
2810.6512297577
10
3093.6543660245
20
2810.2737231025
10
3093.339832015
20
2810.0763684299
72
4
94
3
73
0
74
0
95
8
96
4
40
0.0
40
0.0
40
0.0
40
0.0
40
1.0
40
1.0
40
1.0
40
1.0
10
3093.339832015
20
2810.0763684299
10
3093.0252980055
20
2809.8790137573
10
3092.6294157182
20
2809.9036636971
10
3092.3480662983
20
2810.138121547
72
4
94
2
73
0
74
0
95
6
96
3
40
0.0
40
0.0
40
0.0
40
1.0
40
1.0
40
1.0
10
3092.3480662983
20
2810.138121547
10
3091.8508287293
20
2810.5524861878
10
3091.9613259669
20
2811.3812154696
72
1
10
3091.9613259669
20
2811.3812154696
11
3091.9613259669
21
2811.3812154696
72
4
94
3
73
0
74
0
95
8
96
4
40
0.0
40
0.0
40
0.0
40
0.0
40
1.0
40
1.0
40
1.0
40
1.0
10
3091.9613259669
20
2811.3812154696
10
3092.0093963233
20
2811.7377372801
10
3092.2690081556
20
2812.0408282537
10
3092.6066510056
20
2812.1346179343
72
4
94
3
73
0
74
0
95
8
96
4
40
0.0
40
0.0
40
0.0
40
0.0
40
1.0
40
1.0
40
1.0
40
1.0
10
3092.6066510056
20
2812.1346179343
10
3092.9442938555
20
2812.2284076148
10
3093.2847924264
20
2812.0920139754
10
3093.453038674
20
2811.7955801105
97
0
75
0
76
1
98
0
0
HATCH
5
596
100
AcDbEntity
8
Layer 5
6
ByLayer
370
-1
62
256
100
AcDbHatch
10
0
20
0
30
0
210
0
220
0
230
1
2
FILL_1430
70
1
71
0
91
4
92
0
93
47
72
1
10
4215.3038674033
20
2418.7845303867
11
4215.3038674033
21
2418.7845303867
72
4
94
3
73
0
74
0
95
8
96
4
40
0.0
40
0.0
40
0.0
40
0.0
40
1.0
40
1.0
40
1.0
40
1.0
10
4215.3038674033
20
2418.7845303867
10
4215.2514837709
20
2418.5749958569
10
4215.300411844
20
2418.3530249438
10
4215.4360581529
20
2418.1848235207
72
4
94
3
73
0
74
0
95
8
96
4
40
0.0
40
0.0
40
0.0
40
0.0
40
1.0
40
1.0
40
1.0
40
1.0
10
4215.4360581529
20
2418.1848235207
10
4215.5717044618
20
2418.0166220976
10
4215.7783926542
20
2417.9216288415
10
4215.9944751381
20
2417.9281767956
72
4
94
2
73
0
74
0
95
6
96
3
40
0.0
40
0.0
40
0.0
40
1.0
40
1.0
40
1.0
10
4215.9944751381
20
2417.9281767956
10
4279.4198895028
20
2418.9779005525
10
4348.7569060773
20
2418.8397790055
72
4
94
2
73
0
74
0
95
6
96
3
40
0.0
40
0.0
40
0.0
40
1.0
40
1.0
40
1.0
10
4348.7569060773
20
2418.8397790055
10
5218.4806629834
20
2416.9060773481
10
5791.4640883978
20
2415.8287292818
72
1
10
5791.4640883978
20
2415.8287292818
11
5791.4640883978
21
2415.8287292818
72
4
94
3
73
0
74
0
95
8
96
4
40
0.0
40
0.0
40
0.0
40
0.0
40
1.0
40
1.0
40
1.0
40
1.0
10
5791.4640883978
20
2415.8287292818
10
5791.9586845241
20
2415.8287292818
10
5792.4612049787
20
2415.754281807
10
5792.955801105
20
2415.6077348066
72
4
94
2
73
0
74
0
95
6
96
3
40
0.0
40
0.0
40
0.0
40
1.0
40
1.0
40
1.0
10
5792.955801105
20
2415.6077348066
10
5797.7071823204
20
2414.226519337
10
5802.5690607735
20
2413.8121546961
72
4
94
3
73
0
74
0
95
8
96
4
40
0.0
40
0.0
40
0.0
40
0.0
40
1.0
40
1.0
40
1.0
40
1.0
10
5802.5690607735
20
2413.8121546961
10
5816.3259668508
20
2412.7071823204
10
5832.0718232044
20
2403.6740331492
10
5841.2983425414
20
2395.0276243094
72
4
94
3
73
0
74
0
95
8
96
4
40
0.0
40
0.0
40
0.0
40
0.0
40
1.0
40
1.0
40
1.0
40
1.0
10
5841.2983425414
20
2395.0276243094
10
5864.5027624309
20
2373.3149171271
10
5855.6077348066
20
2346.0220994475
10
5849.364640884
20
2316.270718232
72
4
94
2
73
0
74
0
95
6
96
3
40
0.0
40
0.0
40
0.0
40
1.0
40
1.0
40
1.0
10
5849.364640884
20
2316.270718232
10
5845.4972375691
20
2297.7348066298
10
5842.2928176796
20
2284.7237569061
72
4
94
2
73
0
74
0
95
6
96
3
40
0.0
40
0.0
40
0.0
40
1.0
40
1.0
40
1.0
10
5842.2928176796
20
2284.7237569061
10
5820.9668508287
20
2197.8729281768
10
5809.861878453
20
2150.138121547
72
1
10
5809.861878453
20
2150.138121547
11
5809.861878453
21
2150.138121547
72
4
94
3
73
0
74
0
95
8
96
4
40
0.0
40
0.0
40
0.0
40
0.0
40
1.0
40
1.0
40
1.0
40
1.0
10
5809.861878453
20
2150.138121547
10
5809.7694159472
20
2149.7220402709
10
5810.0259076742
20
2149.3067679511
10
5810.4419889503
20
2149.1988950276
72
4
94
3
73
0
74
0
95
8
96
4
40
0.0
40
0.0
40
0.0
40
0.0
40
1.0
40
1.0
40
1.0
40
1.0
10
5810.4419889503
20
2149.1988950276
10
5868.0110497238
20
2133.3149171271
10
5901.0773480663
20
2079.1988950276
10
5887.5138121547
20
2021.2154696133
72
4
94
2
73
0
74
0
95
6
96
3
40
0.0
40
0.0
40
0.0
40
1.0
40
1.0
40
1.0
10
5887.5138121547
20
2021.2154696133
10
5792.955801105
20
1617.2099447514
10
5765.5801104972
20
1503.0110497238
72
4
94
3
73
0
74
0
95
8
96
4
40
0.0
40
0.0
40
0.0
40
0.0
40
1.0
40
1.0
40
1.0
40
1.0
10
5765.5801104972
20
1503.0110497238
10
5758.9502762431
20
1475.3314917127
10
5751.6850828729
20
1443.6464088398
10
5741.4364640884
20
1414.5027624309
72
4
94
2
73
0
74
0
95
6
96
3
40
0.0
40
0.0
40
0.0
40
1.0
40
1.0
40
1.0
10
5741.4364640884
20
1414.5027624309
10
5734.9447513812
20
1395.9944751381
10
5729.0883977901
20
1387.5414364641
72
4
94
3
73
0
74
0
95
8
96
4
40
0.0
40
0.0
40
0.0
40
0.0
40
1.0
40
1.0
40
1.0
40
1.0
10
5729.0883977901
20
1387.5414364641
10
5708.3425414365
20
1357.5138121547
10
5676.7403314917
20
1351.4917127072
10
5642.2651933702
20
1351.546961326
72
4
94
3
73
0
74
0
95
8
96
4
40
0.0
40
0.0
40
0.0
40
0.0
40
1.0
40
1.0
40
1.0
40
1.0
10
5642.2651933702
20
1351.546961326
10
5297.2928176796
20
1352.320441989
10
4932.4861878453
20
1352.7071823204
10
4575.2762430939
20
1350.8839779006
72
4
94
2
73
0
74
0
95
6
96
3
40
0.0
40
0.0
40
0.0
40
1.0
40
1.0
40
1.0
10
4575.2762430939
20
1350.8839779006
10
3168.453038674
20
1343.6464088398
10
2437.8453038674
20
1339.6408839779
72
4
94
2
73
0
74
0
95
6
96
3
40
0.0
40
0.0
40
0.0
40
1.0
40
1.0
40
1.0
10
2437.8453038674
20
1339.6408839779
10
2432.5690607735
20
1339.6132596685
10
2427.044198895
20
1339.6132596685
72
4
94
2
73
0
74
0
95
6
96
3
40
0.0
40
0.0
40
0.0
40
1.0
40
1.0
40
1.0
10
2427.044198895
20
1339.6132596685
10
1031.8508287293
20
1342.044198895
10
1026.9337016575
20
1342.0718232044
72
4
94
2
73
0
74
0
95
6
96
3
40
0.0
40
0.0
40
0.0
40
1.0
40
1.0
40
1.0
10
1026.9337016575
20
1342.0718232044
10
993.9502762431
20
1342.1546961326
10
987.5690607735
20
1342.2375690608
72
4
94
2
73
0
74
0
95
6
96
3
40
0.0
40
0.0
40
0.0
40
1.0
40
1.0
40
1.0
10
987.5690607735
20
1342.2375690608
10
875.1933701657
20
1343.4806629834
10
272.0994475138
20
1353.6464088398
72
4
94
2
73
0
74
0
95
6
96
3
40
0.0
40
0.0
40
0.0
40
1.0
40
1.0
40
1.0
10
272.0994475138
20
1353.6464088398
10
227.2099447514
20
1354.3922651934
10
181.6022099448
20
1353.9226519337
72
1
10
181.6022099448
20
1353.9226519337
11
181.6022099448
21
1353.9226519337
72
4
94
3
73
0
74
0
95
8
96
4
40
0.0
40
0.0
40
0.0
40
0.0
40
1.0
40
1.0
40
1.0
40
1.0
10
181.6022099448
20
1353.9226519337
10
179.7501926596
20
1353.9043151289
10
177.911266751
20
1354.127215239
10
176.1325966851
20
1354.5856353591
72
4
94
2
73
0
74
0
95
6
96
3
40
0.0
40
0.0
40
0.0
40
1.0
40
1.0
40
1.0
10
176.1325966851
20
1354.5856353591
10
160.8563535912
20
1358.5082872928
10
158.6464088398
20
1359.5303867403
72
4
94
3
73
0
74
0
95
8
96
4
40
0.0
40
0.0
40
0.0
40
0.0
40
1.0
40
1.0
40
1.0
40
1.0
10
158.6464088398
20
1359.5303867403
10
123.7569060773
20
1375.6629834254
10
107.5138121547
20
1406.0497237569
10
111.3812154696
20
1444.0055248619
72
4
94
3
73
0
74
0
95
8
96
4
40
0.0
40
0.0
40
0.0
40
0.0
40
1.0
40
1.0
40
1.0
40
1.0
10
111.3812154696
20
1444.0055248619
10
112.1546961326
20
1451.7127071823
10
111.4917127072
20
1457.5690607735
10
113.1491712707
20
1465.9668508287
72
4
94
2
73
0
74
0
95
6
96
3
40
0.0
40
0.0
40
0.0
40
1.0
40
1.0
40
1.0
10
113.1491712707
20
1465.9668508287
10
209.226519337
20
1946.0497237569
10
283.5082872928
20
2311.5745856354
72
4
94
2
73
0
74
0
95
6
96
3
40
0.0
40
0.0
40
0.0
40
1.0
40
1.0
40
1.0
10
283.5082872928
20
2311.5745856354
10
287.8729281768
20
2332.955801105
10
291.3812154696
20
2352.2375690608
72
4
94
3
73
0
74
0
95
8
96
4
40
0.0
40
0.0
40
0.0
40
0.0
40
1.0
40
1.0
40
1.0
40
1.0
10
291.3812154696
20
2352.2375690608
10
298.9502762431
20
2393.8121546961
10
337.955801105
20
2419.6685082873
10
378.7569060773
20
2416.8508287293
72
4
94
2
73
0
74
0
95
6
96
3
40
0.0
40
0.0
40
0.0
40
1.0
40
1.0
40
1.0
10
378.7569060773
20
2416.8508287293
10
391.2983425414
20
2415.9944751381
10
396.1325966851
20
2415.9944751381
72
4
94
2
73
0
74
0
95
6
96
3
40
0.0
40
0.0
40
0.0
40
1.0
40
1.0
40
1.0
10
396.1325966851
20
2415.9944751381
10
1307.0994475138
20
2415.8839779006
10
1590.4696132597
20
2415.5524861878
72
4
94
2
73
0
74
0
95
6
96
3
40
0.0
40
0.0
40
0.0
40
1.0
40
1.0
40
1.0
10
1590.4696132597
20
2415.5524861878
10
1684.8895027624
20
2415.4143646409
10
1779.0055248619
20
2413.9226519337
72
4
94
3
73
0
74
0
95
8
96
4
40
0.0
40
0.0
40
0.0
40
0.0
40
1.0
40
1.0
40
1.0
40
1.0
10
1779.0055248619
20
2413.9226519337
10
1779.8369871997
20
2413.9226519337
10
1780.5615392827
20
2414.466065996
10
1780.773480663
20
2415.2486187845
72
4
94
2
73
0
74
0
95
6
96
3
40
0.0
40
0.0
40
0.0
40
1.0
40
1.0
40
1.0
10
1780.773480663
20
2415.2486187845
10
1792.8453038674
20
2458.729281768
10
1868.3977900552
20
2727.4309392265
72
4
94
2
73
0
74
0
95
6
96
3
40
0.0
40
0.0
40
0.0
40
1.0
40
1.0
40
1.0
10
1868.3977900552
20
2727.4309392265
10
1877.320441989
20
2759.1988950276
10
1886.3535911602
20
2777.4861878453
72
4
94
3
73
0
74
0
95
8
96
4
40
0.0
40
0.0
40
0.0
40
0.0
40
1.0
40
1.0
40
1.0
40
1.0
10
1886.3535911602
20
2777.4861878453
10
1896.8784530387
20
2798.729281768
10
1917.6243093923
20
2808.5082872928
10
1940.6077348066
20
2808.453038674
72
4
94
2
73
0
74
0
95
6
96
3
40
0.0
40
0.0
40
0.0
40
1.0
40
1.0
40
1.0
10
1940.6077348066
20
2808.453038674
10
2926.1325966851
20
2805.9116022099
10
4156.2983425414
20
2805.4972375691
72
4
94
3
73
0
74
0
95
8
96
4
40
0.0
40
0.0
40
0.0
40
0.0
40
1.0
40
1.0
40
1.0
40
1.0
10
4156.2983425414
20
2805.4972375691
10
4166.546961326
20
2805.4972375691
10
4176.6574585635
20
2803.7845303867
10
4184.6132596685
20
2802.4861878453
72
4
94
2
73
0
74
0
95
6
96
3
40
0.0
40
0.0
40
0.0
40
1.0
40
1.0
40
1.0
10
4184.6132596685
20
2802.4861878453
10
4235.8839779006
20
2794.1160220994
10
4261.8508287293
20
2749.4198895028
72
4
94
3
73
0
74
0
95
8
96
4
40
0.0
40
0.0
40
0.0
40
0.0
40
1.0
40
1.0
40
1.0
40
1.0
10
4261.8508287293
20
2749.4198895028
10
4277.2099447514
20
2722.955801105
10
4283.591160221
20
2689.5580110497
10
4275.1104972376
20
2659.0883977901
72
4
94
2
73
0
74
0
95
6
96
3
40
0.0
40
0.0
40
0.0
40
1.0
40
1.0
40
1.0
10
4275.1104972376
20
2659.0883977901
10
4271.3259668508
20
2645.5248618785
10
4271.3259668508
20
2645.4696132597
72
4
94
2
73
0
74
0
95
6
96
3
40
0.0
40
0.0
40
0.0
40
1.0
40
1.0
40
1.0
10
4271.3259668508
20
2645.4696132597
10
4238.7016574586
20
2511.0773480663
10
4215.3038674033
20
2418.7845303867
97
0
92
0
93
40
72
4
94
3
73
0
74
0
95
8
96
4
40
0.0
40
0.0
40
0.0
40
0.0
40
1.0
40
1.0
40
1.0
40
1.0
10
2733.591160221
20
2698.591160221
10
2747.4585635359
20
2681.7955801105
10
2745.8011049724
20
2660.8563535912
10
2740.1657458564
20
2641.1878453039
72
4
94
2
73
0
74
0
95
6
96
3
40
0.0
40
0.0
40
0.0
40
1.0
40
1.0
40
1.0
10
2740.1657458564
20
2641.1878453039
10
2728.8121546961
20
2601.546961326
10
2715.7458563536
20
2557.7071823204
72
4
94
2
73
0
74
0
95
6
96
3
40
0.0
40
0.0
40
0.0
40
1.0
40
1.0
40
1.0
10
2715.7458563536
20
2557.7071823204
10
2636.9889502762
20
2293.3425414365
10
2605.7458563536
20
2187.5138121547
72
4
94
3
73
0
74
0
95
8
96
4
40
0.0
40
0.0
40
0.0
40
0.0
40
1.0
40
1.0
40
1.0
40
1.0
10
2605.7458563536
20
2187.5138121547
10
2605.7007469968
20
2187.3720398905
10
2605.7257099644
20
2187.21725283
10
2605.81305133
20
2187.0971584523
72
4
94
3
73
0
74
0
95
8
96
4
40
0.0
40
0.0
40
0.0
40
0.0
40
1.0
40
1.0
40
1.0
40
1.0
10
2605.81305133
20
2187.0971584523
10
2605.9003926956
20
2186.9770640746
10
2606.0396288458
20
2186.9060773481
10
2606.1878453039
20
2186.9060773481
72
1
10
2606.1878453039
20
2186.9060773481
11
2859.1160220994
21
2188.1767955801
72
1
10
2859.1160220994
20
2188.1767955801
11
2859.1160220994
21
2188.1767955801
72
4
94
3
73
0
74
0
95
8
96
4
40
0.0
40
0.0
40
0.0
40
0.0
40
1.0
40
1.0
40
1.0
40
1.0
10
2859.1160220994
20
2188.1767955801
10
2859.9915407098
20
2188.1933147992
10
2860.7577919425
20
2188.759674406
10
2861.0220994475
20
2189.5856353591
72
1
10
2861.0220994475
20
2189.5856353591
11
2906.2154696133
21
2338.5359116022
72
1
10
2906.2154696133
20
2338.5359116022
11
2906.2154696133
21
2338.5359116022
72
4
94
3
73
0
74
0
95
8
96
4
40
0.0
40
0.0
40
0.0
40
0.0
40
1.0
40
1.0
40
1.0
40
1.0
10
2906.2154696133
20
2338.5359116022
10
2906.9680946708
20
2341.022846575
10
2909.2769881658
20
2342.7122808396
10
2911.8784530387
20
2342.679558011
72
1
10
2911.8784530387
20
2342.679558011
11
2988.0662983425
21
2341.7679558011
72
1
10
2988.0662983425
20
2341.7679558011
11
2988.0662983425
21
2341.7679558011
72
4
94
3
73
0
74
0
95
8
96
4
40
0.0
40
0.0
40
0.0
40
0.0
40
1.0
40
1.0
40
1.0
40
1.0
10
2988.0662983425
20
2341.7679558011
10
2988.8758639762
20
2341.7514340535
10
2989.5864279293
20
2341.2185110887
10
2989.8342541436
20
2340.4419889503
72
1
10
2989.8342541436
20
2340.4419889503
11
3037.8453038674
21
2185.9668508287
72
4
94
3
73
0
74
0
95
8
96
4
40
0.0
40
0.0
40
0.0
40
0.0
40
1.0
40
1.0
40
1.0
40
1.0
10
3037.8453038674
20
2185.9668508287
10
3037.8996494898
20
2185.8219291689
10
3037.994740509
20
2185.6888017421
10
3038.1215469613
20
2185.5801104972
72
1
10
3038.1215469613
20
2185.5801104972
11
3038.7845303867
21
2185.0828729282
72
4
94
2
73
0
74
0
95
6
96
3
40
0.0
40
0.0
40
0.0
40
1.0
40
1.0
40
1.0
10
3038.7845303867
20
2185.0828729282
10
3038.7845303867
20
2183.5082872928
10
3040.0552486188
20
2183.3701657459
72
4
94
2
73
0
74
0
95
6
96
3
40
0.0
40
0.0
40
0.0
40
1.0
40
1.0
40
1.0
10
3040.0552486188
20
2183.3701657459
10
3041.1049723757
20
2183.2596685083
10
3041.3812154696
20
2184.1712707182
72
1
10
3041.3812154696
20
2184.1712707182
11
3297.7624309392
21
2184.9171270718
72
4
94
2
73
0
74
0
95
6
96
3
40
0.0
40
0.0
40
0.0
40
1.0
40
1.0
40
1.0
10
3297.7624309392
20
2184.9171270718
10
3299.226519337
20
2184.6961325967
10
3300.2762430939
20
2185.8839779006
72
4
94
2
73
0
74
0
95
6
96
3
40
0.0
40
0.0
40
0.0
40
1.0
40
1.0
40
1.0
10
3300.2762430939
20
2185.8839779006
10
3301.0497237569
20
2186.7403314917
10
3300.3867403315
20
2187.7900552486
72
1
10
3300.3867403315
20
2187.7900552486
11
3245.0
21
2354.0055248619
72
1
10
3245.0
20
2354.0055248619
11
3245.0
21
2354.0055248619
72
4
94
3
73
0
74
0
95
8
96
4
40
0.0
40
0.0
40
0.0
40
0.0
40
1.0
40
1.0
40
1.0
40
1.0
10
3245.0
20
2354.0055248619
10
3244.8502173577
20
2354.4616810906
10
3244.9119941187
20
2354.9609050354
10
3245.168476882
20
2355.367002744
72
4
94
3
73
0
74
0
95
8
96
4
40
0.0
40
0.0
40
0.0
40
0.0
40
1.0
40
1.0
40
1.0
40
1.0
10
3245.168476882
20
2355.367002744
10
3245.4249596453
20
2355.7731004526
10
3245.8493857163
20
2356.0436976584
10
3246.3259668508
20
2356.1049723757
72
4
94
3
73
0
74
0
95
8
96
4
40
0.0
40
0.0
40
0.0
40
0.0
40
1.0
40
1.0
40
1.0
40
1.0
10
3246.3259668508
20
2356.1049723757
10
3276.0773480663
20
2360.0276243094
10
3309.0055248619
20
2387.8729281768
10
3324.7237569061
20
2412.1270718232
72
4
94
2
73
0
74
0
95
6
96
3
40
0.0
40
0.0
40
0.0
40
1.0
40
1.0
40
1.0
10
3324.7237569061
20
2412.1270718232
10
3331.4917127072
20
2422.5966850829
10
3338.9779005525
20
2447.2375690608
72
4
94
2
73
0
74
0
95
6
96
3
40
0.0
40
0.0
40
0.0
40
1.0
40
1.0
40
1.0
10
3338.9779005525
20
2447.2375690608
10
3357.3480662983
20
2507.7348066298
10
3390.3591160221
20
2609.9447513812
72
1
10
3390.3591160221
20
2609.9447513812
11
3390.3591160221
21
2609.9447513812
72
4
94
3
73
0
74
0
95
8
96
4
40
0.0
40
0.0
40
0.0
40
0.0
40
1.0
40
1.0
40
1.0
40
1.0
10
3390.3591160221
20
2609.9447513812
10
3390.6526009024
20
2610.8618916322
10
3390.8289494855
20
2611.8086050782
10
3390.8839779006
20
2612.7624309392
72
4
94
3
73
0
74
0
95
8
96
4
40
0.0
40
0.0
40
0.0
40
0.0
40
1.0
40
1.0
40
1.0
40
1.0
10
3390.8839779006
20
2612.7624309392
10
3393.8674033149
20
2657.817679558
10
3356.9060773481
20
2687.4309392265
10
3316.6574585635
20
2697.2375690608
72
4
94
2
73
0
74
0
95
6
96
3
40
0.0
40
0.0
40
0.0
40
1.0
40
1.0
40
1.0
10
3316.6574585635
20
2697.2375690608
10
3305.4419889503
20
2699.9723756906
10
3284.7237569061
20
2699.9723756906
72
4
94
2
73
0
74
0
95
6
96
3
40
0.0
40
0.0
40
0.0
40
1.0
40
1.0
40
1.0
10
3284.7237569061
20
2699.9723756906
10
3159.6408839779
20
2699.9447513812
10
2973.0662983425
20
2701.4917127072
72
4
94
2
73
0
74
0
95
6
96
3
40
0.0
40
0.0
40
0.0
40
1.0
40
1.0
40
1.0
10
2973.0662983425
20
2701.4917127072
10
2856.1602209945
20
2702.4585635359
10
2739.3370165746
20
2701.8784530387
72
4
94
2
73
0
74
0
95
6
96
3
40
0.0
40
0.0
40
0.0
40
1.0
40
1.0
40
1.0
10
2739.3370165746
20
2701.8784530387
10
2736.3535911602
20
2703.4254143646
10
2732.320441989
20
2702.9005524862
72
1
10
2732.320441989
20
2702.9005524862
11
2732.320441989
21
2702.9005524862
72
4
94
3
73
0
74
0
95
8
96
4
40
0.0
40
0.0
40
0.0
40
0.0
40
1.0
40
1.0
40
1.0
40
1.0
10
2732.320441989
20
2702.9005524862
10
2731.9458879995
20
2702.8460719059
10
2731.6146094195
20
2702.6289489188
10
2731.4169246522
20
2702.3083790259
72
4
94
3
73
0
74
0
95
8
96
4
40
0.0
40
0.0
40
0.0
40
0.0
40
1.0
40
1.0
40
1.0
40
1.0
10
2731.4169246522
20
2702.3083790259
10
2731.2192398849
20
2701.987809133
10
2731.1757612358
20
2701.5972176945
10
2731.2983425414
20
2701.2430939227
72
4
94
2
73
0
74
0
95
6
96
3
40
0.0
40
0.0
40
0.0
40
1.0
40
1.0
40
1.0
10
2731.2983425414
20
2701.2430939227
10
2731.8784530387
20
2699.6408839779
10
2733.591160221
20
2698.591160221
97
0
92
0
93
49
72
4
94
2
73
0
74
0
95
6
96
3
40
0.0
40
0.0
40
0.0
40
1.0
40
1.0
40
1.0
10
1995.3591160221
20
2696.9889502762
10
2008.3977900552
20
2673.1767955801
10
2000.9392265193
20
2648.1491712707
72
4
94
3
73
0
74
0
95
8
96
4
40
0.0
40
0.0
40
0.0
40
0.0
40
1.0
40
1.0
40
1.0
40
1.0
10
2000.9392265193
20
2648.1491712707
10
1955.1657458564
20
2494.6132596685
10
1910.7458563536
20
2340.6629834254
10
1865.8011049724
20
2186.8784530387
72
4
94
2
73
0
74
0
95
6
96
3
40
0.0
40
0.0
40
0.0
40
1.0
40
1.0
40
1.0
10
1865.8011049724
20
2186.8784530387
10
1865.5248618785
20
2185.9668508287
10
1865.5248618785
20
2184.9171270718
72
4
94
2
73
0
74
0
95
6
96
3
40
0.0
40
0.0
40
0.0
40
1.0
40
1.0
40
1.0
10
1865.5248618785
20
2184.9171270718
10
1864.2541436464
20
2184.1436464088
10
1865.0552486188
20
2183.1215469613
72
1
10
1865.0552486188
20
2183.1215469613
11
1865.0552486188
21
2183.1215469613
72
4
94
3
73
0
74
0
95
8
96
4
40
0.0
40
0.0
40
0.0
40
0.0
40
1.0
40
1.0
40
1.0
40
1.0
10
1865.0552486188
20
2183.1215469613
10
1865.4007604056
20
2182.6723816384
10
1865.9492425683
20
2182.4240123572
10
1866.5193370166
20
2182.4585635359
72
1
10
1866.5193370166
20
2182.4585635359
11
1888.2044198895
21
2183.4806629834
72
4
94
2
73
0
74
0
95
6
96
3
40
0.0
40
0.0
40
0.0
40
1.0
40
1.0
40
1.0
10
1888.2044198895
20
2183.4806629834
10
1888.3425414365
20
2183.4806629834
10
1888.4806629834
20
2183.4806629834
72
4
94
3
73
0
74
0
95
8
96
4
40
0.0
40
0.0
40
0.0
40
0.0
40
1.0
40
1.0
40
1.0
40
1.0
10
1888.4806629834
20
2183.4806629834
10
1902.2099447514
20
2181.9060773481
10
1916.0773480663
20
2183.6464088398
10
1929.3370165746
20
2183.5359116022
72
4
94
2
73
0
74
0
95
6
96
3
40
0.0
40
0.0
40
0.0
40
1.0
40
1.0
40
1.0
10
1929.3370165746
20
2183.5359116022
10
1971.4917127072
20
2183.1491712707
10
2013.6464088398
20
2183.3977900552
72
1
10
2013.6464088398
20
2183.3977900552
11
2051.0497237569
21
2183.3701657459
72
4
94
2
73
0
74
0
95
6
96
3
40
0.0
40
0.0
40
0.0
40
1.0
40
1.0
40
1.0
10
2051.0497237569
20
2183.3701657459
10
2098.7016574586
20
2182.3480662983
10
2118.7845303867
20
2183.1491712707
72
4
94
2
73
0
74
0
95
6
96
3
40
0.0
40
0.0
40
0.0
40
1.0
40
1.0
40
1.0
10
2118.7845303867
20
2183.1491712707
10
2122.5966850829
20
2183.2872928177
10
2122.4861878453
20
2190.5524861878
72
1
10
2122.4861878453
20
2190.5524861878
11
2123.0110497238
21
2192.7624309392
72
4
94
2
73
0
74
0
95
6
96
3
40
0.0
40
0.0
40
0.0
40
1.0
40
1.0
40
1.0
10
2123.0110497238
20
2192.7624309392
10
2125.773480663
20
2197.2928176796
10
2125.6077348066
20
2200.9944751381
72
1
10
2125.6077348066
20
2200.9944751381
11
2128.6187845304
21
2210.4419889503
72
4
94
2
73
0
74
0
95
6
96
3
40
0.0
40
0.0
40
0.0
40
1.0
40
1.0
40
1.0
10
2128.6187845304
20
2210.4419889503
10
2130.9116022099
20
2214.2817679558
10
2130.9944751381
20
2218.3701657459
72
1
10
2130.9944751381
20
2218.3701657459
11
2138.0110497238
21
2242.4861878453
72
4
94
2
73
0
74
0
95
6
96
3
40
0.0
40
0.0
40
0.0
40
1.0
40
1.0
40
1.0
10
2138.0110497238
20
2242.4861878453
10
2141.2154696133
20
2245.3591160221
10
2140.6077348066
20
2251.270718232
72
1
10
2140.6077348066
20
2251.270718232
11
2142.320441989
21
2256.2154696133
72
4
94
2
73
0
74
0
95
6
96
3
40
0.0
40
0.0
40
0.0
40
1.0
40
1.0
40
1.0
10
2142.320441989
20
2256.2154696133
10
2145.0828729282
20
2260.4143646409
10
2144.861878453
20
2265.3591160221
72
4
94
2
73
0
74
0
95
6
96
3
40
0.0
40
0.0
40
0.0
40
1.0
40
1.0
40
1.0
10
2144.861878453
20
2265.3591160221
10
2145.0276243094
20
2265.5524861878
10
2145.2209944751
20
2265.7182320442
72
4
94
2
73
0
74
0
95
6
96
3
40
0.0
40
0.0
40
0.0
40
1.0
40
1.0
40
1.0
10
2145.2209944751
20
2265.7182320442
10
2147.5690607735
20
2269.7790055249
10
2147.7900552486
20
2274.1988950276
72
4
94
2
73
0
74
0
95
6
96
3
40
0.0
40
0.0
40
0.0
40
1.0
40
1.0
40
1.0
10
2147.7900552486
20
2274.1988950276
10
2150.4696132597
20
2278.6464088398
10
2150.5248618785
20
2283.9226519337
72
4
94
2
73
0
74
0
95
6
96
3
40
0.0
40
0.0
40
0.0
40
1.0
40
1.0
40
1.0
10
2150.5248618785
20
2283.9226519337
10
2154.6408839779
20
2291.5745856354
10
2155.8563535912
20
2300.3591160221
72
4
94
2
73
0
74
0
95
6
96
3
40
0.0
40
0.0
40
0.0
40
1.0
40
1.0
40
1.0
10
2155.8563535912
20
2300.3591160221
10
2155.6077348066
20
2301.1325966851
10
2156.2430939227
20
2301.8508287293
72
4
94
2
73
0
74
0
95
6
96
3
40
0.0
40
0.0
40
0.0
40
1.0
40
1.0
40
1.0
10
2156.2430939227
20
2301.8508287293
10
2160.2209944751
20
2309.1988950276
10
2161.4364640884
20
2317.5138121547
72
4
94
2
73
0
74
0
95
6
96
3
40
0.0
40
0.0
40
0.0
40
1.0
40
1.0
40
1.0
10
2161.4364640884
20
2317.5138121547
10
2161.6022099448
20
2317.8729281768
10
2161.7679558011
20
2318.2596685083
72
4
94
2
73
0
74
0
95
6
96
3
40
0.0
40
0.0
40
0.0
40
1.0
40
1.0
40
1.0
10
2161.7679558011
20
2318.2596685083
10
2162.182320442
20
2318.3977900552
10
2162.4309392265
20
2318.5359116022
72
1
10
2162.4309392265
20
2318.5359116022
11
2162.4309392265
21
2318.5359116022
72
4
94
3
73
0
74
0
95
8
96
4
40
0.0
40
0.0
40
0.0
40
0.0
40
1.0
40
1.0
40
1.0
40
1.0
10
2162.4309392265
20
2318.5359116022
10
2162.4842121571
20
2318.5714268893
10
2162.5236788206
20
2318.6306268844
10
2162.5414364641
20
2318.7016574586
72
4
94
2
73
0
74
0
95
6
96
3
40
0.0
40
0.0
40
0.0
40
1.0
40
1.0
40
1.0
10
2162.5414364641
20
2318.7016574586
10
2163.4254143646
20
2321.3535911602
10
2162.2928176796
20
2321.270718232
72
1
10
2162.2928176796
20
2321.270718232
11
2165.6906077348
21
2327.5690607735
72
1
10
2165.6906077348
20
2327.5690607735
11
2165.6906077348
21
2327.5690607735
72
4
94
3
73
0
74
0
95
8
96
4
40
0.0
40
0.0
40
0.0
40
0.0
40
1.0
40
1.0
40
1.0
40
1.0
10
2165.6906077348
20
2327.5690607735
10
2166.1018017663
20
2328.3571826673
10
2166.899134847
20
2328.8712526798
10
2167.7900552486
20
2328.9226519337
72
4
94
2
73
0
74
0
95
6
96
3
40
0.0
40
0.0
40
0.0
40
1.0
40
1.0
40
1.0
10
2167.7900552486
20
2328.9226519337
10
2181.9613259669
20
2329.7237569061
10
2196.1878453039
20
2329.861878453
72
4
94
2
73
0
74
0
95
6
96
3
40
0.0
40
0.0
40
0.0
40
1.0
40
1.0
40
1.0
10
2196.1878453039
20
2329.861878453
10
2306.9060773481
20
2331.0497237569
10
2460.0552486188
20
2331.3259668508
72
4
94
2
73
0
74
0
95
6
96
3
40
0.0
40
0.0
40
0.0
40
1.0
40
1.0
40
1.0
10
2460.0552486188
20
2331.3259668508
10
2474.0607734807
20
2331.3535911602
10
2481.7955801105
20
2332.7071823204
72
4
94
3
73
0
74
0
95
8
96
4
40
0.0
40
0.0
40
0.0
40
0.0
40
1.0
40
1.0
40
1.0
40
1.0
10
2481.7955801105
20
2332.7071823204
10
2518.8121546961
20
2339.1160220994
10
2578.6187845304
20
2372.0994475138
10
2590.0
20
2410.6077348066
72
4
94
2
73
0
74
0
95
6
96
3
40
0.0
40
0.0
40
0.0
40
1.0
40
1.0
40
1.0
10
2590.0
20
2410.6077348066
10
2635.7458563536
20
2565.6906077348
10
2645.635359116
20
2597.3756906077
72
4
94
2
73
0
74
0
95
6
96
3
40
0.0
40
0.0
40
0.0
40
1.0
40
1.0
40
1.0
10
2645.635359116
20
2597.3756906077
10
2651.8508287293
20
2617.3480662983
10
2650.7458563536
20
2628.2872928177
72
4
94
3
73
0
74
0
95
8
96
4
40
0.0
40
0.0
40
0.0
40
0.0
40
1.0
40
1.0
40
1.0
40
1.0
10
2650.7458563536
20
2628.2872928177
10
2647.4585635359
20
2661.1049723757
10
2622.817679558
20
2684.9171270718
10
2593.1215469613
20
2694.3370165746
72
4
94
2
73
0
74
0
95
6
96
3
40
0.0
40
0.0
40
0.0
40
1.0
40
1.0
40
1.0
10
2593.1215469613
20
2694.3370165746
10
2579.861878453
20
2698.5635359116
10
2547.0994475138
20
2698.7016574586
72
4
94
2
73
0
74
0
95
6
96
3
40
0.0
40
0.0
40
0.0
40
1.0
40
1.0
40
1.0
10
2547.0994475138
20
2698.7016574586
10
2460.2762430939
20
2699.1160220994
10
2060.773480663
20
2701.6298342541
72
4
94
2
73
0
74
0
95
6
96
3
40
0.0
40
0.0
40
0.0
40
1.0
40
1.0
40
1.0
10
2060.773480663
20
2701.6298342541
10
2031.0220994475
20
2701.7955801105
10
2001.6298342541
20
2701.9060773481
72
4
94
2
73
0
74
0
95
6
96
3
40
0.0
40
0.0
40
0.0
40
1.0
40
1.0
40
1.0
10
2001.6298342541
20
2701.9060773481
10
1998.1491712707
20
2702.4585635359
10
1995.0552486188
20
2701.8784530387
72
1
10
1995.0552486188
20
2701.8784530387
11
1995.0552486188
21
2701.8784530387
72
4
94
3
73
0
74
0
95
8
96
4
40
0.0
40
0.0
40
0.0
40
0.0
40
1.0
40
1.0
40
1.0
40
1.0
10
1995.0552486188
20
2701.8784530387
10
1994.2228459899
20
2701.7243044037
10
1993.6612114788
20
2700.9428998664
10
1993.7845303867
20
2700.1104972376
72
4
94
2
73
0
74
0
95
6
96
3
40
0.0
40
0.0
40
0.0
40
1.0
40
1.0
40
1.0
10
1993.7845303867
20
2700.1104972376
10
1994.0055248619
20
2698.5635359116
10
1995.3591160221
20
2696.9889502762
97
0
92
0
93
54
72
4
94
2
73
0
74
0
95
6
96
3
40
0.0
40
0.0
40
0.0
40
1.0
40
1.0
40
1.0
10
3040.3867403315
20
1539.2817679558
10
3041.5745856354
20
1539.9723756906
10
3041.7403314917
20
1541.9613259669
72
4
94
2
73
0
74
0
95
6
96
3
40
0.0
40
0.0
40
0.0
40
1.0
40
1.0
40
1.0
10
3041.7403314917
20
1541.9613259669
10
3041.8508287293
20
1543.453038674
10
3040.3591160221
20
1544.8895027624
72
1
10
3040.3591160221
20
1544.8895027624
11
3007.4309392265
21
1600.7182320442
72
1
10
3007.4309392265
20
1600.7182320442
11
3007.4309392265
21
1600.7182320442
72
4
94
3
73
0
74
0
95
8
96
4
40
0.0
40
0.0
40
0.0
40
0.0
40
1.0
40
1.0
40
1.0
40
1.0
10
3007.4309392265
20
1600.7182320442
10
3006.6128651592
20
1602.0987320328
10
3006.6022840595
20
1603.8022890775
10
3007.4033149171
20
1605.1657458564
72
1
10
3007.4033149171
20
1605.1657458564
11
3088.1767955801
21
1743.0386740331
72
4
94
2
73
0
74
0
95
6
96
3
40
0.0
40
0.0
40
0.0
40
1.0
40
1.0
40
1.0
10
3088.1767955801
20
1743.0386740331
10
3089.861878453
20
1743.7016574586
10
3089.3093922652
20
1744.8066298343
72
4
94
2
73
0
74
0
95
6
96
3
40
0.0
40
0.0
40
0.0
40
1.0
40
1.0
40
1.0
10
3089.3093922652
20
1744.8066298343
10
3088.6187845304
20
1746.1325966851
10
3086.2154696133
20
1745.7182320442
72
1
10
3086.2154696133
20
1745.7182320442
11
2991.6298342541
21
1747.1546961326
72
4
94
2
73
0
74
0
95
6
96
3
40
0.0
40
0.0
40
0.0
40
1.0
40
1.0
40
1.0
10
2991.6298342541
20
1747.1546961326
10
2986.7679558011
20
1748.729281768
10
2983.453038674
20
1747.4309392265
72
1
10
2983.453038674
20
1747.4309392265
11
2962.7624309392
21
1692.2099447514
72
1
10
2962.7624309392
20
1692.2099447514
11
2962.7624309392
21
1692.2099447514
72
4
94
3
73
0
74
0
95
8
96
4
40
0.0
40
0.0
40
0.0
40
0.0
40
1.0
40
1.0
40
1.0
40
1.0
10
2962.7624309392
20
1692.2099447514
10
2962.3446059806
20
1691.0926150866
10
2961.2979962809
20
1690.335293029
10
2960.1050753056
20
1690.2870942017
72
4
94
3
73
0
74
0
95
8
96
4
40
0.0
40
0.0
40
0.0
40
0.0
40
1.0
40
1.0
40
1.0
40
1.0
10
2960.1050753056
20
1690.2870942017
10
2958.9121543303
20
1690.2388953745
10
2957.8045358874
20
1690.9091779111
10
2957.2928176796
20
1691.9889502762
72
1
10
2957.2928176796
20
1691.9889502762
11
2932.9005524862
21
1743.2320441989
72
1
10
2932.9005524862
20
1743.2320441989
11
2932.9005524862
21
1743.2320441989
72
4
94
3
73
0
74
0
95
8
96
4
40
0.0
40
0.0
40
0.0
40
0.0
40
1.0
40
1.0
40
1.0
40
1.0
10
2932.9005524862
20
1743.2320441989
10
2931.7128981061
20
1745.7323692095
10
2932.6246912399
20
1748.7196914504
10
2935.0
20
1750.1104972376
72
1
10
2935.0
20
1750.1104972376
11
3025.6629834254
21
1803.2596685083
72
1
10
3025.6629834254
20
1803.2596685083
11
3025.6629834254
21
1803.2596685083
72
4
94
3
73
0
74
0
95
8
96
4
40
0.0
40
0.0
40
0.0
40
0.0
40
1.0
40
1.0
40
1.0
40
1.0
10
3025.6629834254
20
1803.2596685083
10
3025.7908571771
20
1803.3327392235
10
3025.9031367441
20
1803.4263055294
10
3025.9944751381
20
1803.5359116022
72
4
94
2
73
0
74
0
95
6
96
3
40
0.0
40
0.0
40
0.0
40
1.0
40
1.0
40
1.0
10
3025.9944751381
20
1803.5359116022
10
3030.635359116
20
1808.2320441989
10
3031.7955801105
20
1812.8453038674
72
4
94
2
73
0
74
0
95
6
96
3
40
0.0
40
0.0
40
0.0
40
1.0
40
1.0
40
1.0
10
3031.7955801105
20
1812.8453038674
10
3045.5524861878
20
1868.8121546961
10
3059.4751381215
20
1924.4751381215
72
4
94
2
73
0
74
0
95
6
96
3
40
0.0
40
0.0
40
0.0
40
1.0
40
1.0
40
1.0
10
3059.4751381215
20
1924.4751381215
10
3061.3535911602
20
1926.9889502762
10
3059.4751381215
20
1930.5524861878
72
4
94
2
73
0
74
0
95
6
96
3
40
0.0
40
0.0
40
0.0
40
1.0
40
1.0
40
1.0
10
3059.4751381215
20
1930.5524861878
10
3055.0828729282
20
1954.3370165746
10
3035.4143646409
20
1963.3149171271
72
4
94
2
73
0
74
0
95
6
96
3
40
0.0
40
0.0
40
0.0
40
1.0
40
1.0
40
1.0
10
3035.4143646409
20
1963.3149171271
10
3024.9447513812
20
1968.0939226519
10
3005.3591160221
20
1968.2320441989
72
4
94
2
73
0
74
0
95
6
96
3
40
0.0
40
0.0
40
0.0
40
1.0
40
1.0
40
1.0
10
3005.3591160221
20
1968.2320441989
10
2958.8674033149
20
1968.5359116022
10
2910.6629834254
20
1970.3038674033
72
4
94
2
73
0
74
0
95
6
96
3
40
0.0
40
0.0
40
0.0
40
1.0
40
1.0
40
1.0
10
2910.6629834254
20
1970.3038674033
10
2886.3535911602
20
1971.1878453039
10
2874.2541436464
20
1967.4309392265
72
4
94
3
73
0
74
0
95
8
96
4
40
0.0
40
0.0
40
0.0
40
0.0
40
1.0
40
1.0
40
1.0
40
1.0
10
2874.2541436464
20
1967.4309392265
10
2849.9447513812
20
1959.8895027624
10
2835.4696132597
20
1944.5580110497
10
2824.5027624309
20
1920.635359116
72
4
94
3
73
0
74
0
95
8
96
4
40
0.0
40
0.0
40
0.0
40
0.0
40
1.0
40
1.0
40
1.0
40
1.0
10
2824.5027624309
20
1920.635359116
10
2814.1436464088
20
1898.0110497238
10
2809.6132596685
20
1877.7624309392
10
2803.7569060773
20
1853.0662983425
72
4
94
2
73
0
74
0
95
6
96
3
40
0.0
40
0.0
40
0.0
40
1.0
40
1.0
40
1.0
10
2803.7569060773
20
1853.0662983425
10
2796.9337016575
20
1824.1436464088
10
2796.2430939227
20
1816.8784530387
72
4
94
2
73
0
74
0
95
6
96
3
40
0.0
40
0.0
40
0.0
40
1.0
40
1.0
40
1.0
10
2796.2430939227
20
1816.8784530387
10
2793.3425414365
20
1786.270718232
10
2814.6132596685
20
1760.5248618785
72
1
10
2814.6132596685
20
1760.5248618785
11
2814.6132596685
21
1760.5248618785
72
4
94
3
73
0
74
0
95
8
96
4
40
0.0
40
0.0
40
0.0
40
0.0
40
1.0
40
1.0
40
1.0
40
1.0
10
2814.6132596685
20
1760.5248618785
10
2815.185422372
20
1759.8332366325
10
2815.382073355
20
1758.9050702838
10
2815.1396874289
20
1758.0401932296
72
4
94
3
73
0
74
0
95
8
96
4
40
0.0
40
0.0
40
0.0
40
0.0
40
1.0
40
1.0
40
1.0
40
1.0
10
2815.1396874289
20
1758.0401932296
10
2814.8973015029
20
1757.1753161753
10
2814.2466028571
20
1756.4833579089
10
2813.3977900552
20
1756.1878453039
72
4
94
3
73
0
74
0
95
8
96
4
40
0.0
40
0.0
40
0.0
40
0.0
40
1.0
40
1.0
40
1.0
40
1.0
10
2813.3977900552
20
1756.1878453039
10
2784.1436464088
20
1746.1325966851
10
2749.5027624309
20
1732.679558011
10
2735.1657458564
20
1704.8342541436
72
4
94
2
73
0
74
0
95
6
96
3
40
0.0
40
0.0
40
0.0
40
1.0
40
1.0
40
1.0
10
2735.1657458564
20
1704.8342541436
10
2735.138121547
20
1704.7513812155
10
2735.1104972376
20
1704.6685082873
72
1
10
2735.1104972376
20
1704.6685082873
11
2695.0
21
1542.8453038674
72
1
10
2695.0
20
1542.8453038674
11
2695.0
21
1542.8453038674
72
4
94
3
73
0
74
0
95
8
96
4
40
0.0
40
0.0
40
0.0
40
0.0
40
1.0
40
1.0
40
1.0
40
1.0
10
2695.0
20
1542.8453038674
10
2694.9449675372
20
1542.6251740161
10
2694.9171270718
20
1542.3931701382
10
2694.9171270718
20
1542.1546961326
72
4
94
3
73
0
74
0
95
8
96
4
40
0.0
40
0.0
40
0.0
40
0.0
40
1.0
40
1.0
40
1.0
40
1.0
10
2694.9171270718
20
1542.1546961326
10
2695.4419889503
20
1517.1270718232
10
2712.4585635359
20
1501.1602209945
10
2735.635359116
20
1494.6961325967
72
1
10
2735.635359116
20
1494.6961325967
11
2735.635359116
21
1494.6961325967
72
4
94
3
73
0
74
0
95
8
96
4
40
0.0
40
0.0
40
0.0
40
0.0
40
1.0
40
1.0
40
1.0
40
1.0
10
2735.635359116
20
1494.6961325967
10
2736.644324466
20
1494.4209602285
10
2737.6836267689
20
1494.272488471
10
2738.729281768
20
1494.2541436464
72
4
94
2
73
0
74
0
95
6
96
3
40
0.0
40
0.0
40
0.0
40
1.0
40
1.0
40
1.0
10
2738.729281768
20
1494.2541436464
10
2786.1602209945
20
1492.9281767956
10
2842.4861878453
20
1493.2320441989
72
4
94
2
73
0
74
0
95
6
96
3
40
0.0
40
0.0
40
0.0
40
1.0
40
1.0
40
1.0
10
2842.4861878453
20
1493.2320441989
10
2854.364640884
20
1493.2872928177
10
2873.4254143646
20
1496.1878453039
72
4
94
3
73
0
74
0
95
8
96
4
40
0.0
40
0.0
40
0.0
40
0.0
40
1.0
40
1.0
40
1.0
40
1.0
10
2873.4254143646
20
1496.1878453039
10
2893.0110497238
20
1499.1436464088
10
2907.6243093923
20
1507.7900552486
10
2921.8784530387
20
1520.138121547
72
4
94
3
73
0
74
0
95
8
96
4
40
0.0
40
0.0
40
0.0
40
0.0
40
1.0
40
1.0
40
1.0
40
1.0
10
2921.8784530387
20
1520.138121547
10
2922.5456425025
20
1520.7099982303
10
2923.4331269318
20
1520.9544796441
10
2924.2987688566
20
1520.8048625213
72
4
94
3
73
0
74
0
95
8
96
4
40
0.0
40
0.0
40
0.0
40
0.0
40
1.0
40
1.0
40
1.0
40
1.0
10
2924.2987688566
20
1520.8048625213
10
2925.1644107814
20
1520.6552453985
10
2925.917875592
20
1520.1271431284
10
2926.3535911602
20
1519.364640884
72
1
10
2926.3535911602
20
1519.364640884
11
2942.9005524862
21
1490.7182320442
72
1
10
2942.9005524862
20
1490.7182320442
11
2942.9005524862
21
1490.7182320442
72
4
94
3
73
0
74
0
95
8
96
4
40
0.0
40
0.0
40
0.0
40
0.0
40
1.0
40
1.0
40
1.0
40
1.0
10
2942.9005524862
20
1490.7182320442
10
2943.27736146
20
1490.0845078611
10
2943.9596423298
20
1489.6961325967
10
2944.6961325967
20
1489.6961325967
72
1
10
2944.6961325967
20
1489.6961325967
11
3013.7016574586
21
1490.773480663
72
1
10
3013.7016574586
20
1490.773480663
11
3013.7016574586
21
1490.773480663
72
4
94
3
73
0
74
0
95
8
96
4
40
0.0
40
0.0
40
0.0
40
0.0
40
1.0
40
1.0
40
1.0
40
1.0
10
3013.7016574586
20
1490.773480663
10
3015.2333987946
20
1490.8075193593
10
3016.6226487137
20
1491.6771261789
10
3017.320441989
20
1493.0386740331
72
1
10
3017.320441989
20
1493.0386740331
11
3040.3867403315
21
1539.2817679558
97
0
75
0
76
1
98
0
0
HATCH
5
5b7
100
AcDbEntity
8
Layer 6
6
ByLayer
370
-1
62
256
100
AcDbHatch
10
0
20
0
30
0
210
0
220
0
230
1
2
FILL_1463
70
1
71
0
91
1
92
0
93
30
72
1
10
4078.7569060773
20
1478.1491712707
11
4078.7569060773
21
1478.1491712707
72
4
94
3
73
0
74
0
95
8
96
4
40
0.0
40
0.0
40
0.0
40
0.0
40
1.0
40
1.0
40
1.0
40
1.0
10
4078.7569060773
20
1478.1491712707
10
4078.3718748895
20
1478.1491712707
10
4078.0134490026
20
1478.3456443714
10
4077.806411107
20
1478.6701902618
72
4
94
3
73
0
74
0
95
8
96
4
40
0.0
40
0.0
40
0.0
40
0.0
40
1.0
40
1.0
40
1.0
40
1.0
10
4077.806411107
20
1478.6701902618
10
4077.5993732114
20
1478.9947361521
10
4077.5723715975
20
1479.4024467015
10
4077.7348066298
20
1479.7513812155
72
4
94
2
73
0
74
0
95
6
96
3
40
0.0
40
0.0
40
0.0
40
1.0
40
1.0
40
1.0
10
4077.7348066298
20
1479.7513812155
10
4162.9834254144
20
1662.5690607735
10
4333.3425414365
20
2025.8287292818
72
4
94
2
73
0
74
0
95
6
96
3
40
0.0
40
0.0
40
0.0
40
1.0
40
1.0
40
1.0
10
4333.3425414365
20
2025.8287292818
10
4360.6077348066
20
2084.0055248619
10
4367.9281767956
20
2102.4585635359
72
1
10
4367.9281767956
20
2102.4585635359
11
4367.9281767956
21
2102.4585635359
72
4
94
3
73
0
74
0
95
8
96
4
40
0.0
40
0.0
40
0.0
40
0.0
40
1.0
40
1.0
40
1.0
40
1.0
10
4367.9281767956
20
2102.4585635359
10
4368.226937236
20
2103.2220624392
10
4368.9767397219
20
2103.7182552608
10
4369.8066298343
20
2103.7016574586
72
1
10
4369.8066298343
20
2103.7016574586
11
4560.5801104972
21
2099.0883977901
72
1
10
4560.5801104972
20
2099.0883977901
11
4560.5801104972
21
2099.0883977901
72
4
94
3
73
0
74
0
95
8
96
4
40
0.0
40
0.0
40
0.0
40
0.0
40
1.0
40
1.0
40
1.0
40
1.0
10
4560.5801104972
20
2099.0883977901
10
4561.0218887541
20
2099.073913257
10
4561.4388713328
20
2098.8805339543
10
4561.7356642576
20
2098.5524996691
72
4
94
3
73
0
74
0
95
8
96
4
40
0.0
40
0.0
40
0.0
40
0.0
40
1.0
40
1.0
40
1.0
40
1.0
10
4561.7356642576
20
2098.5524996691
10
4562.0324571823
20
2098.2244653838
10
4562.1836651986
20
2097.7898445552
10
4562.1546961326
20
2097.3480662983
72
1
10
4562.1546961326
20
2097.3480662983
11
4524.9447513812
21
1483.7845303867
72
1
10
4524.9447513812
20
1483.7845303867
11
4524.9447513812
21
1483.7845303867
72
4
94
3
73
0
74
0
95
8
96
4
40
0.0
40
0.0
40
0.0
40
0.0
40
1.0
40
1.0
40
1.0
40
1.0
10
4524.9447513812
20
1483.7845303867
10
4524.8205144789
20
1481.8122695629
10
4523.1998251337
20
1480.2762430939
10
4521.2430939227
20
1480.2762430939
72
1
10
4521.2430939227
20
1480.2762430939
11
4373.2596685083
21
1479.5027624309
72
1
10
4373.2596685083
20
1479.5027624309
11
4373.2596685083
21
1479.5027624309
72
4
94
3
73
0
74
0
95
8
96
4
40
0.0
40
0.0
40
0.0
40
0.0
40
1.0
40
1.0
40
1.0
40
1.0
10
4373.2596685083
20
1479.5027624309
10
4372.9671141133
20
1479.5027624309
10
4372.687776959
20
1479.624825592
10
4372.4886428138
20
1479.839680854
72
4
94
3
73
0
74
0
95
8
96
4
40
0.0
40
0.0
40
0.0
40
0.0
40
1.0
40
1.0
40
1.0
40
1.0
10
4372.4886428138
20
1479.839680854
10
4372.2895086685
20
1480.054536116
10
4372.1885383322
20
1480.342804721
10
4372.2099447514
20
1480.635359116
72
4
94
2
73
0
74
0
95
6
96
3
40
0.0
40
0.0
40
0.0
40
1.0
40
1.0
40
1.0
10
4372.2099447514
20
1480.635359116
10
4374.8342541436
20
1517.0718232044
10
4375.773480663
20
1533.1491712707
72
4
94
2
73
0
74
0
95
6
96
3
40
0.0
40
0.0
40
0.0
40
1.0
40
1.0
40
1.0
10
4375.773480663
20
1533.1491712707
10
4376.4640883978
20
1545.3314917127
10
4375.5524861878
20
1555.9392265193
72
1
10
4375.5524861878
20
1555.9392265193
11
4375.5524861878
21
1555.9392265193
72
4
94
3
73
0
74
0
95
8
96
4
40
0.0
40
0.0
40
0.0
40
0.0
40
1.0
40
1.0
40
1.0
40
1.0
10
4375.5524861878
20
1555.9392265193
10
4375.3802265327
20
1557.9280425377
10
4373.72914751
20
1559.4594781529
10
4371.7403314917
20
1559.4751381215
72
1
10
4371.7403314917
20
1559.4751381215
11
4267.5966850829
21
1560.2209944751
72
1
10
4267.5966850829
20
1560.2209944751
11
4267.5966850829
21
1560.2209944751
72
4
94
3
73
0
74
0
95
8
96
4
40
0.0
40
0.0
40
0.0
40
0.0
40
1.0
40
1.0
40
1.0
40
1.0
10
4267.5966850829
20
1560.2209944751
10
4266.1804870262
20
1560.2384784018
10
4264.8318161182
20
1559.619915053
10
4263.9226519337
20
1558.5359116022
72
4
94
2
73
0
74
0
95
6
96
3
40
0.0
40
0.0
40
0.0
40
1.0
40
1.0
40
1.0
10
4263.9226519337
20
1558.5359116022
10
4261.9889502762
20
1556.2430939227
10
4259.3370165746
20
1549.9723756906
72
4
94
2
73
0
74
0
95
6
96
3
40
0.0
40
0.0
40
0.0
40
1.0
40
1.0
40
1.0
10
4259.3370165746
20
1549.9723756906
10
4249.9447513812
20
1527.7624309392
10
4231.9613259669
20
1480.9392265193
72
1
10
4231.9613259669
20
1480.9392265193
11
4231.9613259669
21
1480.9392265193
72
4
94
3
73
0
74
0
95
8
96
4
40
0.0
40
0.0
40
0.0
40
0.0
40
1.0
40
1.0
40
1.0
40
1.0
10
4231.9613259669
20
1480.9392265193
10
4231.495414091
20
1479.7245277001
10
4230.3200619402
20
1478.9226519337
10
4229.0055248619
20
1478.9226519337
72
1
10
4229.0055248619
20
1478.9226519337
11
4078.7569060773
21
1478.1491712707
97
0
75
0
76
1
98
0
0
HATCH
5
5e6
100
AcDbEntity
8
Layer 6
6
ByLayer
370
-1
62
256
100
AcDbHatch
10
0
20
0
30
0
210
0
220
0
230
1
2
FILL_1510
70
1
71
0
91
1
92
0
93
46
72
1
10
1844.364640884
20
2097.4585635359
11
1578.3149171271
21
1480.3314917127
72
1
10
1578.3149171271
20
1480.3314917127
11
1578.3149171271
21
1480.3314917127
72
4
94
3
73
0
74
0
95
8
96
4
40
0.0
40
0.0
40
0.0
40
0.0
40
1.0
40
1.0
40
1.0
40
1.0
10
1578.3149171271
20
1480.3314917127
10
1578.0470891286
20
1479.6954002164
10
1577.4266407377
20
1479.2817679558
10
1576.7403314917
20
1479.2817679558
72
1
10
1576.7403314917
20
1479.2817679558
11
1424.1712707182
21
1478.5082872928
72
1
10
1424.1712707182
20
1478.5082872928
11
1424.1712707182
21
1478.5082872928
72
4
94
3
73
0
74
0
95
8
96
4
40
0.0
40
0.0
40
0.0
40
0.0
40
1.0
40
1.0
40
1.0
40
1.0
10
1424.1712707182
20
1478.5082872928
10
1423.5913418016
20
1478.501214989
10
1423.0357015309
20
1478.7431360247
10
1422.6411858079
20
1479.1744732152
72
4
94
3
73
0
74
0
95
8
96
4
40
0.0
40
0.0
40
0.0
40
0.0
40
1.0
40
1.0
40
1.0
40
1.0
10
1422.6411858079
20
1479.1744732152
10
1422.2466700849
20
1479.6058104057
10
1422.0499413868
20
1480.1864794425
10
1422.0994475138
20
1480.773480663
72
1
10
1422.0994475138
20
1480.773480663
11
1446.4640883978
21
1771.408839779
72
4
94
3
73
0
74
0
95
8
96
4
40
0.0
40
0.0
40
0.0
40
0.0
40
1.0
40
1.0
40
1.0
40
1.0
10
1446.4640883978
20
1771.408839779
10
1446.5368917206
20
1772.2957166207
10
1445.9554970255
20
1773.1032912474
10
1445.0911012126
20
1773.3159600585
72
4
94
3
73
0
74
0
95
8
96
4
40
0.0
40
0.0
40
0.0
40
0.0
40
1.0
40
1.0
40
1.0
40
1.0
10
1445.0911012126
20
1773.3159600585
10
1444.2267053996
20
1773.5286288696
10
1443.3342050607
20
1773.0836792117
10
1442.9834254144
20
1772.2651933702
72
1
10
1442.9834254144
20
1772.2651933702
11
1317.2928176796
21
1480.7458563536
72
4
94
3
73
0
74
0
95
8
96
4
40
0.0
40
0.0
40
0.0
40
0.0
40
1.0
40
1.0
40
1.0
40
1.0
10
1317.2928176796
20
1480.7458563536
10
1316.9239753099
20
1479.8908126785
10
1316.0878517805
20
1479.3370165746
10
1315.1657458564
20
1479.3370165746
72
1
10
1315.1657458564
20
1479.3370165746
11
1158.5635359116
21
1478.5359116022
72
4
94
3
73
0
74
0
95
8
96
4
40
0.0
40
0.0
40
0.0
40
0.0
40
1.0
40
1.0
40
1.0
40
1.0
10
1158.5635359116
20
1478.5359116022
10
1158.0984580182
20
1478.5359116022
10
1157.6553662399
20
1478.7344740113
10
1157.3445378407
20
1479.0821803561
72
4
94
3
73
0
74
0
95
8
96
4
40
0.0
40
0.0
40
0.0
40
0.0
40
1.0
40
1.0
40
1.0
40
1.0
10
1157.3445378407
20
1479.0821803561
10
1157.0337094415
20
1479.4298867009
10
1156.8843752142
20
1479.8940381287
10
1156.9337016575
20
1480.3591160221
72
1
10
1156.9337016575
20
1480.3591160221
11
1222.7900552486
21
2099.6961325967
72
1
10
1222.7900552486
20
2099.6961325967
11
1222.7900552486
21
2099.6961325967
72
4
94
3
73
0
74
0
95
8
96
4
40
0.0
40
0.0
40
0.0
40
0.0
40
1.0
40
1.0
40
1.0
40
1.0
10
1222.7900552486
20
2099.6961325967
10
1222.8846837688
20
2100.4689321782
10
1223.5365926837
20
2101.0497237569
10
1224.3093922652
20
2101.0497237569
72
1
10
1224.3093922652
20
2101.0497237569
11
1377.3480662983
21
2099.1988950276
72
1
10
1377.3480662983
20
2099.1988950276
11
1377.3480662983
21
2099.1988950276
72
4
94
3
73
0
74
0
95
8
96
4
40
0.0
40
0.0
40
0.0
40
0.0
40
1.0
40
1.0
40
1.0
40
1.0
10
1377.3480662983
20
2099.1988950276
10
1377.7337591182
20
2099.1988950276
10
1378.1001206029
20
2099.0303050356
10
1378.3500868731
20
2098.7377913151
72
4
94
3
73
0
74
0
95
8
96
4
40
0.0
40
0.0
40
0.0
40
0.0
40
1.0
40
1.0
40
1.0
40
1.0
10
1378.3500868731
20
2098.7377913151
10
1378.6000531434
20
2098.4452775946
10
1378.7083951858
20
2098.0583634591
10
1378.6464088398
20
2097.679558011
72
1
10
1378.6464088398
20
2097.679558011
11
1324.4751381215
21
1749.6132596685
72
1
10
1324.4751381215
20
1749.6132596685
11
1324.4751381215
21
1749.6132596685
72
4
94
3
73
0
74
0
95
8
96
4
40
0.0
40
0.0
40
0.0
40
0.0
40
1.0
40
1.0
40
1.0
40
1.0
10
1324.4751381215
20
1749.6132596685
10
1324.3311188406
20
1748.6701656676
10
1324.7685493149
20
1747.7331347469
10
1325.5840746299
20
1747.2377786296
72
4
94
3
73
0
74
0
95
8
96
4
40
0.0
40
0.0
40
0.0
40
0.0
40
1.0
40
1.0
40
1.0
40
1.0
10
1325.5840746299
20
1747.2377786296
10
1326.3995999449
20
1746.7424225124
10
1327.4332198691
20
1746.7859265244
10
1328.2044198895
20
1747.3480662983
72
4
94
2
73
0
74
0
95
6
96
3
40
0.0
40
0.0
40
0.0
40
1.0
40
1.0
40
1.0
10
1328.2044198895
20
1747.3480662983
10
1328.6187845304
20
1747.6519337017
10
1329.5303867403
20
1749.8895027624
72
4
94
2
73
0
74
0
95
6
96
3
40
0.0
40
0.0
40
0.0
40
1.0
40
1.0
40
1.0
10
1329.5303867403
20
1749.8895027624
10
1420.2486187845
20
1968.3701657459
10
1462.044198895
20
2069.7513812155
72
4
94
2
73
0
74
0
95
6
96
3
40
0.0
40
0.0
40
0.0
40
1.0
40
1.0
40
1.0
10
1462.044198895
20
2069.7513812155
10
1465.773480663
20
2078.8397790055
10
1471.9889502762
20
2095.635359116
72
1
10
1471.9889502762
20
2095.635359116
11
1471.9889502762
21
2095.635359116
72
4
94
3
73
0
74
0
95
8
96
4
40
0.0
40
0.0
40
0.0
40
0.0
40
1.0
40
1.0
40
1.0
40
1.0
10
1471.9889502762
20
2095.635359116
10
1472.3199252312
20
2096.5289914944
10
1473.1948946011
20
2097.1159962616
10
1474.1712707182
20
2097.0994475138
72
1
10
1474.1712707182
20
2097.0994475138
11
1588.8397790055
21
2095.7458563536
72
4
94
3
73
0
74
0
95
8
96
4
40
0.0
40
0.0
40
0.0
40
0.0
40
1.0
40
1.0
40
1.0
40
1.0
10
1588.8397790055
20
2095.7458563536
10
1589.1513571299
20
2095.7387750326
10
1589.4457833229
20
2095.6029043611
10
1589.6508210014
20
2095.3715798007
72
4
94
3
73
0
74
0
95
8
96
4
40
0.0
40
0.0
40
0.0
40
0.0
40
1.0
40
1.0
40
1.0
40
1.0
10
1589.6508210014
20
2095.3715798007
10
1589.8558586799
20
2095.1402552404
10
1589.9525336769
20
2094.8348835437
10
1589.9171270718
20
2094.5303867403
72
1
10
1589.9171270718
20
2094.5303867403
11
1553.3977900552
21
1750.8287292818
72
1
10
1553.3977900552
20
1750.8287292818
11
1553.3977900552
21
1750.8287292818
72
4
94
3
73
0
74
0
95
8
96
4
40
0.0
40
0.0
40
0.0
40
0.0
40
1.0
40
1.0
40
1.0
40
1.0
10
1553.3977900552
20
1750.8287292818
10
1553.2931676576
20
1749.8726970275
10
1553.8307477873
20
1748.9620067531
10
1554.7183404615
20
1748.5916443422
72
4
94
3
73
0
74
0
95
8
96
4
40
0.0
40
0.0
40
0.0
40
0.0
40
1.0
40
1.0
40
1.0
40
1.0
10
1554.7183404615
20
1748.5916443422
10
1555.6059331358
20
1748.2212819314
10
1556.6314806883
20
1748.479731878
10
1557.2375690608
20
1749.226519337
72
4
94
2
73
0
74
0
95
6
96
3
40
0.0
40
0.0
40
0.0
40
1.0
40
1.0
40
1.0
10
1557.2375690608
20
1749.226519337
10
1559.0331491713
20
1751.4640883978
10
1561.408839779
20
1757.7900552486
72
4
94
2
73
0
74
0
95
6
96
3
40
0.0
40
0.0
40
0.0
40
1.0
40
1.0
40
1.0
10
1561.408839779
20
1757.7900552486
10
1615.3591160221
20
1901.0497237569
10
1689.5580110497
20
2100.7182320442
72
4
94
3
73
0
74
0
95
8
96
4
40
0.0
40
0.0
40
0.0
40
0.0
40
1.0
40
1.0
40
1.0
40
1.0
10
1689.5580110497
20
2100.7182320442
10
1689.8559960706
20
2101.5128587666
10
1690.6308670913
20
2102.033129309
10
1691.4917127072
20
2102.0165745856
72
1
10
1691.4917127072
20
2102.0165745856
11
1843.8121546961
21
2098.3425414365
72
1
10
1843.8121546961
20
2098.3425414365
11
1843.8121546961
21
2098.3425414365
72
4
94
3
73
0
74
0
95
8
96
4
40
0.0
40
0.0
40
0.0
40
0.0
40
1.0
40
1.0
40
1.0
40
1.0
10
1843.8121546961
20
2098.3425414365
10
1844.018478364
20
2098.3362892041
10
1844.2077186774
20
2098.2270119029
10
1844.3181193197
20
2098.0503708751
72
4
94
3
73
0
74
0
95
8
96
4
40
0.0
40
0.0
40
0.0
40
0.0
40
1.0
40
1.0
40
1.0
40
1.0
10
1844.3181193197
20
2098.0503708751
10
1844.4285199621
20
2097.8737298473
10
1844.4459199047
20
2097.6523827391
10
1844.364640884
20
2097.4585635359
72
1
10
1844.364640884
20
2097.4585635359
11
1844.364640884
21
2097.4585635359
97
0
75
0
76
1
98
0
0
HATCH
5
5f5
100
AcDbEntity
8
Layer 6
6
ByLayer
370
-1
62
256
100
AcDbHatch
10
0
20
0
30
0
210
0
220
0
230
1
2
FILL_1525
70
1
71
0
91
1
92
0
93
14
72
1
10
4570.6077348066
20
1478.2044198895
11
4570.6077348066
21
1478.2044198895
72
4
94
3
73
0
74
0
95
8
96
4
40
0.0
40
0.0
40
0.0
40
0.0
40
1.0
40
1.0
40
1.0
40
1.0
10
4570.6077348066
20
1478.2044198895
10
4570.557784143
20
1478.1981760565
10
4570.5081170451
20
1478.2175529558
10
4570.4749807549
20
1478.2562119611
72
4
94
3
73
0
74
0
95
8
96
4
40
0.0
40
0.0
40
0.0
40
0.0
40
1.0
40
1.0
40
1.0
40
1.0
10
4570.4749807549
20
1478.2562119611
10
4570.4418444646
20
1478.2948709664
10
4570.4295012844
20
1478.3478393916
10
4570.4419889503
20
1478.3977900552
72
4
94
2
73
0
74
0
95
6
96
3
40
0.0
40
0.0
40
0.0
40
1.0
40
1.0
40
1.0
10
4570.4419889503
20
1478.3977900552
10
4576.270718232
20
1502.0994475138
10
4709.3922651934
20
2028.2596685083
72
4
94
2
73
0
74
0
95
6
96
3
40
0.0
40
0.0
40
0.0
40
1.0
40
1.0
40
1.0
10
4709.3922651934
20
2028.2596685083
10
4719.7790055249
20
2069.364640884
10
4725.9944751381
20
2100.0276243094
72
1
10
4725.9944751381
20
2100.0276243094
11
4725.9944751381
21
2100.0276243094
72
4
94
3
73
0
74
0
95
8
96
4
40
0.0
40
0.0
40
0.0
40
0.0
40
1.0
40
1.0
40
1.0
40
1.0
10
4725.9944751381
20
2100.0276243094
10
4726.0904946856
20
2100.459712273
10
4726.4739893845
20
2100.7618596115
10
4726.9060773481
20
2100.7458563536
72
1
10
4726.9060773481
20
2100.7458563536
11
4873.0386740331
21
2097.2099447514
72
4
94
3
73
0
74
0
95
8
96
4
40
0.0
40
0.0
40
0.0
40
0.0
40
1.0
40
1.0
40
1.0
40
1.0
10
4873.0386740331
20
2097.2099447514
10
4873.381177005
20
2097.2032290068
10
4873.702491126
20
2097.0429617258
10
4873.9120247984
20
2096.7743288125
72
4
94
3
73
0
74
0
95
8
96
4
40
0.0
40
0.0
40
0.0
40
0.0
40
1.0
40
1.0
40
1.0
40
1.0
10
4873.9120247984
20
2096.7743288125
10
4874.1215584708
20
2096.5056958991
10
4874.196611034
20
2096.1578007645
10
4874.1160220994
20
2095.8287292818
72
1
10
4874.1160220994
20
2095.8287292818
11
4716.8784530387
21
1484.4198895028
72
1
10
4716.8784530387
20
1484.4198895028
11
4716.8784530387
21
1484.4198895028
72
4
94
3
73
0
74
0
95
8
96
4
40
0.0
40
0.0
40
0.0
40
0.0
40
1.0
40
1.0
40
1.0
40
1.0
10
4716.8784530387
20
1484.4198895028
10
4716.5513521756
20
1483.1605511801
10
4715.4356948179
20
1482.2702791471
10
4714.1436464088
20
1482.2375690608
72
1
10
4714.1436464088
20
1482.2375690608
11
4570.6077348066
21
1478.2044198895
97
0
75
0
76
1
98
0
0
HATCH
5
61d
100
AcDbEntity
8
Layer 6
6
ByLayer
370
-1
62
256
100
AcDbHatch
10
0
20
0
30
0
210
0
220
0
230
1
2
FILL_1565
70
1
71
0
91
1
92
0
93
39
72
1
10
5111.9613259669
20
1837.2099447514
11
5111.9613259669
21
1837.2099447514
72
4
94
3
73
0
74
0
95
8
96
4
40
0.0
40
0.0
40
0.0
40
0.0
40
1.0
40
1.0
40
1.0
40
1.0
10
5111.9613259669
20
1837.2099447514
10
5112.1140039371
20
1836.5310150541
10
5112.7071910803
20
1836.0429263535
10
5113.403355899
20
1836.0234077137
72
4
94
3
73
0
74
0
95
8
96
4
40
0.0
40
0.0
40
0.0
40
0.0
40
1.0
40
1.0
40
1.0
40
1.0
10
5113.403355899
20
1836.0234077137
10
5114.0995207176
20
1836.0038890739
10
5114.7222190247
20
1836.4578875282
10
5114.9171270718
20
1837.1270718232
72
4
94
2
73
0
74
0
95
6
96
3
40
0.0
40
0.0
40
0.0
40
1.0
40
1.0
40
1.0
10
5114.9171270718
20
1837.1270718232
10
5125.2209944751
20
1872.7900552486
10
5134.8895027624
20
1913.5082872928
72
4
94
2
73
0
74
0
95
6
96
3
40
0.0
40
0.0
40
0.0
40
1.0
40
1.0
40
1.0
10
5134.8895027624
20
1913.5082872928
10
5169.226519337
20
2058.0662983425
10
5178.5359116022
20
2097.4309392265
72
1
10
5178.5359116022
20
2097.4309392265
11
5178.5359116022
21
2097.4309392265
72
4
94
3
73
0
74
0
95
8
96
4
40
0.0
40
0.0
40
0.0
40
0.0
40
1.0
40
1.0
40
1.0
40
1.0
10
5178.5359116022
20
2097.4309392265
10
5178.7624138783
20
2098.4016632671
10
5179.6322776075
20
2099.0883977901
10
5180.635359116
20
2099.0883977901
72
1
10
5180.635359116
20
2099.0883977901
11
5326.6298342541
21
2097.320441989
72
1
10
5326.6298342541
20
2097.320441989
11
5326.6298342541
21
2097.320441989
72
4
94
3
73
0
74
0
95
8
96
4
40
0.0
40
0.0
40
0.0
40
0.0
40
1.0
40
1.0
40
1.0
40
1.0
10
5326.6298342541
20
2097.320441989
10
5327.0084131735
20
2097.3204419889
10
5327.3653238468
20
2097.143812692
10
5327.5973561193
20
2096.8416311279
72
4
94
3
73
0
74
0
95
8
96
4
40
0.0
40
0.0
40
0.0
40
0.0
40
1.0
40
1.0
40
1.0
40
1.0
10
5327.5973561193
20
2096.8416311279
10
5327.8293883917
20
2096.5394495638
10
5327.910663854
20
2096.1454178469
10
5327.817679558
20
2095.773480663
72
1
10
5327.817679558
20
2095.773480663
11
5173.7845303867
21
1480.2209944751
72
1
10
5173.7845303867
20
1480.2209944751
11
5173.7845303867
21
1480.2209944751
72
4
94
3
73
0
74
0
95
8
96
4
40
0.0
40
0.0
40
0.0
40
0.0
40
1.0
40
1.0
40
1.0
40
1.0
10
5173.7845303867
20
1480.2209944751
10
5173.4596201538
20
1478.9375990551
10
5172.2989827837
20
1478.0386740331
10
5170.9668508287
20
1478.0386740331
72
1
10
5170.9668508287
20
1478.0386740331
11
5019.4475138122
21
1478.1491712707
72
1
10
5019.4475138122
20
1478.1491712707
11
5019.4475138122
21
1478.1491712707
72
4
94
3
73
0
74
0
95
8
96
4
40
0.0
40
0.0
40
0.0
40
0.0
40
1.0
40
1.0
40
1.0
40
1.0
10
5019.4475138122
20
1478.1491712707
10
5018.5800816069
20
1478.1491712707
10
5017.8641491404
20
1478.8287003914
10
5017.817679558
20
1479.6961325967
72
4
94
2
73
0
74
0
95
6
96
3
40
0.0
40
0.0
40
0.0
40
1.0
40
1.0
40
1.0
10
5017.817679558
20
1479.6961325967
10
5017.7071823204
20
1482.320441989
10
5005.8011049724
20
1702.0165745856
72
4
94
2
73
0
74
0
95
6
96
3
40
0.0
40
0.0
40
0.0
40
1.0
40
1.0
40
1.0
10
5005.8011049724
20
1702.0165745856
10
5003.9502762431
20
1736.1325966851
10
5002.0994475138
20
1751.7403314917
72
4
94
2
73
0
74
0
95
6
96
3
40
0.0
40
0.0
40
0.0
40
1.0
40
1.0
40
1.0
10
5002.0994475138
20
1751.7403314917
10
5001.6850828729
20
1755.0
10
5001.2430939227
20
1756.7679558011
72
1
10
5001.2430939227
20
1756.7679558011
11
5001.2430939227
21
1756.7679558011
72
4
94
3
73
0
74
0
95
8
96
4
40
0.0
40
0.0
40
0.0
40
0.0
40
1.0
40
1.0
40
1.0
40
1.0
10
5001.2430939227
20
1756.7679558011
10
5001.0554562534
20
1757.4705061441
10
5000.4530343888
20
1757.9835086479
10
4999.7292250588
20
1758.0571163763
72
4
94
3
73
0
74
0
95
8
96
4
40
0.0
40
0.0
40
0.0
40
0.0
40
1.0
40
1.0
40
1.0
40
1.0
10
4999.7292250588
20
1758.0571163763
10
4999.0054157289
20
1758.1307241048
10
4998.3107004189
20
1757.7496338561
10
4997.9834254144
20
1757.0994475138
72
4
94
2
73
0
74
0
95
6
96
3
40
0.0
40
0.0
40
0.0
40
1.0
40
1.0
40
1.0
10
4997.9834254144
20
1757.0994475138
10
4995.7182320442
20
1752.5138121547
10
4992.679558011
20
1741.3812154696
72
4
94
2
73
0
74
0
95
6
96
3
40
0.0
40
0.0
40
0.0
40
1.0
40
1.0
40
1.0
10
4992.679558011
20
1741.3812154696
10
4964.3922651934
20
1637.7348066298
10
4923.2596685083
20
1480.0828729282
72
4
94
3
73
0
74
0
95
8
96
4
40
0.0
40
0.0
40
0.0
40
0.0
40
1.0
40
1.0
40
1.0
40
1.0
10
4923.2596685083
20
1480.0828729282
10
4922.9816609736
20
1479.0526097114
10
4922.0574451237
20
1478.3312705115
10
4920.9944751381
20
1478.3149171271
72
1
10
4920.9944751381
20
1478.3149171271
11
4783.7569060773
21
1477.6243093923
72
1
10
4783.7569060773
20
1477.6243093923
11
4783.7569060773
21
1477.6243093923
72
4
94
3
73
0
74
0
95
8
96
4
40
0.0
40
0.0
40
0.0
40
0.0
40
1.0
40
1.0
40
1.0
40
1.0
10
4783.7569060773
20
1477.6243093923
10
4783.4396080468
20
1477.6243093923
10
4783.1398521539
20
1477.7699245823
10
4782.9452346273
20
1478.0186025329
72
4
94
3
73
0
74
0
95
8
96
4
40
0.0
40
0.0
40
0.0
40
0.0
40
1.0
40
1.0
40
1.0
40
1.0
10
4782.9452346273
20
1478.0186025329
10
4782.7506171008
20
1478.2672804834
10
4782.6831064316
20
1478.590950345
10
4782.7624309392
20
1478.8950276243
72
1
10
4782.7624309392
20
1478.8950276243
11
4942.7348066298
21
2101.0497237569
72
1
10
4942.7348066298
20
2101.0497237569
11
4942.7348066298
21
2101.0497237569
72
4
94
3
73
0
74
0
95
8
96
4
40
0.0
40
0.0
40
0.0
40
0.0
40
1.0
40
1.0
40
1.0
40
1.0
10
4942.7348066298
20
2101.0497237569
10
4942.8159795743
20
2101.3744155349
10
4943.1007225867
20
2101.6022099448
10
4943.4254143646
20
2101.6022099448
72
1
10
4943.4254143646
20
2101.6022099448
11
5091.3259668508
21
2099.5027624309
72
1
10
5091.3259668508
20
2099.5027624309
11
5091.3259668508
21
2099.5027624309
72
4
94
3
73
0
74
0
95
8
96
4
40
0.0
40
0.0
40
0.0
40
0.0
40
1.0
40
1.0
40
1.0
40
1.0
10
5091.3259668508
20
2099.5027624309
10
5091.3625989627
20
2099.5027624309
10
5091.3977307186
20
2099.4882103812
10
5091.4236335333
20
2099.4623075665
72
4
94
3
73
0
74
0
95
8
96
4
40
0.0
40
0.0
40
0.0
40
0.0
40
1.0
40
1.0
40
1.0
40
1.0
10
5091.4236335333
20
2099.4623075665
10
5091.449536348
20
2099.4364047518
10
5091.4640883978
20
2099.4012729958
10
5091.4640883978
20
2099.364640884
72
4
94
2
73
0
74
0
95
6
96
3
40
0.0
40
0.0
40
0.0
40
1.0
40
1.0
40
1.0
10
5091.4640883978
20
2099.364640884
10
5097.2375690608
20
2010.0276243094
10
5109.5303867403
20
1849.9171270718
72
4
94
3
73
0
74
0
95
8
96
4
40
0.0
40
0.0
40
0.0
40
0.0
40
1.0
40
1.0
40
1.0
40
1.0
10
5109.5303867403
20
1849.9171270718
10
5109.9171270718
20
1844.8895027624
10
5111.1325966851
20
1840.8839779006
10
5111.9613259669
20
1837.2099447514
97
0
75
0
76
1
98
0
0
HATCH
5
655
100
AcDbEntity
8
Layer 6
6
ByLayer
370
-1
62
256
100
AcDbHatch
10
0
20
0
30
0
210
0
220
0
230
1
2
FILL_1621
70
1
71
0
91
1
92
0
93
55
72
1
10
464.6685082873
20
1667.6243093923
11
464.6685082873
21
1667.6243093923
72
4
94
3
73
0
74
0
95
8
96
4
40
0.0
40
0.0
40
0.0
40
0.0
40
1.0
40
1.0
40
1.0
40
1.0
10
464.6685082873
20
1667.6243093923
10
464.8685028782
20
1667.6243093923
10
465.0575744886
20
1667.5331022647
10
465.1815043789
20
1667.3768428378
72
4
94
3
73
0
74
0
95
8
96
4
40
0.0
40
0.0
40
0.0
40
0.0
40
1.0
40
1.0
40
1.0
40
1.0
10
465.1815043789
20
1667.3768428378
10
465.3054342692
20
1667.2205834109
10
465.3505328079
20
1667.0165325245
10
465.3038674033
20
1666.8232044199
72
1
10
465.3038674033
20
1666.8232044199
11
451.0220994475
21
1605.4419889503
72
1
10
451.0220994475
20
1605.4419889503
11
451.0220994475
21
1605.4419889503
72
4
94
3
73
0
74
0
95
8
96
4
40
0.0
40
0.0
40
0.0
40
0.0
40
1.0
40
1.0
40
1.0
40
1.0
10
451.0220994475
20
1605.4419889503
10
450.781010025
20
1604.3972681195
10
451.0291485262
20
1603.2996284345
10
451.6960967471
20
1602.4605645437
72
4
94
3
73
0
74
0
95
8
96
4
40
0.0
40
0.0
40
0.0
40
0.0
40
1.0
40
1.0
40
1.0
40
1.0
10
451.6960967471
20
1602.4605645437
10
452.363044968
20
1601.6215006529
10
453.3760052678
20
1601.1325966851
10
454.4475138122
20
1601.1325966851
72
1
10
454.4475138122
20
1601.1325966851
11
523.4806629834
21
1601.4917127072
72
4
94
3
73
0
74
0
95
8
96
4
40
0.0
40
0.0
40
0.0
40
0.0
40
1.0
40
1.0
40
1.0
40
1.0
10
523.4806629834
20
1601.4917127072
10
524.9510361734
20
1601.4917127072
10
526.2238023831
20
1602.5007525852
10
526.546961326
20
1603.9226519337
72
1
10
526.546961326
20
1603.9226519337
11
553.9779005525
21
1721.8232044199
72
4
94
3
73
0
74
0
95
8
96
4
40
0.0
40
0.0
40
0.0
40
0.0
40
1.0
40
1.0
40
1.0
40
1.0
10
553.9779005525
20
1721.8232044199
10
554.3302456222
20
1723.3206709662
10
553.9880745618
20
1724.8973123164
10
553.0458337438
20
1726.1179424671
72
4
94
3
73
0
74
0
95
8
96
4
40
0.0
40
0.0
40
0.0
40
0.0
40
1.0
40
1.0
40
1.0
40
1.0
10
553.0458337438
20
1726.1179424671
10
552.1035929257
20
1727.3385726177
10
550.6609197129
20
1728.0741158942
10
549.1160220994
20
1728.1215469613
72
4
94
2
73
0
74
0
95
6
96
3
40
0.0
40
0.0
40
0.0
40
1.0
40
1.0
40
1.0
10
549.1160220994
20
1728.1215469613
10
473.7016574586
20
1730.2762430939
10
422.5966850829
20
1731.1325966851
72
4
94
3
73
0
74
0
95
8
96
4
40
0.0
40
0.0
40
0.0
40
0.0
40
1.0
40
1.0
40
1.0
40
1.0
10
422.5966850829
20
1731.1325966851
10
415.5801104972
20
1731.2430939227
10
407.817679558
20
1733.2044198895
10
403.5359116022
20
1734.364640884
72
4
94
3
73
0
74
0
95
8
96
4
40
0.0
40
0.0
40
0.0
40
0.0
40
1.0
40
1.0
40
1.0
40
1.0
10
403.5359116022
20
1734.364640884
10
372.8729281768
20
1742.679558011
10
347.9834254144
20
1769.1712707182
10
356.9337016575
20
1802.320441989
72
4
94
2
73
0
74
0
95
6
96
3
40
0.0
40
0.0
40
0.0
40
1.0
40
1.0
40
1.0
10
356.9337016575
20
1802.320441989
10
387.1546961326
20
1914.2541436464
10
414.8066298343
20
2021.9337016575
72
4
94
3
73
0
74
0
95
8
96
4
40
0.0
40
0.0
40
0.0
40
0.0
40
1.0
40
1.0
40
1.0
40
1.0
10
414.8066298343
20
2021.9337016575
10
423.5635359116
20
2055.9668508287
10
451.1325966851
20
2084.1160220994
10
484.5580110497
20
2094.9447513812
72
4
94
2
73
0
74
0
95
6
96
3
40
0.0
40
0.0
40
0.0
40
1.0
40
1.0
40
1.0
10
484.5580110497
20
2094.9447513812
10
496.270718232
20
2098.7569060773
10
521.3259668508
20
2099.0055248619
72
4
94
2
73
0
74
0
95
6
96
3
40
0.0
40
0.0
40
0.0
40
1.0
40
1.0
40
1.0
10
521.3259668508
20
2099.0055248619
10
687.0165745856
20
2100.6906077348
10
731.270718232
20
2101.1878453039
72
4
94
2
73
0
74
0
95
6
96
3
40
0.0
40
0.0
40
0.0
40
1.0
40
1.0
40
1.0
10
731.270718232
20
2101.1878453039
10
745.6906077348
20
2101.3259668508
10
765.7458563536
20
2091.6850828729
72
4
94
3
73
0
74
0
95
8
96
4
40
0.0
40
0.0
40
0.0
40
0.0
40
1.0
40
1.0
40
1.0
40
1.0
10
765.7458563536
20
2091.6850828729
10
793.4806629834
20
2078.3701657459
10
797.817679558
20
2047.4033149171
10
789.5856353591
20
2019.0331491713
72
4
94
2
73
0
74
0
95
6
96
3
40
0.0
40
0.0
40
0.0
40
1.0
40
1.0
40
1.0
10
789.5856353591
20
2019.0331491713
10
768.1215469613
20
1945.0
10
757.7624309392
20
1906.546961326
72
1
10
757.7624309392
20
1906.546961326
11
757.7624309392
21
1906.546961326
72
4
94
3
73
0
74
0
95
8
96
4
40
0.0
40
0.0
40
0.0
40
0.0
40
1.0
40
1.0
40
1.0
40
1.0
10
757.7624309392
20
1906.546961326
10
757.550486999
20
1905.7643990853
10
756.8485893776
20
1905.2209944751
10
756.0497237569
20
1905.2209944751
72
1
10
756.0497237569
20
1905.2209944751
11
611.2983425414
21
1904.5027624309
72
1
10
611.2983425414
20
1904.5027624309
11
611.2983425414
21
1904.5027624309
72
4
94
3
73
0
74
0
95
8
96
4
40
0.0
40
0.0
40
0.0
40
0.0
40
1.0
40
1.0
40
1.0
40
1.0
10
611.2983425414
20
1904.5027624309
10
610.9641861484
20
1904.4962103448
10
610.646767731
20
1904.6485193111
10
610.4406352013
20
1904.9143217837
72
4
94
3
73
0
74
0
95
8
96
4
40
0.0
40
0.0
40
0.0
40
0.0
40
1.0
40
1.0
40
1.0
40
1.0
10
610.4406352013
20
1904.9143217837
10
610.2345026715
20
1905.1801242563
10
610.1634416647
20
1905.5287492842
10
610.2486187845
20
1905.8563535912
72
1
10
610.2486187845
20
1905.8563535912
11
627.1270718232
21
1971.5745856354
72
1
10
627.1270718232
20
1971.5745856354
11
627.1270718232
21
1971.5745856354
72
4
94
3
73
0
74
0
95
8
96
4
40
0.0
40
0.0
40
0.0
40
0.0
40
1.0
40
1.0
40
1.0
40
1.0
10
627.1270718232
20
1971.5745856354
10
627.455375913
20
1972.8543015771
10
627.1829746787
20
1974.2138687566
10
626.3870875453
20
1975.2678814468
72
4
94
3
73
0
74
0
95
8
96
4
40
0.0
40
0.0
40
0.0
40
0.0
40
1.0
40
1.0
40
1.0
40
1.0
10
626.3870875453
20
1975.2678814468
10
625.5912004119
20
1976.321894137
10
624.3585904757
20
1976.9554498589
10
623.0386740331
20
1976.9889502762
72
4
94
2
73
0
74
0
95
6
96
3
40
0.0
40
0.0
40
0.0
40
1.0
40
1.0
40
1.0
10
623.0386740331
20
1976.9889502762
10
591.6022099448
20
1977.8453038674
10
562.7624309392
20
1978.7569060773
72
4
94
2
73
0
74
0
95
6
96
3
40
0.0
40
0.0
40
0.0
40
1.0
40
1.0
40
1.0
10
562.7624309392
20
1978.7569060773
10
553.8950276243
20
1979.0331491713
10
551.7127071823
20
1970.9116022099
72
4
94
2
73
0
74
0
95
6
96
3
40
0.0
40
0.0
40
0.0
40
1.0
40
1.0
40
1.0
10
551.7127071823
20
1970.9116022099
10
530.1933701657
20
1890.3314917127
10
521.8232044199
20
1856.4364640884
72
4
94
2
73
0
74
0
95
6
96
3
40
0.0
40
0.0
40
0.0
40
1.0
40
1.0
40
1.0
10
521.8232044199
20
1856.4364640884
10
521.7403314917
20
1856.1325966851
10
521.7679558011
20
1854.5303867403
72
1
10
521.7679558011
20
1854.5303867403
11
521.7679558011
21
1854.5303867403
72
4
94
3
73
0
74
0
95
8
96
4
40
0.0
40
0.0
40
0.0
40
0.0
40
1.0
40
1.0
40
1.0
40
1.0
10
521.7679558011
20
1854.5303867403
10
521.7833236392
20
1852.7016140067
10
523.2541001946
20
1851.2185809801
10
525.0828729282
20
1851.1878453039
72
4
94
2
73
0
74
0
95
6
96
3
40
0.0
40
0.0
40
0.0
40
1.0
40
1.0
40
1.0
10
525.0828729282
20
1851.1878453039
10
578.5635359116
20
1850.4972375691
10
658.729281768
20
1850.0
72
4
94
2
73
0
74
0
95
6
96
3
40
0.0
40
0.0
40
0.0
40
1.0
40
1.0
40
1.0
10
658.729281768
20
1850.0
10
670.6906077348
20
1849.9171270718
10
689.4751381215
20
1841.4364640884
72
4
94
2
73
0
74
0
95
6
96
3
40
0.0
40
0.0
40
0.0
40
1.0
40
1.0
40
1.0
10
689.4751381215
20
1841.4364640884
10
708.729281768
20
1832.7071823204
10
717.2928176796
20
1816.1049723757
72
4
94
3
73
0
74
0
95
8
96
4
40
0.0
40
0.0
40
0.0
40
0.0
40
1.0
40
1.0
40
1.0
40
1.0
10
717.2928176796
20
1816.1049723757
10
725.6906077348
20
1799.8342541436
10
723.3425414365
20
1786.270718232
10
718.2044198895
20
1767.817679558
72
4
94
2
73
0
74
0
95
6
96
3
40
0.0
40
0.0
40
0.0
40
1.0
40
1.0
40
1.0
10
718.2044198895
20
1767.817679558
10
690.7182320442
20
1669.1436464088
10
653.591160221
20
1529.3370165746
72
1
10
653.591160221
20
1529.3370165746
11
653.591160221
21
1529.3370165746
72
4
94
3
73
0
74
0
95
8
96
4
40
0.0
40
0.0
40
0.0
40
0.0
40
1.0
40
1.0
40
1.0
40
1.0
10
653.591160221
20
1529.3370165746
10
653.2250514438
20
1528.000719538
10
652.6566003412
20
1526.7333531452
10
651.9060773481
20
1525.5801104972
72
4
94
3
73
0
74
0
95
8
96
4
40
0.0
40
0.0
40
0.0
40
0.0
40
1.0
40
1.0
40
1.0
40
1.0
10
651.9060773481
20
1525.5801104972
10
636.2983425414
20
1501.8784530387
10
611.0497237569
20
1487.5690607735
10
583.5359116022
20
1481.6850828729
72
4
94
2
73
0
74
0
95
6
96
3
40
0.0
40
0.0
40
0.0
40
1.0
40
1.0
40
1.0
10
583.5359116022
20
1481.6850828729
10
574.226519337
20
1479.6961325967
10
547.679558011
20
1480.3038674033
72
4
94
2
73
0
74
0
95
6
96
3
40
0.0
40
0.0
40
0.0
40
1.0
40
1.0
40
1.0
10
547.679558011
20
1480.3038674033
10
450.5248618785
20
1482.5138121547
10
329.5580110497
20
1483.6740331492
72
4
94
2
73
0
74
0
95
6
96
3
40
0.0
40
0.0
40
0.0
40
1.0
40
1.0
40
1.0
10
329.5580110497
20
1483.6740331492
10
324.3370165746
20
1483.729281768
10
314.4475138122
20
1488.591160221
72
4
94
3
73
0
74
0
95
8
96
4
40
0.0
40
0.0
40
0.0
40
0.0
40
1.0
40
1.0
40
1.0
40
1.0
10
314.4475138122
20
1488.591160221
10
299.7513812155
20
1495.8011049724
10
290.6906077348
20
1512.0718232044
10
287.817679558
20
1527.8729281768
72
4
94
2
73
0
74
0
95
6
96
3
40
0.0
40
0.0
40
0.0
40
1.0
40
1.0
40
1.0
10
287.817679558
20
1527.8729281768
10
286.1049723757
20
1537.4585635359
10
289.861878453
20
1553.4254143646
72
4
94
2
73
0
74
0
95
6
96
3
40
0.0
40
0.0
40
0.0
40
1.0
40
1.0
40
1.0
10
289.861878453
20
1553.4254143646
10
301.4640883978
20
1602.4309392265
10
315.5248618785
20
1667.7900552486
72
1
10
315.5248618785
20
1667.7900552486
11
315.5248618785
21
1667.7900552486
72
4
94
3
73
0
74
0
95
8
96
4
40
0.0
40
0.0
40
0.0
40
0.0
40
1.0
40
1.0
40
1.0
40
1.0
10
315.5248618785
20
1667.7900552486
10
315.7338078966
20
1668.7383487157
10
316.5770702263
20
1669.408337964
10
317.5414364641
20
1669.3922651934
72
1
10
317.5414364641
20
1669.3922651934
11
464.6685082873
21
1667.6243093923
97
0
75
0
76
1
98
0
0
HATCH
5
67c
100
AcDbEntity
8
Layer 6
6
ByLayer
370
-1
62
256
100
AcDbHatch
10
0
20
0
30
0
210
0
220
0
230
1
2
FILL_1660
70
1
71
0
91
1
92
0
93
38
72
1
10
1085.8839779006
20
1849.1712707182
11
1085.8839779006
21
1849.1712707182
72
4
94
3
73
0
74
0
95
8
96
4
40
0.0
40
0.0
40
0.0
40
0.0
40
1.0
40
1.0
40
1.0
40
1.0
10
1085.8839779006
20
1849.1712707182
10
1086.2329320282
20
1849.1644284804
10
1086.560914979
20
1849.0033194724
10
1086.7795545996
20
1848.7313531151
72
4
94
3
73
0
74
0
95
8
96
4
40
0.0
40
0.0
40
0.0
40
0.0
40
1.0
40
1.0
40
1.0
40
1.0
10
1086.7795545996
20
1848.7313531151
10
1086.9981942202
20
1848.4593867578
10
1087.0849969636
20
1848.104542829
10
1087.0165745856
20
1847.7624309392
72
1
10
1087.0165745856
20
1847.7624309392
11
1063.2596685083
21
1727.9834254144
72
1
10
1063.2596685083
20
1727.9834254144
11
1063.2596685083
21
1727.9834254144
72
4
94
3
73
0
74
0
95
8
96
4
40
0.0
40
0.0
40
0.0
40
0.0
40
1.0
40
1.0
40
1.0
40
1.0
10
1063.2596685083
20
1727.9834254144
10
1063.0669209831
20
1727.0196877886
10
1062.2113318265
20
1726.3259668508
10
1061.2154696133
20
1726.3259668508
72
1
10
1061.2154696133
20
1726.3259668508
11
931.0220994475
21
1725.6629834254
72
4
94
3
73
0
74
0
95
8
96
4
40
0.0
40
0.0
40
0.0
40
0.0
40
1.0
40
1.0
40
1.0
40
1.0
10
931.0220994475
20
1725.6629834254
10
928.9900510813
20
1725.6467270385
10
927.2280230996
20
1724.2598404981
10
926.7403314917
20
1722.2928176796
72
1
10
926.7403314917
20
1722.2928176796
11
898.1767955801
21
1608.1491712707
72
1
10
898.1767955801
20
1608.1491712707
11
898.1767955801
21
1608.1491712707
72
4
94
3
73
0
74
0
95
8
96
4
40
0.0
40
0.0
40
0.0
40
0.0
40
1.0
40
1.0
40
1.0
40
1.0
10
898.1767955801
20
1608.1491712707
10
897.8722100794
20
1606.9374506918
10
898.1429041747
20
1605.652969595
10
898.9100646686
20
1604.6697075535
72
4
94
3
73
0
74
0
95
8
96
4
40
0.0
40
0.0
40
0.0
40
0.0
40
1.0
40
1.0
40
1.0
40
1.0
10
898.9100646686
20
1604.6697075535
10
899.6772251624
20
1603.6864455121
10
900.8546198152
20
1603.1149255374
10
902.0994475138
20
1603.1215469613
72
1
10
902.0994475138
20
1603.1215469613
11
1056.8508287293
21
1603.8950276243
72
1
10
1056.8508287293
20
1603.8950276243
11
1056.8508287293
21
1603.8950276243
72
4
94
3
73
0
74
0
95
8
96
4
40
0.0
40
0.0
40
0.0
40
0.0
40
1.0
40
1.0
40
1.0
40
1.0
10
1056.8508287293
20
1603.8950276243
10
1057.2051939979
20
1603.8950276243
10
1057.5365534515
20
1603.7195217973
10
1057.7356806048
20
1603.4263623772
72
4
94
3
73
0
74
0
95
8
96
4
40
0.0
40
0.0
40
0.0
40
0.0
40
1.0
40
1.0
40
1.0
40
1.0
10
1057.7356806048
20
1603.4263623772
10
1057.934807758
20
1603.1332029571
10
1057.9758594927
20
1602.760436757
10
1057.8453038674
20
1602.4309392265
72
1
10
1057.8453038674
20
1602.4309392265
11
1010.773480663
21
1484.1436464088
72
1
10
1010.773480663
20
1484.1436464088
11
1010.773480663
21
1484.1436464088
72
4
94
3
73
0
74
0
95
8
96
4
40
0.0
40
0.0
40
0.0
40
0.0
40
1.0
40
1.0
40
1.0
40
1.0
10
1010.773480663
20
1484.1436464088
10
1010.3899580219
20
1483.1765023575
10
1009.4592580058
20
1482.5414364641
10
1008.4254143646
20
1482.5414364641
72
1
10
1008.4254143646
20
1482.5414364641
11
707.4033149171
21
1480.9944751381
72
4
94
3
73
0
74
0
95
8
96
4
40
0.0
40
0.0
40
0.0
40
0.0
40
1.0
40
1.0
40
1.0
40
1.0
10
707.4033149171
20
1480.9944751381
10
707.0402671083
20
1480.9944751381
10
706.6976369471
20
1481.1624334393
10
706.4758655793
20
1481.4491135001
72
4
94
3
73
0
74
0
95
8
96
4
40
0.0
40
0.0
40
0.0
40
0.0
40
1.0
40
1.0
40
1.0
40
1.0
10
706.4758655793
20
1481.4491135001
10
706.2540942116
20
1481.7357935608
10
706.1783060625
20
1482.1087174656
10
706.270718232
20
1482.4585635359
72
1
10
706.270718232
20
1482.4585635359
11
871.5193370166
21
2100.1933701657
72
1
10
871.5193370166
20
2100.1933701657
11
871.5193370166
21
2100.1933701657
72
4
94
3
73
0
74
0
95
8
96
4
40
0.0
40
0.0
40
0.0
40
0.0
40
1.0
40
1.0
40
1.0
40
1.0
10
871.5193370166
20
2100.1933701657
10
871.6649772766
20
2100.7435667037
10
872.1684278407
20
2101.1211546268
10
872.7348066298
20
2101.1049723757
72
1
10
872.7348066298
20
2101.1049723757
11
1177.7071823204
21
2097.4585635359
72
4
94
3
73
0
74
0
95
8
96
4
40
0.0
40
0.0
40
0.0
40
0.0
40
1.0
40
1.0
40
1.0
40
1.0
10
1177.7071823204
20
2097.4585635359
10
1177.9429276791
20
2097.4585635359
10
1178.1668490925
20
2097.3549077039
10
1178.3206601499
20
2097.1745774986
72
4
94
3
73
0
74
0
95
8
96
4
40
0.0
40
0.0
40
0.0
40
0.0
40
1.0
40
1.0
40
1.0
40
1.0
10
1178.3206601499
20
2097.1745774986
10
1178.4744712074
20
2096.9942472933
10
1178.5429557279
20
2096.7550823753
10
1178.5082872928
20
2096.5193370166
72
1
10
1178.5082872928
20
2096.5193370166
11
1159.0055248619
21
1971.2430939227
72
4
94
3
73
0
74
0
95
8
96
4
40
0.0
40
0.0
40
0.0
40
0.0
40
1.0
40
1.0
40
1.0
40
1.0
10
1159.0055248619
20
1971.2430939227
10
1158.8633514296
20
1970.2636769448
10
1158.0117886115
20
1969.5422140017
10
1157.0165745856
20
1969.5580110497
72
1
10
1157.0165745856
20
1969.5580110497
11
995.4419889503
21
1971.4917127072
72
1
10
995.4419889503
20
1971.4917127072
11
995.4419889503
21
1971.4917127072
72
4
94
3
73
0
74
0
95
8
96
4
40
0.0
40
0.0
40
0.0
40
0.0
40
1.0
40
1.0
40
1.0
40
1.0
10
995.4419889503
20
1971.4917127072
10
994.2731111372
20
1971.5079471213
10
993.2480205583
20
1970.7448241347
10
992.955801105
20
1969.6408839779
72
1
10
992.955801105
20
1969.6408839779
11
961.7679558011
21
1852.9834254144
72
1
10
961.7679558011
20
1852.9834254144
11
961.7679558011
21
1852.9834254144
72
4
94
3
73
0
74
0
95
8
96
4
40
0.0
40
0.0
40
0.0
40
0.0
40
1.0
40
1.0
40
1.0
40
1.0
10
961.7679558011
20
1852.9834254144
10
961.6159593517
20
1852.4283079471
10
961.7295854157
20
1851.8340924137
10
962.0756093647
20
1851.3745293564
72
4
94
3
73
0
74
0
95
8
96
4
40
0.0
40
0.0
40
0.0
40
0.0
40
1.0
40
1.0
40
1.0
40
1.0
10
962.0756093647
20
1851.3745293564
10
962.4216333137
20
1850.9149662992
10
962.9609685112
20
1850.6419676573
10
963.5359116022
20
1850.635359116
72
1
10
963.5359116022
20
1850.635359116
11
1085.8839779006
21
1849.1712707182
97
0
75
0
76
1
98
0
0
HATCH
5
6a7
100
AcDbEntity
8
Layer 6
6
ByLayer
370
-1
62
256
100
AcDbHatch
10
0
20
0
30
0
210
0
220
0
230
1
2
FILL_1703
70
1
71
0
91
1
92
0
93
42
72
1
10
2194.3093922652
20
2100.8563535912
11
2194.3093922652
21
2100.8563535912
72
4
94
3
73
0
74
0
95
8
96
4
40
0.0
40
0.0
40
0.0
40
0.0
40
1.0
40
1.0
40
1.0
40
1.0
10
2194.3093922652
20
2100.8563535912
10
2194.5170061624
20
2100.9003929027
10
2194.7327219546
20
2100.8379932
10
2194.886933335
20
2100.6892893689
72
4
94
3
73
0
74
0
95
8
96
4
40
0.0
40
0.0
40
0.0
40
0.0
40
1.0
40
1.0
40
1.0
40
1.0
10
2194.886933335
20
2100.6892893689
10
2195.0411447154
20
2100.5405855378
10
2195.1143295793
20
2100.324402465
10
2195.0828729282
20
2100.1104972376
72
1
10
2195.0828729282
20
2100.1104972376
11
2176.1878453039
21
1978.6740331492
72
1
10
2176.1878453039
20
1978.6740331492
11
2176.1878453039
21
1978.6740331492
72
4
94
3
73
0
74
0
95
8
96
4
40
0.0
40
0.0
40
0.0
40
0.0
40
1.0
40
1.0
40
1.0
40
1.0
10
2176.1878453039
20
1978.6740331492
10
2176.0447671577
20
1977.7519739851
10
2175.2590757387
20
1977.0718232044
10
2174.3370165746
20
1977.0718232044
72
1
10
2174.3370165746
20
1977.0718232044
11
2009.3093922652
21
1974.4751381215
72
1
10
2009.3093922652
20
1974.4751381215
11
2009.3093922652
21
1974.4751381215
72
4
94
3
73
0
74
0
95
8
96
4
40
0.0
40
0.0
40
0.0
40
0.0
40
1.0
40
1.0
40
1.0
40
1.0
10
2009.3093922652
20
1974.4751381215
10
2008.3432554914
20
1974.458480591
10
2007.4878467443
20
1973.8553077565
10
2007.1546961326
20
1972.955801105
72
4
94
2
73
0
74
0
95
6
96
3
40
0.0
40
0.0
40
0.0
40
1.0
40
1.0
40
1.0
10
2007.1546961326
20
1972.955801105
10
2004.3370165746
20
1965.4972375691
10
2001.3535911602
20
1951.6574585635
72
4
94
2
73
0
74
0
95
6
96
3
40
0.0
40
0.0
40
0.0
40
1.0
40
1.0
40
1.0
10
2001.3535911602
20
1951.6574585635
10
1999.7790055249
20
1944.3370165746
10
1980.3867403315
20
1853.6464088398
72
1
10
1980.3867403315
20
1853.6464088398
11
1980.3867403315
21
1853.6464088398
72
4
94
3
73
0
74
0
95
8
96
4
40
0.0
40
0.0
40
0.0
40
0.0
40
1.0
40
1.0
40
1.0
40
1.0
10
1980.3867403315
20
1853.6464088398
10
1980.2448802663
20
1853.004660926
10
1980.4021864661
20
1852.3331387424
10
1980.8149189791
20
1851.8185631417
72
4
94
3
73
0
74
0
95
8
96
4
40
0.0
40
0.0
40
0.0
40
0.0
40
1.0
40
1.0
40
1.0
40
1.0
10
1980.8149189791
20
1851.8185631417
10
1981.2276514921
20
1851.3039875411
10
1981.8517985174
20
1851.0012303793
10
1982.5138121547
20
1850.9944751381
72
1
10
1982.5138121547
20
1850.9944751381
11
2109.226519337
21
1849.4751381215
72
1
10
2109.226519337
20
1849.4751381215
11
2109.226519337
21
1849.4751381215
72
4
94
3
73
0
74
0
95
8
96
4
40
0.0
40
0.0
40
0.0
40
0.0
40
1.0
40
1.0
40
1.0
40
1.0
10
2109.226519337
20
1849.4751381215
10
2109.3895497082
20
1849.4751381215
10
2109.5430657552
20
1849.3983800981
10
2109.6408839779
20
1849.2679558011
72
4
94
3
73
0
74
0
95
8
96
4
40
0.0
40
0.0
40
0.0
40
0.0
40
1.0
40
1.0
40
1.0
40
1.0
10
2109.6408839779
20
1849.2679558011
10
2109.7387022006
20
1849.1375315041
10
2109.76940541
20
1848.9686638525
10
2109.7237569061
20
1848.8121546961
72
1
10
2109.7237569061
20
1848.8121546961
11
2078.0110497238
21
1730.1933701657
72
1
10
2078.0110497238
20
1730.1933701657
11
2078.0110497238
21
1730.1933701657
72
4
94
3
73
0
74
0
95
8
96
4
40
0.0
40
0.0
40
0.0
40
0.0
40
1.0
40
1.0
40
1.0
40
1.0
10
2078.0110497238
20
1730.1933701657
10
2077.783083795
20
1729.3954894152
10
2077.0459169251
20
1728.8511200343
10
2076.2154696133
20
1728.8674033149
72
1
10
2076.2154696133
20
1728.8674033149
11
1945.3867403315
21
1730.4143646409
72
4
94
3
73
0
74
0
95
8
96
4
40
0.0
40
0.0
40
0.0
40
0.0
40
1.0
40
1.0
40
1.0
40
1.0
10
1945.3867403315
20
1730.4143646409
10
1943.5448292966
20
1730.4463978763
10
1941.9429678423
20
1729.1695517896
10
1941.5745856354
20
1727.3756906077
72
1
10
1941.5745856354
20
1727.3756906077
11
1915.8563535912
21
1607.182320442
72
4
94
3
73
0
74
0
95
8
96
4
40
0.0
40
0.0
40
0.0
40
0.0
40
1.0
40
1.0
40
1.0
40
1.0
10
1915.8563535912
20
1607.182320442
10
1915.6868443848
20
1606.3754566197
10
1915.8896112067
20
1605.5351005871
10
1916.4087763575
20
1604.8928344212
72
4
94
3
73
0
74
0
95
8
96
4
40
0.0
40
0.0
40
0.0
40
0.0
40
1.0
40
1.0
40
1.0
40
1.0
10
1916.4087763575
20
1604.8928344212
10
1916.9279415083
20
1604.2505682552
10
1917.7087066751
20
1603.8741836832
10
1918.5359116022
20
1603.8674033149
72
1
10
1918.5359116022
20
1603.8674033149
11
2072.4033149171
21
1603.7845303867
72
4
94
3
73
0
74
0
95
8
96
4
40
0.0
40
0.0
40
0.0
40
0.0
40
1.0
40
1.0
40
1.0
40
1.0
10
2072.4033149171
20
1603.7845303867
10
2072.5665650912
20
1603.7845303867
10
2072.7198602313
20
1603.7056135392
10
2072.8135562742
20
1603.5733367727
72
4
94
3
73
0
74
0
95
8
96
4
40
0.0
40
0.0
40
0.0
40
0.0
40
1.0
40
1.0
40
1.0
40
1.0
10
2072.8135562742
20
1603.5733367727
10
2072.9072523171
20
1603.4410600062
10
2072.9294378524
20
1603.2722394297
10
2072.8729281768
20
1603.1215469613
72
1
10
2072.8729281768
20
1603.1215469613
11
2026.6850828729
21
1480.7182320442
72
1
10
2026.6850828729
20
1480.7182320442
11
2026.6850828729
21
1480.7182320442
72
4
94
3
73
0
74
0
95
8
96
4
40
0.0
40
0.0
40
0.0
40
0.0
40
1.0
40
1.0
40
1.0
40
1.0
10
2026.6850828729
20
1480.7182320442
10
2026.3376309797
20
1479.7751483341
10
2025.4291545258
20
1479.15472539
10
2024.4198895028
20
1479.1712707182
72
1
10
2024.4198895028
20
1479.1712707182
11
1725.4696132597
21
1482.7624309392
72
1
10
1725.4696132597
20
1482.7624309392
11
1725.4696132597
21
1482.7624309392
72
4
94
3
73
0
74
0
95
8
96
4
40
0.0
40
0.0
40
0.0
40
0.0
40
1.0
40
1.0
40
1.0
40
1.0
10
1725.4696132597
20
1482.7624309392
10
1725.2163793558
20
1482.7690949893
10
1724.9804617369
20
1482.8925317752
10
1724.8295689543
20
1483.0973148373
72
4
94
3
73
0
74
0
95
8
96
4
40
0.0
40
0.0
40
0.0
40
0.0
40
1.0
40
1.0
40
1.0
40
1.0
10
1724.8295689543
20
1483.0973148373
10
1724.6786761717
20
1483.3020978994
10
1724.6294920957
20
1483.5655848424
10
1724.6961325967
20
1483.8121546961
72
4
94
2
73
0
74
0
95
6
96
3
40
0.0
40
0.0
40
0.0
40
1.0
40
1.0
40
1.0
10
1724.6961325967
20
1483.8121546961
10
1763.3149171271
20
1627.3480662983
10
1885.3867403315
20
2085.0276243094
72
4
94
2
73
0
74
0
95
6
96
3
40
0.0
40
0.0
40
0.0
40
1.0
40
1.0
40
1.0
10
1885.3867403315
20
2085.0276243094
10
1886.1049723757
20
2087.6519337017
10
1887.9834254144
20
2100.0
72
1
10
1887.9834254144
20
2100.0
11
1887.9834254144
21
2100.0
72
4
94
3
73
0
74
0
95
8
96
4
40
0.0
40
0.0
40
0.0
40
0.0
40
1.0
40
1.0
40
1.0
40
1.0
10
1887.9834254144
20
2100.0
10
1888.1097374622
20
2100.868395329
10
1888.8553615771
20
2101.5075017132
10
1889.7237569061
20
2101.4917127072
72
4
94
2
73
0
74
0
95
6
96
3
40
0.0
40
0.0
40
0.0
40
1.0
40
1.0
40
1.0
10
1889.7237569061
20
2101.4917127072
10
2128.1767955801
20
2099.8895027624
10
2185.9392265193
20
2099.9171270718
72
4
94
2
73
0
74
0
95
6
96
3
40
0.0
40
0.0
40
0.0
40
1.0
40
1.0
40
1.0
10
2185.9392265193
20
2099.9171270718
10
2189.6132596685
20
2099.9171270718
10
2194.3093922652
20
2100.8563535912
97
0
75
0
76
1
98
0
0
HATCH
5
6c8
100
AcDbEntity
8
Layer 6
6
ByLayer
370
-1
62
256
100
AcDbHatch
10
0
20
0
30
0
210
0
220
0
230
1
2
FILL_1736
70
1
71
0
91
1
92
0
93
32
72
4
94
3
73
0
74
0
95
8
96
4
40
0.0
40
0.0
40
0.0
40
0.0
40
1.0
40
1.0
40
1.0
40
1.0
10
2483.4806629834
20
1695.5248618785
10
2482.2456392779
20
1695.3528965524
10
2481.3463069332
20
1694.2736977387
10
2481.408839779
20
1693.0386740331
72
1
10
2481.408839779
20
1693.0386740331
11
2494.1712707182
21
1483.9226519337
72
4
94
3
73
0
74
0
95
8
96
4
40
0.0
40
0.0
40
0.0
40
0.0
40
1.0
40
1.0
40
1.0
40
1.0
10
2494.1712707182
20
1483.9226519337
10
2494.2000000745
20
1483.4055235205
10
2494.0119900131
20
1482.8993674611
10
2493.6514187045
20
1482.5231191392
72
4
94
3
73
0
74
0
95
8
96
4
40
0.0
40
0.0
40
0.0
40
0.0
40
1.0
40
1.0
40
1.0
40
1.0
10
2493.6514187045
20
1482.5231191392
10
2493.290847396
20
1482.1468708172
10
2492.7895041224
20
1481.9337016575
10
2492.2651933702
20
1481.9337016575
72
1
10
2492.2651933702
20
1481.9337016575
11
2336.2154696133
21
1482.044198895
72
4
94
3
73
0
74
0
95
8
96
4
40
0.0
40
0.0
40
0.0
40
0.0
40
1.0
40
1.0
40
1.0
40
1.0
10
2336.2154696133
20
1482.044198895
10
2335.5506979076
20
1482.044198895
10
2335.0032953048
20
1482.5672724932
10
2334.9723756906
20
1483.2320441989
72
1
10
2334.9723756906
20
1483.2320441989
11
2324.9723756906
21
1689.3922651934
72
1
10
2324.9723756906
20
1689.3922651934
11
2324.9723756906
21
1689.3922651934
72
4
94
3
73
0
74
0
95
8
96
4
40
0.0
40
0.0
40
0.0
40
0.0
40
1.0
40
1.0
40
1.0
40
1.0
10
2324.9723756906
20
1689.3922651934
10
2324.9357435788
20
1690.1322338529
10
2324.6066604174
20
1690.8273432728
10
2324.0575207457
20
1691.3246773151
72
4
94
3
73
0
74
0
95
8
96
4
40
0.0
40
0.0
40
0.0
40
0.0
40
1.0
40
1.0
40
1.0
40
1.0
10
2324.0575207457
20
1691.3246773151
10
2323.508381074
20
1691.8220113574
10
2322.7841675545
20
1692.0808310069
10
2322.044198895
20
1692.044198895
72
1
10
2322.044198895
20
1692.044198895
11
2309.0055248619
21
1691.408839779
72
1
10
2309.0055248619
20
1691.408839779
11
2309.0055248619
21
1691.408839779
72
4
94
3
73
0
74
0
95
8
96
4
40
0.0
40
0.0
40
0.0
40
0.0
40
1.0
40
1.0
40
1.0
40
1.0
10
2309.0055248619
20
1691.408839779
10
2306.2934344256
20
1691.2773444851
10
2303.9776431106
20
1689.3866742811
10
2303.2872928177
20
1686.7403314917
72
1
10
2303.2872928177
20
1686.7403314917
11
2251.0497237569
21
1483.591160221
72
1
10
2251.0497237569
20
1483.591160221
11
2251.0497237569
21
1483.591160221
72
4
94
3
73
0
74
0
95
8
96
4
40
0.0
40
0.0
40
0.0
40
0.0
40
1.0
40
1.0
40
1.0
40
1.0
10
2251.0497237569
20
1483.591160221
10
2250.7890846299
20
1482.6137634946
10
2249.9050042416
20
1481.9337016575
10
2248.8950276243
20
1481.9337016575
72
1
10
2248.8950276243
20
1481.9337016575
11
2103.2872928177
21
1482.044198895
72
1
10
2103.2872928177
20
1482.044198895
11
2103.2872928177
21
1482.044198895
72
4
94
3
73
0
74
0
95
8
96
4
40
0.0
40
0.0
40
0.0
40
0.0
40
1.0
40
1.0
40
1.0
40
1.0
10
2103.2872928177
20
1482.044198895
10
2102.9957949362
20
1482.044198895
10
2102.7209603227
20
1482.1800883971
10
2102.542713461
20
1482.4123494593
72
4
94
3
73
0
74
0
95
8
96
4
40
0.0
40
0.0
40
0.0
40
0.0
40
1.0
40
1.0
40
1.0
40
1.0
10
2102.542713461
20
1482.4123494593
10
2102.3644665994
20
1482.6446105214
10
2102.3028161374
20
1482.9471712693
10
2102.3756906077
20
1483.2320441989
72
4
94
2
73
0
74
0
95
6
96
3
40
0.0
40
0.0
40
0.0
40
1.0
40
1.0
40
1.0
10
2102.3756906077
20
1483.2320441989
10
2178.8397790055
20
1777.2651933702
10
2252.0165745856
20
2058.8397790055
72
4
94
2
73
0
74
0
95
6
96
3
40
0.0
40
0.0
40
0.0
40
1.0
40
1.0
40
1.0
10
2252.0165745856
20
2058.8397790055
10
2258.2044198895
20
2082.6519337017
10
2261.5745856354
20
2100.138121547
72
1
10
2261.5745856354
20
2100.138121547
11
2261.5745856354
21
2100.138121547
72
4
94
3
73
0
74
0
95
8
96
4
40
0.0
40
0.0
40
0.0
40
0.0
40
1.0
40
1.0
40
1.0
40
1.0
10
2261.5745856354
20
2100.138121547
10
2261.7165240997
20
2100.9108976304
10
2262.4158728656
20
2101.4561526004
10
2263.2044198895
20
2101.408839779
72
4
94
2
73
0
74
0
95
6
96
3
40
0.0
40
0.0
40
0.0
40
1.0
40
1.0
40
1.0
10
2263.2044198895
20
2101.408839779
10
2270.9392265193
20
2100.8287292818
10
2293.5082872928
20
2100.2762430939
72
4
94
2
73
0
74
0
95
6
96
3
40
0.0
40
0.0
40
0.0
40
1.0
40
1.0
40
1.0
10
2293.5082872928
20
2100.2762430939
10
2340.0
20
2099.1436464088
10
2585.635359116
20
2096.5745856354
72
4
94
3
73
0
74
0
95
8
96
4
40
0.0
40
0.0
40
0.0
40
0.0
40
1.0
40
1.0
40
1.0
40
1.0
10
2585.635359116
20
2096.5745856354
10
2614.3922651934
20
2096.270718232
10
2631.6022099448
20
2066.9613259669
10
2631.8508287293
20
2041.0220994475
72
1
10
2631.8508287293
20
2041.0220994475
11
2631.8508287293
21
2041.0220994475
72
4
94
3
73
0
74
0
95
8
96
4
40
0.0
40
0.0
40
0.0
40
0.0
40
1.0
40
1.0
40
1.0
40
1.0
10
2631.8508287293
20
2041.0220994475
10
2631.8691598719
20
2039.6472637541
10
2631.7018828692
20
2038.2811682326
10
2631.3535911602
20
2036.9613259669
72
4
94
2
73
0
74
0
95
6
96
3
40
0.0
40
0.0
40
0.0
40
1.0
40
1.0
40
1.0
10
2631.3535911602
20
2036.9613259669
10
2580.9392265193
20
1841.2983425414
10
2566.9889502762
20
1784.4751381215
72
4
94
2
73
0
74
0
95
6
96
3
40
0.0
40
0.0
40
0.0
40
1.0
40
1.0
40
1.0
10
2566.9889502762
20
1784.4751381215
10
2565.7182320442
20
1779.3093922652
10
2560.9116022099
20
1766.4364640884
72
4
94
3
73
0
74
0
95
8
96
4
40
0.0
40
0.0
40
0.0
40
0.0
40
1.0
40
1.0
40
1.0
40
1.0
10
2560.9116022099
20
1766.4364640884
10
2548.3149171271
20
1732.6519337017
10
2520.6906077348
20
1700.3591160221
10
2483.4806629834
20
1695.5248618785
97
0
75
0
76
1
98
0
0
HATCH
5
6dd
100
AcDbEntity
8
Layer 6
6
ByLayer
370
-1
62
256
100
AcDbHatch
10
0
20
0
30
0
210
0
220
0
230
1
2
FILL_1757
70
1
71
0
91
1
92
0
93
20
72
4
94
2
73
0
74
0
95
6
96
3
40
0.0
40
0.0
40
0.0
40
1.0
40
1.0
40
1.0
10
3351.9613259669
20
2099.8066298343
10
3434.7513812155
20
2100.1933701657
10
3445.4419889503
20
2100.0
72
4
94
3
73
0
74
0
95
8
96
4
40
0.0
40
0.0
40
0.0
40
0.0
40
1.0
40
1.0
40
1.0
40
1.0
10
3445.4419889503
20
2100.0
10
3560.4972375691
20
2097.817679558
10
3633.4254143646
20
2095.3591160221
10
3681.7679558011
20
2096.6298342541
72
1
10
3681.7679558011
20
2096.6298342541
11
3681.7679558011
21
2096.6298342541
72
4
94
3
73
0
74
0
95
8
96
4
40
0.0
40
0.0
40
0.0
40
0.0
40
1.0
40
1.0
40
1.0
40
1.0
10
3681.7679558011
20
2096.6298342541
10
3682.8293237865
20
2096.6664331502
10
3683.8830331211
20
2096.535885091
10
3684.8895027624
20
2096.2430939227
72
4
94
3
73
0
74
0
95
8
96
4
40
0.0
40
0.0
40
0.0
40
0.0
40
1.0
40
1.0
40
1.0
40
1.0
10
3684.8895027624
20
2096.2430939227
10
3722.0994475138
20
2085.9392265193
10
3734.1988950276
20
2048.7569060773
10
3729.1712707182
20
2014.4198895028
72
4
94
2
73
0
74
0
95
6
96
3
40
0.0
40
0.0
40
0.0
40
1.0
40
1.0
40
1.0
10
3729.1712707182
20
2014.4198895028
10
3728.8950276243
20
2012.5690607735
10
3728.1215469613
20
2009.7513812155
72
4
94
2
73
0
74
0
95
6
96
3
40
0.0
40
0.0
40
0.0
40
1.0
40
1.0
40
1.0
10
3728.1215469613
20
2009.7513812155
10
3657.0165745856
20
1751.2430939227
10
3614.9723756906
20
1588.0386740331
72
4
94
2
73
0
74
0
95
6
96
3
40
0.0
40
0.0
40
0.0
40
1.0
40
1.0
40
1.0
10
3614.9723756906
20
1588.0386740331
10
3604.3922651934
20
1546.9337016575
10
3596.408839779
20
1533.6464088398
72
4
94
2
73
0
74
0
95
6
96
3
40
0.0
40
0.0
40
0.0
40
1.0
40
1.0
40
1.0
10
3596.408839779
20
1533.6464088398
10
3577.320441989
20
1501.8508287293
10
3543.9779005525
20
1485.8011049724
72
4
94
2
73
0
74
0
95
6
96
3
40
0.0
40
0.0
40
0.0
40
1.0
40
1.0
40
1.0
10
3543.9779005525
20
1485.8011049724
10
3534.4751381215
20
1481.2430939227
10
3524.2817679558
20
1480.9944751381
72
4
94
2
73
0
74
0
95
6
96
3
40
0.0
40
0.0
40
0.0
40
1.0
40
1.0
40
1.0
10
3524.2817679558
20
1480.9944751381
10
3481.9889502762
20
1480.0276243094
10
3256.2154696133
20
1478.6740331492
72
4
94
2
73
0
74
0
95
6
96
3
40
0.0
40
0.0
40
0.0
40
1.0
40
1.0
40
1.0
10
3256.2154696133
20
1478.6740331492
10
3220.773480663
20
1478.4806629834
10
3201.0773480663
20
1477.4033149171
72
4
94
3
73
0
74
0
95
8
96
4
40
0.0
40
0.0
40
0.0
40
0.0
40
1.0
40
1.0
40
1.0
40
1.0
10
3201.0773480663
20
1477.4033149171
10
3200.8811731798
20
1477.3967757542
10
3200.6924285295
20
1477.479105777
10
3200.5675697115
20
1477.6256791721
72
4
94
3
73
0
74
0
95
8
96
4
40
0.0
40
0.0
40
0.0
40
0.0
40
1.0
40
1.0
40
1.0
40
1.0
10
3200.5675697115
20
1477.6256791721
10
3200.4427108934
20
1477.7722525672
10
3200.3962148101
20
1477.96607471
10
3200.4419889503
20
1478.1491712707
72
4
94
2
73
0
74
0
95
6
96
3
40
0.0
40
0.0
40
0.0
40
1.0
40
1.0
40
1.0
10
3200.4419889503
20
1478.1491712707
10
3202.4585635359
20
1487.3480662983
10
3207.817679558
20
1508.3149171271
72
4
94
2
73
0
74
0
95
6
96
3
40
0.0
40
0.0
40
0.0
40
1.0
40
1.0
40
1.0
10
3207.817679558
20
1508.3149171271
10
3259.1712707182
20
1709.5027624309
10
3334.5580110497
20
1993.9226519337
72
4
94
3
73
0
74
0
95
8
96
4
40
0.0
40
0.0
40
0.0
40
0.0
40
1.0
40
1.0
40
1.0
40
1.0
10
3334.5580110497
20
1993.9226519337
10
3341.7403314917
20
2021.0220994475
10
3349.1712707182
20
2043.4254143646
10
3355.138121547
20
2071.1325966851
72
4
94
2
73
0
74
0
95
6
96
3
40
0.0
40
0.0
40
0.0
40
1.0
40
1.0
40
1.0
10
3355.138121547
20
2071.1325966851
10
3357.7071823204
20
2083.0386740331
10
3350.8287292818
20
2098.0386740331
72
4
94
3
73
0
74
0
95
8
96
4
40
0.0
40
0.0
40
0.0
40
0.0
40
1.0
40
1.0
40
1.0
40
1.0
10
3350.8287292818
20
2098.0386740331
10
3350.6485249668
20
2098.4231099051
10
3350.6784087325
20
2098.8729836211
10
3350.9079514762
20
2099.2312942454
72
4
94
3
73
0
74
0
95
8
96
4
40
0.0
40
0.0
40
0.0
40
0.0
40
1.0
40
1.0
40
1.0
40
1.0
10
3350.9079514762
20
2099.2312942454
10
3351.1374942199
20
2099.5896048697
10
3351.5348424214
20
2099.8066298343
10
3351.9613259669
20
2099.8066298343
97
0
75
0
76
1
98
0
0
HATCH
5
702
100
AcDbEntity
8
Layer 6
6
ByLayer
370
-1
62
256
100
AcDbHatch
10
0
20
0
30
0
210
0
220
0
230
1
2
FILL_1794
70
1
71
0
91
1
92
0
93
36
72
1
10
3899.0331491713
20
1477.4309392265
11
3899.0331491713
21
1477.4309392265
72
4
94
3
73
0
74
0
95
8
96
4
40
0.0
40
0.0
40
0.0
40
0.0
40
1.0
40
1.0
40
1.0
40
1.0
10
3899.0331491713
20
1477.4309392265
10
3897.8478473617
20
1477.4309392265
10
3896.8615322598
20
1478.3450849307
10
3896.7679558011
20
1479.5303867403
72
4
94
2
73
0
74
0
95
6
96
3
40
0.0
40
0.0
40
0.0
40
1.0
40
1.0
40
1.0
10
3896.7679558011
20
1479.5303867403
10
3894.7790055249
20
1507.4861878453
10
3886.7403314917
20
1636.0497237569
72
4
94
2
73
0
74
0
95
6
96
3
40
0.0
40
0.0
40
0.0
40
1.0
40
1.0
40
1.0
10
3886.7403314917
20
1636.0497237569
10
3885.1104972376
20
1661.7403314917
10
3882.2651933702
20
1685.8563535912
72
4
94
3
73
0
74
0
95
8
96
4
40
0.0
40
0.0
40
0.0
40
0.0
40
1.0
40
1.0
40
1.0
40
1.0
10
3882.2651933702
20
1685.8563535912
10
3882.0132615458
20
1688.0292655762
10
3880.1602045681
20
1689.6685082873
10
3877.955801105
20
1689.6685082873
72
1
10
3877.955801105
20
1689.6685082873
11
3858.1215469613
21
1689.5580110497
72
1
10
3858.1215469613
20
1689.5580110497
11
3858.1215469613
21
1689.5580110497
72
4
94
3
73
0
74
0
95
8
96
4
40
0.0
40
0.0
40
0.0
40
0.0
40
1.0
40
1.0
40
1.0
40
1.0
10
3858.1215469613
20
1689.5580110497
10
3857.1513296358
20
1689.5580110497
10
3856.2904736442
20
1688.9207540169
10
3855.9944751381
20
1687.9834254144
72
4
94
2
73
0
74
0
95
6
96
3
40
0.0
40
0.0
40
0.0
40
1.0
40
1.0
40
1.0
10
3855.9944751381
20
1687.9834254144
10
3850.4972375691
20
1670.9668508287
10
3844.9723756906
20
1648.1215469613
72
4
94
2
73
0
74
0
95
6
96
3
40
0.0
40
0.0
40
0.0
40
1.0
40
1.0
40
1.0
10
3844.9723756906
20
1648.1215469613
10
3836.3812154696
20
1612.5966850829
10
3804.5027624309
20
1478.4806629834
72
4
94
3
73
0
74
0
95
8
96
4
40
0.0
40
0.0
40
0.0
40
0.0
40
1.0
40
1.0
40
1.0
40
1.0
10
3804.5027624309
20
1478.4806629834
10
3804.3736382102
20
1477.89960399
10
3803.8568680293
20
1477.4861878453
10
3803.2596685083
20
1477.4861878453
72
1
10
3803.2596685083
20
1477.4861878453
11
3652.7624309392
21
1475.138121547
72
1
10
3652.7624309392
20
1475.138121547
11
3652.7624309392
21
1475.138121547
72
4
94
3
73
0
74
0
95
8
96
4
40
0.0
40
0.0
40
0.0
40
0.0
40
1.0
40
1.0
40
1.0
40
1.0
10
3652.7624309392
20
1475.138121547
10
3652.6135115211
20
1475.1316467897
10
3652.4709768575
20
1475.1985644337
10
3652.3783419375
20
1475.3184449184
72
4
94
3
73
0
74
0
95
8
96
4
40
0.0
40
0.0
40
0.0
40
0.0
40
1.0
40
1.0
40
1.0
40
1.0
10
3652.3783419375
20
1475.3184449184
10
3652.2857070175
20
1475.438325403
10
3652.2539691357
20
1475.5969369355
10
3652.2928176796
20
1475.7458563536
72
4
94
2
73
0
74
0
95
6
96
3
40
0.0
40
0.0
40
0.0
40
1.0
40
1.0
40
1.0
10
3652.2928176796
20
1475.7458563536
10
3741.4364640884
20
1820.6906077348
10
3792.817679558
20
2021.4364640884
72
4
94
2
73
0
74
0
95
6
96
3
40
0.0
40
0.0
40
0.0
40
1.0
40
1.0
40
1.0
10
3792.817679558
20
2021.4364640884
10
3803.7569060773
20
2064.1436464088
10
3810.7458563536
20
2096.8508287293
72
1
10
3810.7458563536
20
2096.8508287293
11
3810.7458563536
21
2096.8508287293
72
4
94
3
73
0
74
0
95
8
96
4
40
0.0
40
0.0
40
0.0
40
0.0
40
1.0
40
1.0
40
1.0
40
1.0
10
3810.7458563536
20
2096.8508287293
10
3811.0731622873
20
2098.3891666178
10
3812.3792077612
20
2099.5263269011
10
3813.9502762431
20
2099.6408839779
72
4
94
3
73
0
74
0
95
8
96
4
40
0.0
40
0.0
40
0.0
40
0.0
40
1.0
40
1.0
40
1.0
40
1.0
10
3813.9502762431
20
2099.6408839779
10
3822.5414364641
20
2100.2486187845
10
3830.5801104972
20
2099.0331491713
10
3839.0883977901
20
2099.0331491713
72
4
94
2
73
0
74
0
95
6
96
3
40
0.0
40
0.0
40
0.0
40
1.0
40
1.0
40
1.0
10
3839.0883977901
20
2099.0331491713
10
3957.3756906077
20
2099.1160220994
10
4101.7955801105
20
2097.5414364641
72
4
94
2
73
0
74
0
95
6
96
3
40
0.0
40
0.0
40
0.0
40
1.0
40
1.0
40
1.0
10
4101.7955801105
20
2097.5414364641
10
4136.3535911602
20
2097.1546961326
10
4145.635359116
20
2092.955801105
72
4
94
3
73
0
74
0
95
8
96
4
40
0.0
40
0.0
40
0.0
40
0.0
40
1.0
40
1.0
40
1.0
40
1.0
10
4145.635359116
20
2092.955801105
10
4171.6574585635
20
2081.2154696133
10
4178.6187845304
20
2050.7458563536
10
4178.6187845304
20
2023.6740331492
72
4
94
2
73
0
74
0
95
6
96
3
40
0.0
40
0.0
40
0.0
40
1.0
40
1.0
40
1.0
10
4178.6187845304
20
2023.6740331492
10
4178.6187845304
20
2011.3259668508
10
4173.0386740331
20
1992.0718232044
72
4
94
2
73
0
74
0
95
6
96
3
40
0.0
40
0.0
40
0.0
40
1.0
40
1.0
40
1.0
10
4173.0386740331
20
1992.0718232044
10
4148.0662983425
20
1905.9944751381
10
4103.591160221
20
1743.2872928177
72
1
10
4103.591160221
20
1743.2872928177
11
4103.591160221
21
1743.2872928177
72
4
94
3
73
0
74
0
95
8
96
4
40
0.0
40
0.0
40
0.0
40
0.0
40
1.0
40
1.0
40
1.0
40
1.0
10
4103.591160221
20
1743.2872928177
10
4102.8276027669
20
1740.5421219707
10
4101.4487247457
20
1738.0015864385
10
4099.5580110497
20
1735.8563535912
72
4
94
2
73
0
74
0
95
6
96
3
40
0.0
40
0.0
40
0.0
40
1.0
40
1.0
40
1.0
10
4099.5580110497
20
1735.8563535912
10
4073.4254143646
20
1706.4640883978
10
4033.3149171271
20
1697.7624309392
72
1
10
4033.3149171271
20
1697.7624309392
11
4033.3149171271
21
1697.7624309392
72
4
94
3
73
0
74
0
95
8
96
4
40
0.0
40
0.0
40
0.0
40
0.0
40
1.0
40
1.0
40
1.0
40
1.0
10
4033.3149171271
20
1697.7624309392
10
4031.9768028445
20
1697.4722374804
10
4031.0220994475
20
1696.2989875226
10
4031.0220994475
20
1694.9447513812
72
4
94
2
73
0
74
0
95
6
96
3
40
0.0
40
0.0
40
0.0
40
1.0
40
1.0
40
1.0
10
4031.0220994475
20
1694.9447513812
10
4030.8287292818
20
1675.0276243094
10
4032.4033149171
20
1650.5524861878
72
4
94
2
73
0
74
0
95
6
96
3
40
0.0
40
0.0
40
0.0
40
1.0
40
1.0
40
1.0
10
4032.4033149171
20
1650.5524861878
10
4036.9060773481
20
1580.5248618785
10
4044.3922651934
20
1479.5303867403
72
1
10
4044.3922651934
20
1479.5303867403
11
4044.3922651934
21
1479.5303867403
72
4
94
3
73
0
74
0
95
8
96
4
40
0.0
40
0.0
40
0.0
40
0.0
40
1.0
40
1.0
40
1.0
40
1.0
10
4044.3922651934
20
1479.5303867403
10
4044.4137672376
20
1479.1791866853
10
4044.2924927422
20
1478.8347032992
10
4044.0571260003
20
1478.5784150691
72
4
94
3
73
0
74
0
95
8
96
4
40
0.0
40
0.0
40
0.0
40
0.0
40
1.0
40
1.0
40
1.0
40
1.0
10
4044.0571260003
20
1478.5784150691
10
4043.8217592585
20
1478.3221268391
10
4043.4932039777
20
1478.1767955801
10
4043.1491712707
20
1478.1767955801
72
1
10
4043.1491712707
20
1478.1767955801
11
3899.0331491713
21
1477.4309392265
97
0
75
0
76
1
98
0
0
HATCH
5
73d
100
AcDbEntity
8
Layer 6
6
ByLayer
370
-1
62
256
100
AcDbHatch
10
0
20
0
30
0
210
0
220
0
230
1
2
FILL_1853
70
1
71
0
91
1
92
0
93
58
72
1
10
5425.4419889503
20
1669.0607734807
11
5415.8287292818
21
1607.320441989
72
4
94
3
73
0
74
0
95
8
96
4
40
0.0
40
0.0
40
0.0
40
0.0
40
1.0
40
1.0
40
1.0
40
1.0
10
5415.8287292818
20
1607.320441989
10
5415.5799991901
20
1605.724423901
10
5416.042202243
20
1604.0994408708
10
5417.0938906385
20
1602.8724710761
72
4
94
3
73
0
74
0
95
8
96
4
40
0.0
40
0.0
40
0.0
40
0.0
40
1.0
40
1.0
40
1.0
40
1.0
10
5417.0938906385
20
1602.8724710761
10
5418.145579034
20
1601.6455012813
10
5419.6815969458
20
1600.9392265193
10
5421.2983425414
20
1600.9392265193
72
1
10
5421.2983425414
20
1600.9392265193
11
5480.4696132597
21
1600.8011049724
72
1
10
5480.4696132597
20
1600.8011049724
11
5480.4696132597
21
1600.8011049724
72
4
94
3
73
0
74
0
95
8
96
4
40
0.0
40
0.0
40
0.0
40
0.0
40
1.0
40
1.0
40
1.0
40
1.0
10
5480.4696132597
20
1600.8011049724
10
5482.9140951881
20
1600.7849163503
10
5485.0525687225
20
1602.4659623908
10
5485.635359116
20
1604.861878453
72
1
10
5485.635359116
20
1604.861878453
11
5513.0386740331
21
1720.0276243094
72
1
10
5513.0386740331
20
1720.0276243094
11
5513.0386740331
21
1720.0276243094
72
4
94
3
73
0
74
0
95
8
96
4
40
0.0
40
0.0
40
0.0
40
0.0
40
1.0
40
1.0
40
1.0
40
1.0
10
5513.0386740331
20
1720.0276243094
10
5513.0937423608
20
1720.2662537293
10
5513.1215469613
20
1720.5072269336
10
5513.1215469613
20
1720.7458563536
72
4
94
2
73
0
74
0
95
6
96
3
40
0.0
40
0.0
40
0.0
40
1.0
40
1.0
40
1.0
10
5513.1215469613
20
1720.7458563536
10
5513.0939226519
20
1729.2817679558
10
5504.0331491713
20
1729.7790055249
72
4
94
2
73
0
74
0
95
6
96
3
40
0.0
40
0.0
40
0.0
40
1.0
40
1.0
40
1.0
10
5504.0331491713
20
1729.7790055249
10
5461.1602209945
20
1732.1270718232
10
5402.4861878453
20
1732.817679558
72
4
94
2
73
0
74
0
95
6
96
3
40
0.0
40
0.0
40
0.0
40
1.0
40
1.0
40
1.0
10
5402.4861878453
20
1732.817679558
10
5376.7403314917
20
1733.1215469613
10
5365.9668508287
20
1735.8839779006
72
4
94
3
73
0
74
0
95
8
96
4
40
0.0
40
0.0
40
0.0
40
0.0
40
1.0
40
1.0
40
1.0
40
1.0
10
5365.9668508287
20
1735.8839779006
10
5341.4364640884
20
1742.182320442
10
5320.9944751381
20
1757.2375690608
10
5315.0828729282
20
1782.9005524862
72
4
94
2
73
0
74
0
95
6
96
3
40
0.0
40
0.0
40
0.0
40
1.0
40
1.0
40
1.0
10
5315.0828729282
20
1782.9005524862
10
5313.8121546961
20
1788.5082872928
10
5318.2596685083
20
1805.2486187845
72
4
94
2
73
0
74
0
95
6
96
3
40
0.0
40
0.0
40
0.0
40
1.0
40
1.0
40
1.0
10
5318.2596685083
20
1805.2486187845
10
5350.773480663
20
1927.7624309392
10
5376.0497237569
20
2028.8674033149
72
4
94
3
73
0
74
0
95
8
96
4
40
0.0
40
0.0
40
0.0
40
0.0
40
1.0
40
1.0
40
1.0
40
1.0
10
5376.0497237569
20
2028.8674033149
10
5380.8011049724
20
2047.9005524862
10
5395.4696132597
20
2064.6408839779
10
5409.6408839779
20
2076.546961326
72
4
94
2
73
0
74
0
95
6
96
3
40
0.0
40
0.0
40
0.0
40
1.0
40
1.0
40
1.0
10
5409.6408839779
20
2076.546961326
10
5427.182320442
20
2091.3259668508
10
5448.2872928177
20
2095.7458563536
72
4
94
3
73
0
74
0
95
8
96
4
40
0.0
40
0.0
40
0.0
40
0.0
40
1.0
40
1.0
40
1.0
40
1.0
10
5448.2872928177
20
2095.7458563536
10
5449.5907589221
20
2096.0212365165
10
5450.9064786469
20
2096.1509553626
10
5452.2099447514
20
2096.1325966851
72
4
94
2
73
0
74
0
95
6
96
3
40
0.0
40
0.0
40
0.0
40
1.0
40
1.0
40
1.0
10
5452.2099447514
20
2096.1325966851
10
5602.6243093923
20
2094.1712707182
10
5691.7403314917
20
2094.9723756906
72
4
94
2
73
0
74
0
95
6
96
3
40
0.0
40
0.0
40
0.0
40
1.0
40
1.0
40
1.0
10
5691.7403314917
20
2094.9723756906
10
5711.3812154696
20
2095.138121547
10
5719.3922651934
20
2091.3535911602
72
4
94
3
73
0
74
0
95
8
96
4
40
0.0
40
0.0
40
0.0
40
0.0
40
1.0
40
1.0
40
1.0
40
1.0
10
5719.3922651934
20
2091.3535911602
10
5733.5635359116
20
2084.6961325967
10
5747.2651933702
20
2070.1657458564
10
5747.4585635359
20
2053.1491712707
72
4
94
2
73
0
74
0
95
6
96
3
40
0.0
40
0.0
40
0.0
40
1.0
40
1.0
40
1.0
10
5747.4585635359
20
2053.1491712707
10
5747.6243093923
20
2040.6906077348
10
5742.7900552486
20
2020.2209944751
72
4
94
2
73
0
74
0
95
6
96
3
40
0.0
40
0.0
40
0.0
40
1.0
40
1.0
40
1.0
10
5742.7900552486
20
2020.2209944751
10
5734.4198895028
20
1984.5856353591
10
5718.9779005525
20
1911.4917127072
72
1
10
5718.9779005525
20
1911.4917127072
11
5718.9779005525
21
1911.4917127072
72
4
94
3
73
0
74
0
95
8
96
4
40
0.0
40
0.0
40
0.0
40
0.0
40
1.0
40
1.0
40
1.0
40
1.0
10
5718.9779005525
20
1911.4917127072
10
5718.8651637204
20
1910.9602390702
10
5718.3928827661
20
1910.5801104972
10
5717.8453038674
20
1910.5801104972
72
1
10
5717.8453038674
20
1910.5801104972
11
5572.0994475138
21
1910.9116022099
72
4
94
3
73
0
74
0
95
8
96
4
40
0.0
40
0.0
40
0.0
40
0.0
40
1.0
40
1.0
40
1.0
40
1.0
10
5572.0994475138
20
1910.9116022099
10
5571.7602047768
20
1910.9116022099
10
5571.4394411349
20
1911.066709788
10
5571.2254091361
20
1911.3342497865
72
4
94
3
73
0
74
0
95
8
96
4
40
0.0
40
0.0
40
0.0
40
0.0
40
1.0
40
1.0
40
1.0
40
1.0
10
5571.2254091361
20
1911.3342497865
10
5571.0113771373
20
1911.601789785
10
5570.9266265907
20
1911.9535749425
10
5570.9944751381
20
1912.2928176796
72
1
10
5570.9944751381
20
1912.2928176796
11
5582.2375690608
21
1968.9226519337
72
1
10
5582.2375690608
20
1968.9226519337
11
5582.2375690608
21
1968.9226519337
72
4
94
3
73
0
74
0
95
8
96
4
40
0.0
40
0.0
40
0.0
40
0.0
40
1.0
40
1.0
40
1.0
40
1.0
10
5582.2375690608
20
1968.9226519337
10
5582.5421346758
20
1970.473167792
10
5582.1555881407
20
1972.0794039443
10
5581.1790026369
20
1973.3213659436
72
4
94
3
73
0
74
0
95
8
96
4
40
0.0
40
0.0
40
0.0
40
0.0
40
1.0
40
1.0
40
1.0
40
1.0
10
5581.1790026369
20
1973.3213659436
10
5580.2024171331
20
1974.563327943
10
5578.7328997741
20
1975.3175208735
10
5577.1546961326
20
1975.3867403315
72
1
10
5577.1546961326
20
1975.3867403315
11
5517.7071823204
21
1977.9834254144
72
4
94
3
73
0
74
0
95
8
96
4
40
0.0
40
0.0
40
0.0
40
0.0
40
1.0
40
1.0
40
1.0
40
1.0
10
5517.7071823204
20
1977.9834254144
10
5516.9979552735
20
1978.0197960322
10
5516.2900302363
20
1977.8970890257
10
5515.635359116
20
1977.6243093923
72
4
94
2
73
0
74
0
95
6
96
3
40
0.0
40
0.0
40
0.0
40
1.0
40
1.0
40
1.0
10
5515.635359116
20
1977.6243093923
10
5508.5082872928
20
1974.7237569061
10
5506.0220994475
20
1966.2154696133
72
4
94
2
73
0
74
0
95
6
96
3
40
0.0
40
0.0
40
0.0
40
1.0
40
1.0
40
1.0
10
5506.0220994475
20
1966.2154696133
10
5495.4972375691
20
1930.3867403315
10
5475.4972375691
20
1854.8895027624
72
1
10
5475.4972375691
20
1854.8895027624
11
5475.4972375691
21
1854.8895027624
72
4
94
3
73
0
74
0
95
8
96
4
40
0.0
40
0.0
40
0.0
40
0.0
40
1.0
40
1.0
40
1.0
40
1.0
10
5475.4972375691
20
1854.8895027624
10
5475.2229198821
20
1853.8766374566
10
5475.3945753525
20
1852.7946118545
10
5475.9692580017
20
1851.9141347681
72
4
94
3
73
0
74
0
95
8
96
4
40
0.0
40
0.0
40
0.0
40
0.0
40
1.0
40
1.0
40
1.0
40
1.0
10
5475.9692580017
20
1851.9141347681
10
5476.5439406509
20
1851.0336576817
10
5477.4672868396
20
1850.4380201914
10
5478.5082872928
20
1850.2762430939
72
4
94
2
73
0
74
0
95
6
96
3
40
0.0
40
0.0
40
0.0
40
1.0
40
1.0
40
1.0
10
5478.5082872928
20
1850.2762430939
10
5489.5303867403
20
1848.5082872928
10
5501.3812154696
20
1848.2320441989
72
4
94
2
73
0
74
0
95
6
96
3
40
0.0
40
0.0
40
0.0
40
1.0
40
1.0
40
1.0
10
5501.3812154696
20
1848.2320441989
10
5547.7348066298
20
1847.0994475138
10
5643.4254143646
20
1845.1933701657
72
4
94
2
73
0
74
0
95
6
96
3
40
0.0
40
0.0
40
0.0
40
1.0
40
1.0
40
1.0
10
5643.4254143646
20
1845.1933701657
10
5651.8508287293
20
1845.0276243094
10
5661.3535911602
20
1835.8839779006
72
4
94
2
73
0
74
0
95
6
96
3
40
0.0
40
0.0
40
0.0
40
1.0
40
1.0
40
1.0
10
5661.3535911602
20
1835.8839779006
10
5679.2817679558
20
1818.6187845304
10
5679.9723756906
20
1793.8397790055
72
1
10
5679.9723756906
20
1793.8397790055
11
5679.9723756906
21
1793.8397790055
72
4
94
3
73
0
74
0
95
8
96
4
40
0.0
40
0.0
40
0.0
40
0.0
40
1.0
40
1.0
40
1.0
40
1.0
10
5679.9723756906
20
1793.8397790055
10
5680.0090408308
20
1792.3181756892
10
5679.8417895231
20
1790.8036221807
10
5679.4751381215
20
1789.3370165746
72
4
94
2
73
0
74
0
95
6
96
3
40
0.0
40
0.0
40
0.0
40
1.0
40
1.0
40
1.0
10
5679.4751381215
20
1789.3370165746
10
5659.8895027624
20
1709.6132596685
10
5634.364640884
20
1604.6132596685
72
4
94
2
73
0
74
0
95
6
96
3
40
0.0
40
0.0
40
0.0
40
1.0
40
1.0
40
1.0
10
5634.364640884
20
1604.6132596685
10
5628.2872928177
20
1579.6132596685
10
5620.8287292818
20
1544.9447513812
72
4
94
2
73
0
74
0
95
6
96
3
40
0.0
40
0.0
40
0.0
40
1.0
40
1.0
40
1.0
10
5620.8287292818
20
1544.9447513812
10
5619.0883977901
20
1536.8232044199
10
5609.9171270718
20
1524.0331491713
72
4
94
2
73
0
74
0
95
6
96
3
40
0.0
40
0.0
40
0.0
40
1.0
40
1.0
40
1.0
10
5609.9171270718
20
1524.0331491713
10
5594.2817679558
20
1502.2651933702
10
5570.138121547
20
1487.8729281768
72
4
94
3
73
0
74
0
95
8
96
4
40
0.0
40
0.0
40
0.0
40
0.0
40
1.0
40
1.0
40
1.0
40
1.0
10
5570.138121547
20
1487.8729281768
10
5563.8121546961
20
1484.1160220994
10
5558.591160221
20
1482.4585635359
10
5550.8287292818
20
1482.3480662983
72
4
94
2
73
0
74
0
95
6
96
3
40
0.0
40
0.0
40
0.0
40
1.0
40
1.0
40
1.0
10
5550.8287292818
20
1482.3480662983
10
5394.0055248619
20
1480.2762430939
10
5328.1491712707
20
1478.3425414365
72
4
94
2
73
0
74
0
95
6
96
3
40
0.0
40
0.0
40
0.0
40
1.0
40
1.0
40
1.0
10
5328.1491712707
20
1478.3425414365
10
5304.5027624309
20
1477.6519337017
10
5295.0552486188
20
1481.0220994475
72
4
94
3
73
0
74
0
95
8
96
4
40
0.0
40
0.0
40
0.0
40
0.0
40
1.0
40
1.0
40
1.0
40
1.0
10
5295.0552486188
20
1481.0220994475
10
5270.1657458564
20
1489.9171270718
10
5247.3480662983
20
1516.4917127072
10
5253.1215469613
20
1545.5524861878
72
4
94
2
73
0
74
0
95
6
96
3
40
0.0
40
0.0
40
0.0
40
1.0
40
1.0
40
1.0
10
5253.1215469613
20
1545.5524861878
10
5268.6740331492
20
1623.7016574586
10
5276.7679558011
20
1673.1767955801
72
4
94
3
73
0
74
0
95
8
96
4
40
0.0
40
0.0
40
0.0
40
0.0
40
1.0
40
1.0
40
1.0
40
1.0
10
5276.7679558011
20
1673.1767955801
10
5276.8627077292
20
1673.7926831125
10
5277.3951621914
20
1674.242311325
10
5278.0110497238
20
1674.226519337
72
1
10
5278.0110497238
20
1674.226519337
11
5424.0883977901
21
1670.6906077348
72
4
94
3
73
0
74
0
95
8
96
4
40
0.0
40
0.0
40
0.0
40
0.0
40
1.0
40
1.0
40
1.0
40
1.0
10
5424.0883977901
20
1670.6906077348
10
5424.4944526469
20
1670.6766058432
10
5424.875163188
20
1670.4901293016
10
5425.1340130035
20
1670.1784529933
72
4
94
3
73
0
74
0
95
8
96
4
40
0.0
40
0.0
40
0.0
40
0.0
40
1.0
40
1.0
40
1.0
40
1.0
10
5425.1340130035
20
1670.1784529933
10
5425.3928628189
20
1669.8667766849
10
5425.5049974625
20
1669.4598273917
10
5425.4419889503
20
1669.0607734807
97
0
75
0
76
1
98
0
0
HATCH
5
776
100
AcDbEntity
8
Layer 7
6
ByLayer
370
-1
62
256
100
AcDbHatch
10
0
20
0
30
0
210
0
220
0
230
1
2
FILL_1910
70
1
71
0
91
2
92
0
93
37
72
4
94
2
73
0
74
0
95
6
96
3
40
0.0
40
0.0
40
0.0
40
1.0
40
1.0
40
1.0
10
2162.2928176796
20
2321.270718232
10
2161.546961326
20
2319.861878453
10
2161.7679558011
20
2318.2596685083
72
4
94
2
73
0
74
0
95
6
96
3
40
0.0
40
0.0
40
0.0
40
1.0
40
1.0
40
1.0
10
2161.7679558011
20
2318.2596685083
10
2161.6022099448
20
2317.8729281768
10
2161.4364640884
20
2317.5138121547
72
4
94
2
73
0
74
0
95
6
96
3
40
0.0
40
0.0
40
0.0
40
1.0
40
1.0
40
1.0
10
2161.4364640884
20
2317.5138121547
10
2157.4861878453
20
2310.1657458564
10
2156.2430939227
20
2301.8508287293
72
4
94
2
73
0
74
0
95
6
96
3
40
0.0
40
0.0
40
0.0
40
1.0
40
1.0
40
1.0
10
2156.2430939227
20
2301.8508287293
10
2155.6077348066
20
2301.1325966851
10
2155.8563535912
20
2300.3591160221
72
4
94
2
73
0
74
0
95
6
96
3
40
0.0
40
0.0
40
0.0
40
1.0
40
1.0
40
1.0
10
2155.8563535912
20
2300.3591160221
10
2151.8232044199
20
2292.5138121547
10
2150.5248618785
20
2283.9226519337
72
4
94
2
73
0
74
0
95
6
96
3
40
0.0
40
0.0
40
0.0
40
1.0
40
1.0
40
1.0
10
2150.5248618785
20
2283.9226519337
10
2148.0110497238
20
2279.5856353591
10
2147.7900552486
20
2274.1988950276
72
4
94
2
73
0
74
0
95
6
96
3
40
0.0
40
0.0
40
0.0
40
1.0
40
1.0
40
1.0
10
2147.7900552486
20
2274.1988950276
10
2145.5248618785
20
2270.5524861878
10
2145.2209944751
20
2265.7182320442
72
4
94
2
73
0
74
0
95
6
96
3
40
0.0
40
0.0
40
0.0
40
1.0
40
1.0
40
1.0
10
2145.2209944751
20
2265.7182320442
10
2145.0276243094
20
2265.5524861878
10
2144.861878453
20
2265.3591160221
72
4
94
2
73
0
74
0
95
6
96
3
40
0.0
40
0.0
40
0.0
40
1.0
40
1.0
40
1.0
10
2144.861878453
20
2265.3591160221
10
2142.7900552486
20
2261.3535911602
10
2142.320441989
20
2256.2154696133
72
1
10
2142.320441989
20
2256.2154696133
11
2140.6077348066
21
2251.270718232
72
1
10
2140.6077348066
20
2251.270718232
11
2138.0110497238
21
2242.4861878453
72
1
10
2138.0110497238
20
2242.4861878453
11
2130.9944751381
21
2218.3701657459
72
4
94
2
73
0
74
0
95
6
96
3
40
0.0
40
0.0
40
0.0
40
1.0
40
1.0
40
1.0
10
2130.9944751381
20
2218.3701657459
10
2128.2044198895
20
2214.9723756906
10
2128.6187845304
20
2210.4419889503
72
1
10
2128.6187845304
20
2210.4419889503
11
2125.6077348066
21
2200.9944751381
72
4
94
2
73
0
74
0
95
6
96
3
40
0.0
40
0.0
40
0.0
40
1.0
40
1.0
40
1.0
10
2125.6077348066
20
2200.9944751381
10
2122.9834254144
20
2197.044198895
10
2123.0110497238
20
2192.7624309392
72
1
10
2123.0110497238
20
2192.7624309392
11
2122.4861878453
21
2190.5524861878
72
4
94
2
73
0
74
0
95
6
96
3
40
0.0
40
0.0
40
0.0
40
1.0
40
1.0
40
1.0
10
2122.4861878453
20
2190.5524861878
10
2117.817679558
20
2183.591160221
10
2109.1160220994
20
2183.7845303867
72
4
94
2
73
0
74
0
95
6
96
3
40
0.0
40
0.0
40
0.0
40
1.0
40
1.0
40
1.0
10
2109.1160220994
20
2183.7845303867
10
2080.1104972376
20
2184.3922651934
10
2051.0497237569
20
2183.3701657459
72
1
10
2051.0497237569
20
2183.3701657459
11
2013.6464088398
21
2183.3977900552
72
1
10
2013.6464088398
20
2183.3977900552
11
1865.5248618785
21
2184.9171270718
72
4
94
2
73
0
74
0
95
6
96
3
40
0.0
40
0.0
40
0.0
40
1.0
40
1.0
40
1.0
10
1865.5248618785
20
2184.9171270718
10
1865.5248618785
20
2185.9668508287
10
1865.8011049724
20
2186.8784530387
72
4
94
3
73
0
74
0
95
8
96
4
40
0.0
40
0.0
40
0.0
40
0.0
40
1.0
40
1.0
40
1.0
40
1.0
10
1865.8011049724
20
2186.8784530387
10
1910.7458563536
20
2340.6629834254
10
1955.1657458564
20
2494.6132596685
10
2000.9392265193
20
2648.1491712707
72
4
94
2
73
0
74
0
95
6
96
3
40
0.0
40
0.0
40
0.0
40
1.0
40
1.0
40
1.0
10
2000.9392265193
20
2648.1491712707
10
2008.3977900552
20
2673.1767955801
10
1995.3591160221
20
2696.9889502762
72
4
94
2
73
0
74
0
95
6
96
3
40
0.0
40
0.0
40
0.0
40
1.0
40
1.0
40
1.0
10
1995.3591160221
20
2696.9889502762
10
1997.7348066298
20
2699.6685082873
10
2001.6298342541
20
2701.9060773481
72
4
94
2
73
0
74
0
95
6
96
3
40
0.0
40
0.0
40
0.0
40
1.0
40
1.0
40
1.0
10
2001.6298342541
20
2701.9060773481
10
2031.0220994475
20
2701.7955801105
10
2060.773480663
20
2701.6298342541
72
4
94
2
73
0
74
0
95
6
96
3
40
0.0
40
0.0
40
0.0
40
1.0
40
1.0
40
1.0
10
2060.773480663
20
2701.6298342541
10
2460.2762430939
20
2699.1160220994
10
2547.0994475138
20
2698.7016574586
72
4
94
2
73
0
74
0
95
6
96
3
40
0.0
40
0.0
40
0.0
40
1.0
40
1.0
40
1.0
10
2547.0994475138
20
2698.7016574586
10
2579.861878453
20
2698.5635359116
10
2593.1215469613
20
2694.3370165746
72
4
94
3
73
0
74
0
95
8
96
4
40
0.0
40
0.0
40
0.0
40
0.0
40
1.0
40
1.0
40
1.0
40
1.0
10
2593.1215469613
20
2694.3370165746
10
2622.817679558
20
2684.9171270718
10
2647.4585635359
20
2661.1049723757
10
2650.7458563536
20
2628.2872928177
72
4
94
2
73
0
74
0
95
6
96
3
40
0.0
40
0.0
40
0.0
40
1.0
40
1.0
40
1.0
10
2650.7458563536
20
2628.2872928177
10
2651.8508287293
20
2617.3480662983
10
2645.635359116
20
2597.3756906077
72
4
94
2
73
0
74
0
95
6
96
3
40
0.0
40
0.0
40
0.0
40
1.0
40
1.0
40
1.0
10
2645.635359116
20
2597.3756906077
10
2635.7458563536
20
2565.6906077348
10
2590.0
20
2410.6077348066
72
4
94
3
73
0
74
0
95
8
96
4
40
0.0
40
0.0
40
0.0
40
0.0
40
1.0
40
1.0
40
1.0
40
1.0
10
2590.0
20
2410.6077348066
10
2578.6187845304
20
2372.0994475138
10
2518.8121546961
20
2339.1160220994
10
2481.7955801105
20
2332.7071823204
72
4
94
2
73
0
74
0
95
6
96
3
40
0.0
40
0.0
40
0.0
40
1.0
40
1.0
40
1.0
10
2481.7955801105
20
2332.7071823204
10
2474.0607734807
20
2331.3535911602
10
2460.0552486188
20
2331.3259668508
72
4
94
2
73
0
74
0
95
6
96
3
40
0.0
40
0.0
40
0.0
40
1.0
40
1.0
40
1.0
10
2460.0552486188
20
2331.3259668508
10
2306.9060773481
20
2331.0497237569
10
2196.1878453039
20
2329.861878453
72
4
94
2
73
0
74
0
95
6
96
3
40
0.0
40
0.0
40
0.0
40
1.0
40
1.0
40
1.0
10
2196.1878453039
20
2329.861878453
10
2181.9613259669
20
2329.7237569061
10
2167.7900552486
20
2328.9226519337
72
1
10
2167.7900552486
20
2328.9226519337
11
2167.7900552486
21
2328.9226519337
72
4
94
3
73
0
74
0
95
8
96
4
40
0.0
40
0.0
40
0.0
40
0.0
40
1.0
40
1.0
40
1.0
40
1.0
10
2167.7900552486
20
2328.9226519337
10
2166.899134847
20
2328.8712526798
10
2166.1018017663
20
2328.3571826673
10
2165.6906077348
20
2327.5690607735
72
1
10
2165.6906077348
20
2327.5690607735
11
2162.2928176796
21
2321.270718232
97
0
92
0
93
17
72
4
94
2
73
0
74
0
95
6
96
3
40
0.0
40
0.0
40
0.0
40
1.0
40
1.0
40
1.0
10
2211.2154696133
20
2487.5138121547
10
2208.8121546961
20
2484.4475138122
10
2208.8674033149
20
2479.9723756906
72
1
10
2208.8674033149
20
2479.9723756906
11
2206.9613259669
21
2472.955801105
72
4
94
2
73
0
74
0
95
6
96
3
40
0.0
40
0.0
40
0.0
40
1.0
40
1.0
40
1.0
10
2206.9613259669
20
2472.955801105
10
2204.1712707182
20
2468.3701657459
10
2204.0331491713
20
2463.3701657459
72
1
10
2204.0331491713
20
2463.3701657459
11
2203.9779005525
21
2458.8121546961
72
4
94
3
73
0
74
0
95
8
96
4
40
0.0
40
0.0
40
0.0
40
0.0
40
1.0
40
1.0
40
1.0
40
1.0
10
2203.9779005525
20
2458.8121546961
10
2203.9706101013
20
2458.2945326653
10
2204.1740323589
20
2457.7955926958
10
2204.542651007
20
2457.4269740476
72
4
94
3
73
0
74
0
95
8
96
4
40
0.0
40
0.0
40
0.0
40
0.0
40
1.0
40
1.0
40
1.0
40
1.0
10
2204.542651007
20
2457.4269740476
10
2204.9112696552
20
2457.0583553995
10
2205.4143140374
20
2456.8508287293
10
2205.9392265193
20
2456.8508287293
72
4
94
2
73
0
74
0
95
6
96
3
40
0.0
40
0.0
40
0.0
40
1.0
40
1.0
40
1.0
10
2205.9392265193
20
2456.8508287293
10
2271.0773480663
20
2457.2651933702
10
2339.0883977901
20
2458.5635359116
72
4
94
2
73
0
74
0
95
6
96
3
40
0.0
40
0.0
40
0.0
40
1.0
40
1.0
40
1.0
10
2339.0883977901
20
2458.5635359116
10
2352.2651933702
20
2458.8121546961
10
2358.3425414365
20
2471.1325966851
72
4
94
2
73
0
74
0
95
6
96
3
40
0.0
40
0.0
40
0.0
40
1.0
40
1.0
40
1.0
10
2358.3425414365
20
2471.1325966851
10
2374.5027624309
20
2504.0055248619
10
2381.7403314917
20
2539.4751381215
72
4
94
3
73
0
74
0
95
8
96
4
40
0.0
40
0.0
40
0.0
40
0.0
40
1.0
40
1.0
40
1.0
40
1.0
10
2381.7403314917
20
2539.4751381215
10
2381.9952754869
20
2540.6588066707
10
2381.9952754869
20
2541.8920438174
10
2381.7403314917
20
2543.0939226519
72
4
94
2
73
0
74
0
95
6
96
3
40
0.0
40
0.0
40
0.0
40
1.0
40
1.0
40
1.0
10
2381.7403314917
20
2543.0939226519
10
2380.8563535912
20
2547.5414364641
10
2381.0220994475
20
2550.9668508287
72
4
94
3
73
0
74
0
95
8
96
4
40
0.0
40
0.0
40
0.0
40
0.0
40
1.0
40
1.0
40
1.0
40
1.0
10
2381.0220994475
20
2550.9668508287
10
2381.4364640884
20
2560.0
10
2374.4751381215
20
2564.4475138122
10
2366.546961326
20
2566.6850828729
72
1
10
2366.546961326
20
2566.6850828729
11
2366.546961326
21
2566.6850828729
72
4
94
3
73
0
74
0
95
8
96
4
40
0.0
40
0.0
40
0.0
40
0.0
40
1.0
40
1.0
40
1.0
40
1.0
10
2366.546961326
20
2566.6850828729
10
2366.1442176688
20
2566.813228582
10
2365.7249175904
20
2566.8784530387
10
2365.3038674033
20
2566.8784530387
72
1
10
2365.3038674033
20
2566.8784530387
11
2235.635359116
21
2567.182320442
72
4
94
3
73
0
74
0
95
8
96
4
40
0.0
40
0.0
40
0.0
40
0.0
40
1.0
40
1.0
40
1.0
40
1.0
10
2235.635359116
20
2567.182320442
10
2234.8641274609
20
2567.182320442
10
2234.1800048212
20
2566.666424681
10
2233.9502762431
20
2565.9116022099
72
1
10
2233.9502762431
20
2565.9116022099
11
2211.2154696133
21
2487.5138121547
97
0
75
0
76
1
98
0
0
HATCH
5
797
100
AcDbEntity
8
Layer 7
6
ByLayer
370
-1
62
256
100
AcDbHatch
10
0
20
0
30
0
210
0
220
0
230
1
2
FILL_1943
70
1
71
0
91
1
92
0
93
32
72
1
10
3300.3867403315
20
2187.7900552486
11
3297.7624309392
21
2184.9171270718
72
1
10
3297.7624309392
20
2184.9171270718
11
3041.3812154696
21
2184.1712707182
72
1
10
3041.3812154696
20
2184.1712707182
11
3038.7845303867
21
2185.0828729282
72
1
10
3038.7845303867
20
2185.0828729282
11
3038.1215469613
21
2185.5801104972
72
1
10
3038.1215469613
20
2185.5801104972
11
3038.1215469613
21
2185.5801104972
72
4
94
3
73
0
74
0
95
8
96
4
40
0.0
40
0.0
40
0.0
40
0.0
40
1.0
40
1.0
40
1.0
40
1.0
10
3038.1215469613
20
2185.5801104972
10
3037.994740509
20
2185.6888017421
10
3037.8996494898
20
2185.8219291689
10
3037.8453038674
20
2185.9668508287
72
1
10
3037.8453038674
20
2185.9668508287
11
2989.8342541436
21
2340.4419889503
72
1
10
2989.8342541436
20
2340.4419889503
11
2989.8342541436
21
2340.4419889503
72
4
94
3
73
0
74
0
95
8
96
4
40
0.0
40
0.0
40
0.0
40
0.0
40
1.0
40
1.0
40
1.0
40
1.0
10
2989.8342541436
20
2340.4419889503
10
2989.5864279293
20
2341.2185110887
10
2988.8758639762
20
2341.7514340535
10
2988.0662983425
20
2341.7679558011
72
1
10
2988.0662983425
20
2341.7679558011
11
2911.8784530387
21
2342.679558011
72
4
94
3
73
0
74
0
95
8
96
4
40
0.0
40
0.0
40
0.0
40
0.0
40
1.0
40
1.0
40
1.0
40
1.0
10
2911.8784530387
20
2342.679558011
10
2909.2769881658
20
2342.7122808396
10
2906.9680946708
20
2341.022846575
10
2906.2154696133
20
2338.5359116022
72
1
10
2906.2154696133
20
2338.5359116022
11
2861.0220994475
21
2189.5856353591
72
4
94
3
73
0
74
0
95
8
96
4
40
0.0
40
0.0
40
0.0
40
0.0
40
1.0
40
1.0
40
1.0
40
1.0
10
2861.0220994475
20
2189.5856353591
10
2860.7577919425
20
2188.759674406
10
2859.9915407098
20
2188.1933147992
10
2859.1160220994
20
2188.1767955801
72
1
10
2859.1160220994
20
2188.1767955801
11
2606.1878453039
21
2186.9060773481
72
4
94
3
73
0
74
0
95
8
96
4
40
0.0
40
0.0
40
0.0
40
0.0
40
1.0
40
1.0
40
1.0
40
1.0
10
2606.1878453039
20
2186.9060773481
10
2606.0396288458
20
2186.9060773481
10
2605.9003926956
20
2186.9770640746
10
2605.81305133
20
2187.0971584523
72
4
94
3
73
0
74
0
95
8
96
4
40
0.0
40
0.0
40
0.0
40
0.0
40
1.0
40
1.0
40
1.0
40
1.0
10
2605.81305133
20
2187.0971584523
10
2605.7257099644
20
2187.21725283
10
2605.7007469968
20
2187.3720398905
10
2605.7458563536
20
2187.5138121547
72
4
94
2
73
0
74
0
95
6
96
3
40
0.0
40
0.0
40
0.0
40
1.0
40
1.0
40
1.0
10
2605.7458563536
20
2187.5138121547
10
2636.9889502762
20
2293.3425414365
10
2715.7458563536
20
2557.7071823204
72
4
94
2
73
0
74
0
95
6
96
3
40
0.0
40
0.0
40
0.0
40
1.0
40
1.0
40
1.0
10
2715.7458563536
20
2557.7071823204
10
2728.8121546961
20
2601.546961326
10
2740.1657458564
20
2641.1878453039
72
4
94
3
73
0
74
0
95
8
96
4
40
0.0
40
0.0
40
0.0
40
0.0
40
1.0
40
1.0
40
1.0
40
1.0
10
2740.1657458564
20
2641.1878453039
10
2745.8011049724
20
2660.8563535912
10
2747.4585635359
20
2681.7955801105
10
2733.591160221
20
2698.591160221
72
4
94
2
73
0
74
0
95
6
96
3
40
0.0
40
0.0
40
0.0
40
1.0
40
1.0
40
1.0
10
2733.591160221
20
2698.591160221
10
2736.8784530387
20
2701.7955801105
10
2739.3370165746
20
2701.8784530387
72
4
94
2
73
0
74
0
95
6
96
3
40
0.0
40
0.0
40
0.0
40
1.0
40
1.0
40
1.0
10
2739.3370165746
20
2701.8784530387
10
2856.1602209945
20
2702.4585635359
10
2973.0662983425
20
2701.4917127072
72
4
94
2
73
0
74
0
95
6
96
3
40
0.0
40
0.0
40
0.0
40
1.0
40
1.0
40
1.0
10
2973.0662983425
20
2701.4917127072
10
3159.6408839779
20
2699.9447513812
10
3284.7237569061
20
2699.9723756906
72
4
94
2
73
0
74
0
95
6
96
3
40
0.0
40
0.0
40
0.0
40
1.0
40
1.0
40
1.0
10
3284.7237569061
20
2699.9723756906
10
3305.4419889503
20
2699.9723756906
10
3316.6574585635
20
2697.2375690608
72
4
94
3
73
0
74
0
95
8
96
4
40
0.0
40
0.0
40
0.0
40
0.0
40
1.0
40
1.0
40
1.0
40
1.0
10
3316.6574585635
20
2697.2375690608
10
3356.9060773481
20
2687.4309392265
10
3393.8674033149
20
2657.817679558
10
3390.8839779006
20
2612.7624309392
72
4
94
3
73
0
74
0
95
8
96
4
40
0.0
40
0.0
40
0.0
40
0.0
40
1.0
40
1.0
40
1.0
40
1.0
10
3390.8839779006
20
2612.7624309392
10
3390.8289494855
20
2611.8086050782
10
3390.6526009024
20
2610.8618916322
10
3390.3591160221
20
2609.9447513812
72
4
94
2
73
0
74
0
95
6
96
3
40
0.0
40
0.0
40
0.0
40
1.0
40
1.0
40
1.0
10
3390.3591160221
20
2609.9447513812
10
3357.3480662983
20
2507.7348066298
10
3338.9779005525
20
2447.2375690608
72
4
94
2
73
0
74
0
95
6
96
3
40
0.0
40
0.0
40
0.0
40
1.0
40
1.0
40
1.0
10
3338.9779005525
20
2447.2375690608
10
3331.4917127072
20
2422.5966850829
10
3324.7237569061
20
2412.1270718232
72
4
94
3
73
0
74
0
95
8
96
4
40
0.0
40
0.0
40
0.0
40
0.0
40
1.0
40
1.0
40
1.0
40
1.0
10
3324.7237569061
20
2412.1270718232
10
3309.0055248619
20
2387.8729281768
10
3276.0773480663
20
2360.0276243094
10
3246.3259668508
20
2356.1049723757
72
1
10
3246.3259668508
20
2356.1049723757
11
3246.3259668508
21
2356.1049723757
72
4
94
3
73
0
74
0
95
8
96
4
40
0.0
40
0.0
40
0.0
40
0.0
40
1.0
40
1.0
40
1.0
40
1.0
10
3246.3259668508
20
2356.1049723757
10
3245.8493857163
20
2356.0436976584
10
3245.4249596453
20
2355.7731004526
10
3245.168476882
20
2355.367002744
72
4
94
3
73
0
74
0
95
8
96
4
40
0.0
40
0.0
40
0.0
40
0.0
40
1.0
40
1.0
40
1.0
40
1.0
10
3245.168476882
20
2355.367002744
10
3244.9119941187
20
2354.9609050354
10
3244.8502173577
20
2354.4616810906
10
3245.0
20
2354.0055248619
72
1
10
3245.0
20
2354.0055248619
11
3300.3867403315
21
2187.7900552486
97
0
75
0
76
1
98
0
0
HATCH
5
7ab
100
AcDbEntity
8
Layer 7
6
ByLayer
370
-1
62
256
100
AcDbHatch
10
0
20
0
30
0
210
0
220
0
230
1
2
FILL_1963
70
1
71
0
91
1
92
0
93
19
72
4
94
2
73
0
74
0
95
6
96
3
40
0.0
40
0.0
40
0.0
40
1.0
40
1.0
40
1.0
10
3919.226519337
20
2184.9171270718
10
3918.5635359116
20
2184.861878453
10
3913.7569060773
20
2185.8839779006
72
1
10
3913.7569060773
20
2185.8839779006
11
3913.7569060773
21
2185.8839779006
72
4
94
3
73
0
74
0
95
8
96
4
40
0.0
40
0.0
40
0.0
40
0.0
40
1.0
40
1.0
40
1.0
40
1.0
10
3913.7569060773
20
2185.8839779006
10
3912.9302180131
20
2186.0493155134
10
3912.0974062963
20
2186.1325966851
10
3911.270718232
20
2186.1325966851
72
4
94
2
73
0
74
0
95
6
96
3
40
0.0
40
0.0
40
0.0
40
1.0
40
1.0
40
1.0
10
3911.270718232
20
2186.1325966851
10
3704.5303867403
20
2186.5193370166
10
3481.2154696133
20
2184.9171270718
72
4
94
3
73
0
74
0
95
8
96
4
40
0.0
40
0.0
40
0.0
40
0.0
40
1.0
40
1.0
40
1.0
40
1.0
10
3481.2154696133
20
2184.9171270718
10
3468.9502762431
20
2184.8342541436
10
3453.6464088398
20
2186.7127071823
10
3443.4806629834
20
2189.3370165746
72
4
94
3
73
0
74
0
95
8
96
4
40
0.0
40
0.0
40
0.0
40
0.0
40
1.0
40
1.0
40
1.0
40
1.0
10
3443.4806629834
20
2189.3370165746
10
3409.6408839779
20
2198.0386740331
10
3376.7955801105
20
2225.0276243094
10
3376.6298342541
20
2262.3756906077
72
1
10
3376.6298342541
20
2262.3756906077
11
3376.6298342541
21
2262.3756906077
72
4
94
3
73
0
74
0
95
8
96
4
40
0.0
40
0.0
40
0.0
40
0.0
40
1.0
40
1.0
40
1.0
40
1.0
10
3376.6298342541
20
2262.3756906077
10
3376.6115303913
20
2263.455618518
10
3376.7606575354
20
2264.5274698663
10
3377.0718232044
20
2265.5524861878
72
4
94
2
73
0
74
0
95
6
96
3
40
0.0
40
0.0
40
0.0
40
1.0
40
1.0
40
1.0
10
3377.0718232044
20
2265.5524861878
10
3438.8397790055
20
2475.0
10
3466.8508287293
20
2575.7458563536
72
4
94
3
73
0
74
0
95
8
96
4
40
0.0
40
0.0
40
0.0
40
0.0
40
1.0
40
1.0
40
1.0
40
1.0
10
3466.8508287293
20
2575.7458563536
10
3469.4198895028
20
2585.0
10
3473.9226519337
20
2603.8397790055
10
3478.4254143646
20
2613.8397790055
72
4
94
3
73
0
74
0
95
8
96
4
40
0.0
40
0.0
40
0.0
40
0.0
40
1.0
40
1.0
40
1.0
40
1.0
10
3478.4254143646
20
2613.8397790055
10
3502.5690607735
20
2667.7071823204
10
3555.3867403315
20
2694.8342541436
10
3612.6519337017
20
2700.6906077348
72
4
94
3
73
0
74
0
95
8
96
4
40
0.0
40
0.0
40
0.0
40
0.0
40
1.0
40
1.0
40
1.0
40
1.0
10
3612.6519337017
20
2700.6906077348
10
3615.3591160221
20
2700.9668508287
10
3617.8453038674
20
2700.1104972376
10
3620.8839779006
20
2700.1104972376
72
4
94
2
73
0
74
0
95
6
96
3
40
0.0
40
0.0
40
0.0
40
1.0
40
1.0
40
1.0
10
3620.8839779006
20
2700.1104972376
10
3979.0607734807
20
2701.2430939227
10
4043.9779005525
20
2701.9060773481
72
4
94
2
73
0
74
0
95
6
96
3
40
0.0
40
0.0
40
0.0
40
1.0
40
1.0
40
1.0
10
4043.9779005525
20
2701.9060773481
10
4051.4640883978
20
2701.9889502762
10
4061.270718232
20
2700.635359116
72
4
94
3
73
0
74
0
95
8
96
4
40
0.0
40
0.0
40
0.0
40
0.0
40
1.0
40
1.0
40
1.0
40
1.0
10
4061.270718232
20
2700.635359116
10
4077.3756906077
20
2698.3977900552
10
4090.8839779006
20
2695.6629834254
10
4105.635359116
20
2688.6464088398
72
4
94
3
73
0
74
0
95
8
96
4
40
0.0
40
0.0
40
0.0
40
0.0
40
1.0
40
1.0
40
1.0
40
1.0
10
4105.635359116
20
2688.6464088398
10
4148.3425414365
20
2668.4254143646
10
4159.5580110497
20
2629.0883977901
10
4146.6574585635
20
2585.4419889503
72
4
94
2
73
0
74
0
95
6
96
3
40
0.0
40
0.0
40
0.0
40
1.0
40
1.0
40
1.0
10
4146.6574585635
20
2585.4419889503
10
4088.3701657459
20
2388.3701657459
10
4054.1712707182
20
2274.0055248619
72
4
94
2
73
0
74
0
95
6
96
3
40
0.0
40
0.0
40
0.0
40
1.0
40
1.0
40
1.0
10
4054.1712707182
20
2274.0055248619
10
4051.4917127072
20
2265.1104972376
10
4042.7900552486
20
2252.5966850829
72
4
94
3
73
0
74
0
95
8
96
4
40
0.0
40
0.0
40
0.0
40
0.0
40
1.0
40
1.0
40
1.0
40
1.0
10
4042.7900552486
20
2252.5966850829
10
4015.3038674033
20
2213.0662983425
10
3966.1602209945
20
2189.5027624309
10
3919.226519337
20
2184.9171270718
97
0
75
0
76
1
98
0
0
HATCH
5
7bc
100
AcDbEntity
8
Layer 7
6
ByLayer
370
-1
62
256
100
AcDbHatch
10
0
20
0
30
0
210
0
220
0
230
1
2
FILL_1980
70
1
71
0
91
1
92
0
93
16
72
1
10
4231.1325966851
20
2252.4309392265
11
4233.8950276243
21
2278.591160221
72
1
10
4233.8950276243
20
2278.591160221
11
4233.8950276243
21
2278.591160221
72
4
94
3
73
0
74
0
95
8
96
4
40
0.0
40
0.0
40
0.0
40
0.0
40
1.0
40
1.0
40
1.0
40
1.0
10
4233.8950276243
20
2278.591160221
10
4234.0051634126
20
2279.5666486313
10
4234.8256165621
20
2280.3038674033
10
4235.8011049724
20
2280.3038674033
72
4
94
2
73
0
74
0
95
6
96
3
40
0.0
40
0.0
40
0.0
40
1.0
40
1.0
40
1.0
10
4235.8011049724
20
2280.3038674033
10
5322.6243093923
20
2284.0331491713
10
5580.8011049724
20
2285.138121547
72
4
94
2
73
0
74
0
95
6
96
3
40
0.0
40
0.0
40
0.0
40
1.0
40
1.0
40
1.0
10
5580.8011049724
20
2285.138121547
10
5629.7237569061
20
2285.3314917127
10
5703.2596685083
20
2286.9337016575
72
1
10
5703.2596685083
20
2286.9337016575
11
5703.2596685083
21
2286.9337016575
72
4
94
3
73
0
74
0
95
8
96
4
40
0.0
40
0.0
40
0.0
40
0.0
40
1.0
40
1.0
40
1.0
40
1.0
10
5703.2596685083
20
2286.9337016575
10
5703.5836673306
20
2286.9464074936
10
5703.8935457033
20
2286.800710647
10
5704.0911102932
20
2286.542779099
72
4
94
3
73
0
74
0
95
8
96
4
40
0.0
40
0.0
40
0.0
40
0.0
40
1.0
40
1.0
40
1.0
40
1.0
10
5704.0911102932
20
2286.542779099
10
5704.2886748831
20
2286.2848475511
10
5704.3494374177
20
2285.9466521022
10
5704.2541436464
20
2285.635359116
72
1
10
5704.2541436464
20
2285.635359116
11
5696.7127071823
21
2260.8287292818
72
4
94
3
73
0
74
0
95
8
96
4
40
0.0
40
0.0
40
0.0
40
0.0
40
1.0
40
1.0
40
1.0
40
1.0
10
5696.7127071823
20
2260.8287292818
10
5696.4837907886
20
2260.0275219039
10
5695.7510367917
20
2259.4751381215
10
5694.9171270718
20
2259.4751381215
72
4
94
2
73
0
74
0
95
6
96
3
40
0.0
40
0.0
40
0.0
40
1.0
40
1.0
40
1.0
10
5694.9171270718
20
2259.4751381215
10
5226.3259668508
20
2256.7679558011
10
4327.3756906077
20
2253.1767955801
72
4
94
2
73
0
74
0
95
6
96
3
40
0.0
40
0.0
40
0.0
40
1.0
40
1.0
40
1.0
10
4327.3756906077
20
2253.1767955801
10
4297.044198895
20
2253.0386740331
10
4232.4309392265
20
2251.0220994475
72
1
10
4232.4309392265
20
2251.0220994475
11
4232.4309392265
21
2251.0220994475
72
4
94
3
73
0
74
0
95
8
96
4
40
0.0
40
0.0
40
0.0
40
0.0
40
1.0
40
1.0
40
1.0
40
1.0
10
4232.4309392265
20
2251.0220994475
10
4232.0641237972
20
2251.0082573558
10
4231.7096189562
20
2251.1560090975
10
4231.4601517181
20
2251.42670759
72
4
94
3
73
0
74
0
95
8
96
4
40
0.0
40
0.0
40
0.0
40
0.0
40
1.0
40
1.0
40
1.0
40
1.0
10
4231.4601517181
20
2251.42670759
10
4231.2106844799
20
2251.6974060824
10
4231.0910704101
20
2252.0641237972
10
4231.1325966851
20
2252.4309392265
72
1
10
4231.1325966851
20
2252.4309392265
11
4231.1325966851
21
2252.4309392265
97
0
75
0
76
1
98
0
0
HATCH
5
7ca
100
AcDbEntity
8
Layer 7
6
ByLayer
370
-1
62
256
100
AcDbHatch
10
0
20
0
30
0
210
0
220
0
230
1
2
FILL_1994
70
1
71
0
91
1
92
0
93
13
72
4
94
3
73
0
74
0
95
8
96
4
40
0.0
40
0.0
40
0.0
40
0.0
40
1.0
40
1.0
40
1.0
40
1.0
10
407.7071823204
20
2257.1270718232
10
407.5543788536
20
2257.1270718232
10
407.4087617676
20
2257.1910051291
10
407.3080603964
20
2257.3023066446
72
4
94
3
73
0
74
0
95
8
96
4
40
0.0
40
0.0
40
0.0
40
0.0
40
1.0
40
1.0
40
1.0
40
1.0
10
407.3080603964
20
2257.3023066446
10
407.2073590253
20
2257.4136081601
10
407.1614836056
20
2257.5613244657
10
407.182320442
20
2257.7071823204
72
1
10
407.182320442
20
2257.7071823204
11
410.3591160221
21
2280.2762430939
72
4
94
3
73
0
74
0
95
8
96
4
40
0.0
40
0.0
40
0.0
40
0.0
40
1.0
40
1.0
40
1.0
40
1.0
10
410.3591160221
20
2280.2762430939
10
410.4063466234
20
2280.6855749718
10
410.7508891165
20
2280.9944751381
10
411.1602209945
20
2280.9944751381
72
1
10
411.1602209945
20
2280.9944751381
11
1726.9337016575
21
2277.8729281768
72
1
10
1726.9337016575
20
2277.8729281768
11
1726.9337016575
21
2277.8729281768
72
4
94
3
73
0
74
0
95
8
96
4
40
0.0
40
0.0
40
0.0
40
0.0
40
1.0
40
1.0
40
1.0
40
1.0
10
1726.9337016575
20
2277.8729281768
10
1727.0862937712
20
2277.8729281768
10
1727.2290664851
20
2277.7979791039
10
1727.3168470273
20
2277.6717945744
72
4
94
3
73
0
74
0
95
8
96
4
40
0.0
40
0.0
40
0.0
40
0.0
40
1.0
40
1.0
40
1.0
40
1.0
10
1727.3168470273
20
2277.6717945744
10
1727.4046275696
20
2277.5456100449
10
1727.4265546457
20
2277.3838031698
10
1727.3756906077
20
2277.2375690608
72
1
10
1727.3756906077
20
2277.2375690608
11
1719.2541436464
21
2255.7182320442
72
1
10
1719.2541436464
20
2255.7182320442
11
1719.2541436464
21
2255.7182320442
72
4
94
3
73
0
74
0
95
8
96
4
40
0.0
40
0.0
40
0.0
40
0.0
40
1.0
40
1.0
40
1.0
40
1.0
10
1719.2541436464
20
2255.7182320442
10
1719.1206737889
20
2255.3845574004
10
1718.8033970501
20
2255.1657458564
10
1718.453038674
20
2255.1657458564
72
4
94
2
73
0
74
0
95
6
96
3
40
0.0
40
0.0
40
0.0
40
1.0
40
1.0
40
1.0
10
1718.453038674
20
2255.1657458564
10
1638.9779005525
20
2256.408839779
10
1535.2209944751
20
2256.5193370166
72
4
94
2
73
0
74
0
95
6
96
3
40
0.0
40
0.0
40
0.0
40
1.0
40
1.0
40
1.0
10
1535.2209944751
20
2256.5193370166
10
1190.8287292818
20
2256.9613259669
10
407.7071823204
20
2257.1270718232
97
0
75
0
76
1
98
0
0
HATCH
5
7fc
100
AcDbEntity
8
Layer 7
6
ByLayer
370
-1
62
256
100
AcDbHatch
10
0
20
0
30
0
210
0
220
0
230
1
2
FILL_2044
70
1
71
0
91
1
92
0
93
49
72
4
94
2
73
0
74
0
95
6
96
3
40
0.0
40
0.0
40
0.0
40
1.0
40
1.0
40
1.0
10
3059.4751381215
20
1930.5524861878
10
3058.4254143646
20
1927.0994475138
10
3059.4751381215
20
1924.4751381215
72
4
94
2
73
0
74
0
95
6
96
3
40
0.0
40
0.0
40
0.0
40
1.0
40
1.0
40
1.0
10
3059.4751381215
20
1924.4751381215
10
3045.5524861878
20
1868.8121546961
10
3031.7955801105
20
1812.8453038674
72
4
94
2
73
0
74
0
95
6
96
3
40
0.0
40
0.0
40
0.0
40
1.0
40
1.0
40
1.0
10
3031.7955801105
20
1812.8453038674
10
3030.635359116
20
1808.2320441989
10
3025.9944751381
20
1803.5359116022
72
1
10
3025.9944751381
20
1803.5359116022
11
3025.9944751381
21
1803.5359116022
72
4
94
3
73
0
74
0
95
8
96
4
40
0.0
40
0.0
40
0.0
40
0.0
40
1.0
40
1.0
40
1.0
40
1.0
10
3025.9944751381
20
1803.5359116022
10
3025.9031367441
20
1803.4263055294
10
3025.7908571771
20
1803.3327392235
10
3025.6629834254
20
1803.2596685083
72
1
10
3025.6629834254
20
1803.2596685083
11
2935.0
21
1750.1104972376
72
1
10
2935.0
20
1750.1104972376
11
2935.0
21
1750.1104972376
72
4
94
3
73
0
74
0
95
8
96
4
40
0.0
40
0.0
40
0.0
40
0.0
40
1.0
40
1.0
40
1.0
40
1.0
10
2935.0
20
1750.1104972376
10
2932.6246912399
20
1748.7196914504
10
2931.7128981061
20
1745.7323692095
10
2932.9005524862
20
1743.2320441989
72
1
10
2932.9005524862
20
1743.2320441989
11
2957.2928176796
21
1691.9889502762
72
4
94
3
73
0
74
0
95
8
96
4
40
0.0
40
0.0
40
0.0
40
0.0
40
1.0
40
1.0
40
1.0
40
1.0
10
2957.2928176796
20
1691.9889502762
10
2957.8045358874
20
1690.9091779111
10
2958.9121543303
20
1690.2388953745
10
2960.1050753056
20
1690.2870942017
72
4
94
3
73
0
74
0
95
8
96
4
40
0.0
40
0.0
40
0.0
40
0.0
40
1.0
40
1.0
40
1.0
40
1.0
10
2960.1050753056
20
1690.2870942017
10
2961.2979962809
20
1690.335293029
10
2962.3446059806
20
1691.0926150866
10
2962.7624309392
20
1692.2099447514
72
1
10
2962.7624309392
20
1692.2099447514
11
2983.453038674
21
1747.4309392265
72
1
10
2983.453038674
20
1747.4309392265
11
2991.6298342541
21
1747.1546961326
72
1
10
2991.6298342541
20
1747.1546961326
11
3086.2154696133
21
1745.7182320442
72
1
10
3086.2154696133
20
1745.7182320442
11
3088.1767955801
21
1743.0386740331
72
1
10
3088.1767955801
20
1743.0386740331
11
3007.4033149171
21
1605.1657458564
72
1
10
3007.4033149171
20
1605.1657458564
11
3007.4033149171
21
1605.1657458564
72
4
94
3
73
0
74
0
95
8
96
4
40
0.0
40
0.0
40
0.0
40
0.0
40
1.0
40
1.0
40
1.0
40
1.0
10
3007.4033149171
20
1605.1657458564
10
3006.6022840595
20
1603.8022890775
10
3006.6128651592
20
1602.0987320328
10
3007.4309392265
20
1600.7182320442
72
1
10
3007.4309392265
20
1600.7182320442
11
3040.3591160221
21
1544.8895027624
72
4
94
2
73
0
74
0
95
6
96
3
40
0.0
40
0.0
40
0.0
40
1.0
40
1.0
40
1.0
10
3040.3591160221
20
1544.8895027624
10
3039.5580110497
20
1542.182320442
10
3040.3867403315
20
1539.2817679558
72
1
10
3040.3867403315
20
1539.2817679558
11
3017.320441989
21
1493.0386740331
72
4
94
3
73
0
74
0
95
8
96
4
40
0.0
40
0.0
40
0.0
40
0.0
40
1.0
40
1.0
40
1.0
40
1.0
10
3017.320441989
20
1493.0386740331
10
3016.6226487137
20
1491.6771261789
10
3015.2333987946
20
1490.8075193593
10
3013.7016574586
20
1490.773480663
72
1
10
3013.7016574586
20
1490.773480663
11
2944.6961325967
21
1489.6961325967
72
4
94
3
73
0
74
0
95
8
96
4
40
0.0
40
0.0
40
0.0
40
0.0
40
1.0
40
1.0
40
1.0
40
1.0
10
2944.6961325967
20
1489.6961325967
10
2943.9596423298
20
1489.6961325967
10
2943.27736146
20
1490.0845078611
10
2942.9005524862
20
1490.7182320442
72
1
10
2942.9005524862
20
1490.7182320442
11
2926.3535911602
21
1519.364640884
72
1
10
2926.3535911602
20
1519.364640884
11
2926.3535911602
21
1519.364640884
72
4
94
3
73
0
74
0
95
8
96
4
40
0.0
40
0.0
40
0.0
40
0.0
40
1.0
40
1.0
40
1.0
40
1.0
10
2926.3535911602
20
1519.364640884
10
2925.917875592
20
1520.1271431284
10
2925.1644107814
20
1520.6552453985
10
2924.2987688566
20
1520.8048625213
72
4
94
3
73
0
74
0
95
8
96
4
40
0.0
40
0.0
40
0.0
40
0.0
40
1.0
40
1.0
40
1.0
40
1.0
10
2924.2987688566
20
1520.8048625213
10
2923.4331269318
20
1520.9544796441
10
2922.5456425025
20
1520.7099982303
10
2921.8784530387
20
1520.138121547
72
4
94
3
73
0
74
0
95
8
96
4
40
0.0
40
0.0
40
0.0
40
0.0
40
1.0
40
1.0
40
1.0
40
1.0
10
2921.8784530387
20
1520.138121547
10
2907.6243093923
20
1507.7900552486
10
2893.0110497238
20
1499.1436464088
10
2873.4254143646
20
1496.1878453039
72
4
94
2
73
0
74
0
95
6
96
3
40
0.0
40
0.0
40
0.0
40
1.0
40
1.0
40
1.0
10
2873.4254143646
20
1496.1878453039
10
2854.364640884
20
1493.2872928177
10
2842.4861878453
20
1493.2320441989
72
4
94
2
73
0
74
0
95
6
96
3
40
0.0
40
0.0
40
0.0
40
1.0
40
1.0
40
1.0
10
2842.4861878453
20
1493.2320441989
10
2786.1602209945
20
1492.9281767956
10
2738.729281768
20
1494.2541436464
72
1
10
2738.729281768
20
1494.2541436464
11
2738.729281768
21
1494.2541436464
72
4
94
3
73
0
74
0
95
8
96
4
40
0.0
40
0.0
40
0.0
40
0.0
40
1.0
40
1.0
40
1.0
40
1.0
10
2738.729281768
20
1494.2541436464
10
2737.6836267689
20
1494.2724884709
10
2736.644324466
20
1494.4209602285
10
2735.635359116
20
1494.6961325967
72
4
94
3
73
0
74
0
95
8
96
4
40
0.0
40
0.0
40
0.0
40
0.0
40
1.0
40
1.0
40
1.0
40
1.0
10
2735.635359116
20
1494.6961325967
10
2712.4585635359
20
1501.1602209945
10
2695.4419889503
20
1517.1270718232
10
2694.9171270718
20
1542.1546961326
72
4
94
3
73
0
74
0
95
8
96
4
40
0.0
40
0.0
40
0.0
40
0.0
40
1.0
40
1.0
40
1.0
40
1.0
10
2694.9171270718
20
1542.1546961326
10
2694.9171270718
20
1542.3931701382
10
2694.9449675372
20
1542.6251740161
10
2695.0
20
1542.8453038674
72
1
10
2695.0
20
1542.8453038674
11
2735.1104972376
21
1704.6685082873
72
4
94
2
73
0
74
0
95
6
96
3
40
0.0
40
0.0
40
0.0
40
1.0
40
1.0
40
1.0
10
2735.1104972376
20
1704.6685082873
10
2735.138121547
20
1704.7513812155
10
2735.1657458564
20
1704.8342541436
72
4
94
3
73
0
74
0
95
8
96
4
40
0.0
40
0.0
40
0.0
40
0.0
40
1.0
40
1.0
40
1.0
40
1.0
10
2735.1657458564
20
1704.8342541436
10
2749.5027624309
20
1732.679558011
10
2784.1436464088
20
1746.1325966851
10
2813.3977900552
20
1756.1878453039
72
1
10
2813.3977900552
20
1756.1878453039
11
2813.3977900552
21
1756.1878453039
72
4
94
3
73
0
74
0
95
8
96
4
40
0.0
40
0.0
40
0.0
40
0.0
40
1.0
40
1.0
40
1.0
40
1.0
10
2813.3977900552
20
1756.1878453039
10
2814.2466028571
20
1756.4833579089
10
2814.8973015029
20
1757.1753161753
10
2815.1396874289
20
1758.0401932296
72
4
94
3
73
0
74
0
95
8
96
4
40
0.0
40
0.0
40
0.0
40
0.0
40
1.0
40
1.0
40
1.0
40
1.0
10
2815.1396874289
20
1758.0401932296
10
2815.382073355
20
1758.9050702838
10
2815.185422372
20
1759.8332366325
10
2814.6132596685
20
1760.5248618785
72
4
94
2
73
0
74
0
95
6
96
3
40
0.0
40
0.0
40
0.0
40
1.0
40
1.0
40
1.0
10
2814.6132596685
20
1760.5248618785
10
2793.3425414365
20
1786.270718232
10
2796.2430939227
20
1816.8784530387
72
4
94
2
73
0
74
0
95
6
96
3
40
0.0
40
0.0
40
0.0
40
1.0
40
1.0
40
1.0
10
2796.2430939227
20
1816.8784530387
10
2796.9337016575
20
1824.1436464088
10
2803.7569060773
20
1853.0662983425
72
4
94
3
73
0
74
0
95
8
96
4
40
0.0
40
0.0
40
0.0
40
0.0
40
1.0
40
1.0
40
1.0
40
1.0
10
2803.7569060773
20
1853.0662983425
10
2809.6132596685
20
1877.7624309392
10
2814.1436464088
20
1898.0110497238
10
2824.5027624309
20
1920.635359116
72
4
94
3
73
0
74
0
95
8
96
4
40
0.0
40
0.0
40
0.0
40
0.0
40
1.0
40
1.0
40
1.0
40
1.0
10
2824.5027624309
20
1920.635359116
10
2835.4696132597
20
1944.5580110497
10
2849.9447513812
20
1959.8895027624
10
2874.2541436464
20
1967.4309392265
72
4
94
2
73
0
74
0
95
6
96
3
40
0.0
40
0.0
40
0.0
40
1.0
40
1.0
40
1.0
10
2874.2541436464
20
1967.4309392265
10
2886.3535911602
20
1971.1878453039
10
2910.6629834254
20
1970.3038674033
72
4
94
2
73
0
74
0
95
6
96
3
40
0.0
40
0.0
40
0.0
40
1.0
40
1.0
40
1.0
10
2910.6629834254
20
1970.3038674033
10
2958.8674033149
20
1968.5359116022
10
3005.3591160221
20
1968.2320441989
72
4
94
2
73
0
74
0
95
6
96
3
40
0.0
40
0.0
40
0.0
40
1.0
40
1.0
40
1.0
10
3005.3591160221
20
1968.2320441989
10
3024.9447513812
20
1968.0939226519
10
3035.4143646409
20
1963.3149171271
72
4
94
2
73
0
74
0
95
6
96
3
40
0.0
40
0.0
40
0.0
40
1.0
40
1.0
40
1.0
10
3035.4143646409
20
1963.3149171271
10
3055.0828729282
20
1954.3370165746
10
3059.4751381215
20
1930.5524861878
97
0
75
0
76
1
98
0
0
HATCH
5
80b
100
AcDbEntity
8
Layer 8
6
ByLayer
370
-1
62
256
100
AcDbHatch
10
0
20
0
30
0
210
0
220
0
230
1
2
FILL_2059
70
1
71
0
91
1
92
0
93
12
72
4
94
3
73
0
74
0
95
8
96
4
40
0.0
40
0.0
40
0.0
40
0.0
40
1.0
40
1.0
40
1.0
40
1.0
10
2947.0994475138
20
2466.1602209945
10
2946.7550991438
20
2466.1602209945
10
2946.4302947742
20
2466.3205768687
10
2946.2234988928
20
2466.5926767127
72
4
94
3
73
0
74
0
95
8
96
4
40
0.0
40
0.0
40
0.0
40
0.0
40
1.0
40
1.0
40
1.0
40
1.0
10
2946.2234988928
20
2466.5926767127
10
2946.0167030114
20
2466.8647765567
10
2945.952266671
20
2467.2165795112
10
2946.0497237569
20
2467.5414364641
72
1
10
2946.0497237569
20
2467.5414364641
11
2975.2762430939
21
2563.7845303867
72
1
10
2975.2762430939
20
2563.7845303867
11
2975.2762430939
21
2563.7845303867
72
4
94
3
73
0
74
0
95
8
96
4
40
0.0
40
0.0
40
0.0
40
0.0
40
1.0
40
1.0
40
1.0
40
1.0
10
2975.2762430939
20
2563.7845303867
10
2975.8045869791
20
2565.5511802529
10
2977.4160536112
20
2566.7847857436
10
2979.2817679558
20
2566.8508287293
72
4
94
2
73
0
74
0
95
6
96
3
40
0.0
40
0.0
40
0.0
40
1.0
40
1.0
40
1.0
10
2979.2817679558
20
2566.8508287293
10
3043.5635359116
20
2568.9226519337
10
3106.1602209945
20
2567.679558011
72
4
94
2
73
0
74
0
95
6
96
3
40
0.0
40
0.0
40
0.0
40
1.0
40
1.0
40
1.0
10
3106.1602209945
20
2567.679558011
10
3122.0165745856
20
2567.3756906077
10
3124.0331491713
20
2551.1325966851
72
4
94
3
73
0
74
0
95
8
96
4
40
0.0
40
0.0
40
0.0
40
0.0
40
1.0
40
1.0
40
1.0
40
1.0
10
3124.0331491713
20
2551.1325966851
10
3124.160732819
20
2550.1483799742
10
3124.0855482269
20
2549.1427860556
10
3123.8121546961
20
2548.1767955801
72
4
94
2
73
0
74
0
95
6
96
3
40
0.0
40
0.0
40
0.0
40
1.0
40
1.0
40
1.0
10
3123.8121546961
20
2548.1767955801
10
3114.8342541436
20
2515.6629834254
10
3109.226519337
20
2493.1215469613
72
4
94
2
73
0
74
0
95
6
96
3
40
0.0
40
0.0
40
0.0
40
1.0
40
1.0
40
1.0
10
3109.226519337
20
2493.1215469613
10
3105.3591160221
20
2477.5414364641
10
3094.6961325967
20
2471.3535911602
72
4
94
2
73
0
74
0
95
6
96
3
40
0.0
40
0.0
40
0.0
40
1.0
40
1.0
40
1.0
10
3094.6961325967
20
2471.3535911602
10
3087.6243093923
20
2467.2651933702
10
3068.6187845304
20
2466.9060773481
72
4
94
2
73
0
74
0
95
6
96
3
40
0.0
40
0.0
40
0.0
40
1.0
40
1.0
40
1.0
10
3068.6187845304
20
2466.9060773481
10
2994.5580110497
20
2465.4696132597
10
2947.0994475138
20
2466.1602209945
97
0
75
0
76
1
98
0
0
HATCH
5
81e
100
AcDbEntity
8
Layer 8
6
ByLayer
370
-1
62
256
100
AcDbHatch
10
0
20
0
30
0
210
0
220
0
230
1
2
FILL_2078
70
1
71
0
91
1
92
0
93
18
72
4
94
2
73
0
74
0
95
6
96
3
40
0.0
40
0.0
40
0.0
40
1.0
40
1.0
40
1.0
10
2204.0331491713
20
2463.3701657459
10
2206.8784530387
20
2467.679558011
10
2206.9613259669
20
2472.955801105
72
1
10
2206.9613259669
20
2472.955801105
11
2208.8674033149
21
2479.9723756906
72
4
94
2
73
0
74
0
95
6
96
3
40
0.0
40
0.0
40
0.0
40
1.0
40
1.0
40
1.0
10
2208.8674033149
20
2479.9723756906
10
2211.270718232
20
2484.0055248619
10
2211.2154696133
20
2487.5138121547
72
1
10
2211.2154696133
20
2487.5138121547
11
2233.9502762431
21
2565.9116022099
72
1
10
2233.9502762431
20
2565.9116022099
11
2233.9502762431
21
2565.9116022099
72
4
94
3
73
0
74
0
95
8
96
4
40
0.0
40
0.0
40
0.0
40
0.0
40
1.0
40
1.0
40
1.0
40
1.0
10
2233.9502762431
20
2565.9116022099
10
2234.1800048212
20
2566.666424681
10
2234.8641274609
20
2567.182320442
10
2235.635359116
20
2567.182320442
72
1
10
2235.635359116
20
2567.182320442
11
2365.3038674033
21
2566.8784530387
72
4
94
3
73
0
74
0
95
8
96
4
40
0.0
40
0.0
40
0.0
40
0.0
40
1.0
40
1.0
40
1.0
40
1.0
10
2365.3038674033
20
2566.8784530387
10
2365.7249175904
20
2566.8784530387
10
2366.1442176688
20
2566.813228582
10
2366.546961326
20
2566.6850828729
72
4
94
3
73
0
74
0
95
8
96
4
40
0.0
40
0.0
40
0.0
40
0.0
40
1.0
40
1.0
40
1.0
40
1.0
10
2366.546961326
20
2566.6850828729
10
2374.4751381215
20
2564.4475138122
10
2381.4364640884
20
2560.0
10
2381.0220994475
20
2550.9668508287
72
4
94
2
73
0
74
0
95
6
96
3
40
0.0
40
0.0
40
0.0
40
1.0
40
1.0
40
1.0
10
2381.0220994475
20
2550.9668508287
10
2380.8563535912
20
2547.5414364641
10
2381.7403314917
20
2543.0939226519
72
1
10
2381.7403314917
20
2543.0939226519
11
2381.7403314917
21
2543.0939226519
72
4
94
3
73
0
74
0
95
8
96
4
40
0.0
40
0.0
40
0.0
40
0.0
40
1.0
40
1.0
40
1.0
40
1.0
10
2381.7403314917
20
2543.0939226519
10
2381.9952754869
20
2541.8920438174
10
2381.9952754869
20
2540.6588066707
10
2381.7403314917
20
2539.4751381215
72
4
94
2
73
0
74
0
95
6
96
3
40
0.0
40
0.0
40
0.0
40
1.0
40
1.0
40
1.0
10
2381.7403314917
20
2539.4751381215
10
2374.5027624309
20
2504.0055248619
10
2358.3425414365
20
2471.1325966851
72
4
94
2
73
0
74
0
95
6
96
3
40
0.0
40
0.0
40
0.0
40
1.0
40
1.0
40
1.0
10
2358.3425414365
20
2471.1325966851
10
2352.2651933702
20
2458.8121546961
10
2339.0883977901
20
2458.5635359116
72
4
94
2
73
0
74
0
95
6
96
3
40
0.0
40
0.0
40
0.0
40
1.0
40
1.0
40
1.0
10
2339.0883977901
20
2458.5635359116
10
2271.0773480663
20
2457.2651933702
10
2205.9392265193
20
2456.8508287293
72
4
94
3
73
0
74
0
95
8
96
4
40
0.0
40
0.0
40
0.0
40
0.0
40
1.0
40
1.0
40
1.0
40
1.0
10
2205.9392265193
20
2456.8508287293
10
2205.4143140374
20
2456.8508287293
10
2204.9112696552
20
2457.0583553995
10
2204.542651007
20
2457.4269740476
72
4
94
3
73
0
74
0
95
8
96
4
40
0.0
40
0.0
40
0.0
40
0.0
40
1.0
40
1.0
40
1.0
40
1.0
10
2204.542651007
20
2457.4269740476
10
2204.1740323589
20
2457.7955926958
10
2203.9706101013
20
2458.2945326653
10
2203.9779005525
20
2458.8121546961
72
1
10
2203.9779005525
20
2458.8121546961
11
2204.0331491713
21
2463.3701657459
97
0
75
0
76
1
98
0
0
HATCH
5
82a
100
AcDbEntity
8
Layer 8
6
ByLayer
370
-1
62
256
100
AcDbHatch
10
0
20
0
30
0
210
0
220
0
230
1
2
FILL_2090
70
1
71
0
91
1
92
0
93
11
72
4
94
3
73
0
74
0
95
8
96
4
40
0.0
40
0.0
40
0.0
40
0.0
40
1.0
40
1.0
40
1.0
40
1.0
10
3654.5580110497
20
2336.2154696133
10
3652.5966850829
20
2340.1933701657
10
3654.7237569061
20
2350.5801104972
10
3656.2154696133
20
2355.3591160221
72
4
94
2
73
0
74
0
95
6
96
3
40
0.0
40
0.0
40
0.0
40
1.0
40
1.0
40
1.0
10
3656.2154696133
20
2355.3591160221
10
3664.4751381215
20
2381.7679558011
10
3700.6077348066
20
2498.5635359116
72
4
94
3
73
0
74
0
95
8
96
4
40
0.0
40
0.0
40
0.0
40
0.0
40
1.0
40
1.0
40
1.0
40
1.0
10
3700.6077348066
20
2498.5635359116
10
3711.7955801105
20
2534.7237569061
10
3710.6077348066
20
2568.1215469613
10
3760.4143646409
20
2567.0718232044
72
4
94
2
73
0
74
0
95
6
96
3
40
0.0
40
0.0
40
0.0
40
1.0
40
1.0
40
1.0
10
3760.4143646409
20
2567.0718232044
10
3826.7955801105
20
2565.6629834254
10
3859.6132596685
20
2564.6408839779
72
4
94
2
73
0
74
0
95
6
96
3
40
0.0
40
0.0
40
0.0
40
1.0
40
1.0
40
1.0
10
3859.6132596685
20
2564.6408839779
10
3871.7127071823
20
2564.2541436464
10
3877.0994475138
20
2559.9171270718
72
4
94
2
73
0
74
0
95
6
96
3
40
0.0
40
0.0
40
0.0
40
1.0
40
1.0
40
1.0
10
3877.0994475138
20
2559.9171270718
10
3885.9944751381
20
2552.7900552486
10
3882.1270718232
20
2538.9779005525
72
4
94
2
73
0
74
0
95
6
96
3
40
0.0
40
0.0
40
0.0
40
1.0
40
1.0
40
1.0
10
3882.1270718232
20
2538.9779005525
10
3871.7679558011
20
2502.0718232044
10
3830.9944751381
20
2366.4364640884
72
4
94
3
73
0
74
0
95
8
96
4
40
0.0
40
0.0
40
0.0
40
0.0
40
1.0
40
1.0
40
1.0
40
1.0
10
3830.9944751381
20
2366.4364640884
10
3825.2486187845
20
2347.2928176796
10
3824.5027624309
20
2333.4806629834
10
3803.7845303867
20
2324.3922651934
72
4
94
2
73
0
74
0
95
6
96
3
40
0.0
40
0.0
40
0.0
40
1.0
40
1.0
40
1.0
10
3803.7845303867
20
2324.3922651934
10
3794.3370165746
20
2320.2486187845
10
3767.2651933702
20
2320.773480663
72
4
94
2
73
0
74
0
95
6
96
3
40
0.0
40
0.0
40
0.0
40
1.0
40
1.0
40
1.0
10
3767.2651933702
20
2320.773480663
10
3722.044198895
20
2321.6574585635
10
3686.6022099448
20
2320.3038674033
72
4
94
3
73
0
74
0
95
8
96
4
40
0.0
40
0.0
40
0.0
40
0.0
40
1.0
40
1.0
40
1.0
40
1.0
10
3686.6022099448
20
2320.3038674033
10
3670.4972375691
20
2319.6685082873
10
3661.6022099448
20
2321.9060773481
10
3654.5580110497
20
2336.2154696133
97
0
75
0
76
1
98
0
0
HATCH
5
834
100
AcDbEntity
8
Layer 8
6
ByLayer
370
-1
62
256
100
AcDbHatch
10
0
20
0
30
0
210
0
220
0
230
1
2
FILL_2100
70
1
71
0
91
1
92
0
93
9
72
4
94
2
73
0
74
0
95
6
96
3
40
0.0
40
0.0
40
0.0
40
1.0
40
1.0
40
1.0
10
3605.773480663
20
2381.0773480663
10
3605.4419889503
20
2381.546961326
10
3605.4696132597
20
2382.1546961326
72
1
10
3605.4696132597
20
2382.1546961326
11
3605.4696132597
21
2382.1546961326
72
4
94
3
73
0
74
0
95
8
96
4
40
0.0
40
0.0
40
0.0
40
0.0
40
1.0
40
1.0
40
1.0
40
1.0
10
3605.4696132597
20
2382.1546961326
10
3605.4906282235
20
2382.5455744598
10
3605.7231549619
20
2382.9173744229
10
3606.0510752822
20
2383.0844281709
72
4
94
3
73
0
74
0
95
8
96
4
40
0.0
40
0.0
40
0.0
40
0.0
40
1.0
40
1.0
40
1.0
40
1.0
10
3606.0510752822
20
2383.0844281709
10
3606.3789956024
20
2383.251481919
10
3606.7319580047
20
2383.1779500087
10
3606.9337016575
20
2382.9005524862
72
4
94
2
73
0
74
0
95
6
96
3
40
0.0
40
0.0
40
0.0
40
1.0
40
1.0
40
1.0
10
3606.9337016575
20
2382.9005524862
10
3607.5414364641
20
2382.0994475138
10
3606.6574585635
20
2381.0497237569
72
1
10
3606.6574585635
20
2381.0497237569
11
3606.6574585635
21
2381.0497237569
72
4
94
3
73
0
74
0
95
8
96
4
40
0.0
40
0.0
40
0.0
40
0.0
40
1.0
40
1.0
40
1.0
40
1.0
10
3606.6574585635
20
2381.0497237569
10
3606.55118615
20
2380.91688324
10
3606.3881418471
20
2380.8423913957
10
3606.2154696133
20
2380.847787403
72
4
94
3
73
0
74
0
95
8
96
4
40
0.0
40
0.0
40
0.0
40
0.0
40
1.0
40
1.0
40
1.0
40
1.0
10
3606.2154696133
20
2380.847787403
10
3606.0427973795
20
2380.8531834103
10
3605.8797530765
20
2380.9378655235
10
3605.773480663
20
2381.0773480663
72
1
10
3605.773480663
20
2381.0773480663
11
3605.773480663
21
2381.0773480663
97
0
75
0
76
1
98
0
0
HATCH
5
839
100
AcDbEntity
8
Layer 8
6
ByLayer
370
-1
62
256
100
AcDbHatch
10
0
20
0
30
0
210
0
220
0
230
1
2
FILL_2105
70
1
71
0
91
1
92
0
93
4
72
4
94
3
73
0
74
0
95
8
96
4
40
0.0
40
0.0
40
0.0
40
0.0
40
1.0
40
1.0
40
1.0
40
1.0
10
3758.2966634633
20
2239.3077884397
10
3758.8911000596
20
2239.333742102
10
3759.4058942258
20
2238.6010624594
10
3759.4464884155
20
2237.6713026549
72
4
94
3
73
0
74
0
95
8
96
4
40
0.0
40
0.0
40
0.0
40
0.0
40
1.0
40
1.0
40
1.0
40
1.0
10
3759.4464884155
20
2237.6713026549
10
3759.4870826053
20
2236.7415428503
10
3759.0381046248
20
2235.9667840071
10
3758.4436680284
20
2235.9408303448
72
4
94
3
73
0
74
0
95
8
96
4
40
0.0
40
0.0
40
0.0
40
0.0
40
1.0
40
1.0
40
1.0
40
1.0
10
3758.4436680284
20
2235.9408303448
10
3757.8492314321
20
2235.9148766826
10
3757.3344372659
20
2236.6475563251
10
3757.2938430762
20
2237.5773161296
72
4
94
3
73
0
74
0
95
8
96
4
40
0.0
40
0.0
40
0.0
40
0.0
40
1.0
40
1.0
40
1.0
40
1.0
10
3757.2938430762
20
2237.5773161296
10
3757.2532488865
20
2238.5070759342
10
3757.7022268669
20
2239.2818347774
10
3758.2966634633
20
2239.3077884397
97
0
75
0
76
1
98
0
0
HATCH
5
846
100
AcDbEntity
8
Layer 8
6
ByLayer
370
-1
62
256
100
AcDbHatch
10
0
20
0
30
0
210
0
220
0
230
1
2
FILL_2118
70
1
71
0
91
1
92
0
93
12
72
4
94
3
73
0
74
0
95
8
96
4
40
0.0
40
0.0
40
0.0
40
0.0
40
1.0
40
1.0
40
1.0
40
1.0
10
3895.6077348066
20
1811.5193370166
10
3894.46146744
20
1811.5325886624
10
3893.3863838752
20
1812.0775249305
10
3892.6950374612
20
1812.9957193866
72
4
94
3
73
0
74
0
95
8
96
4
40
0.0
40
0.0
40
0.0
40
0.0
40
1.0
40
1.0
40
1.0
40
1.0
10
3892.6950374612
20
1812.9957193866
10
3892.0036910471
20
1813.9139138428
10
3891.7736611726
20
1815.1023313613
10
3892.0718232044
20
1816.2154696133
72
1
10
3892.0718232044
20
1816.2154696133
11
3934.861878453
21
1976.2430939227
72
4
94
3
73
0
74
0
95
8
96
4
40
0.0
40
0.0
40
0.0
40
0.0
40
1.0
40
1.0
40
1.0
40
1.0
10
3934.861878453
20
1976.2430939227
10
3935.5740818397
20
1978.9138566226
10
3938.0332236288
20
1980.7439156284
10
3940.8011049724
20
1980.6629834254
72
1
10
3940.8011049724
20
1980.6629834254
11
4012.2375690608
21
1978.9502762431
72
1
10
4012.2375690608
20
1978.9502762431
11
4012.2375690608
21
1978.9502762431
72
4
94
3
73
0
74
0
95
8
96
4
40
0.0
40
0.0
40
0.0
40
0.0
40
1.0
40
1.0
40
1.0
40
1.0
10
4012.2375690608
20
1978.9502762431
10
4013.312079915
20
1978.9230734367
10
4014.3184244881
20
1978.41808039
10
4014.9813027139
20
1977.5734452314
72
4
94
3
73
0
74
0
95
8
96
4
40
0.0
40
0.0
40
0.0
40
0.0
40
1.0
40
1.0
40
1.0
40
1.0
10
4014.9813027139
20
1977.5734452314
10
4015.6441809396
20
1976.7288100728
10
4015.8942072801
20
1975.6329434069
10
4015.6629834254
20
1974.5856353591
72
4
94
3
73
0
74
0
95
8
96
4
40
0.0
40
0.0
40
0.0
40
0.0
40
1.0
40
1.0
40
1.0
40
1.0
10
4015.6629834254
20
1974.5856353591
10
4004.6961325967
20
1923.9502762431
10
3991.2154696133
20
1872.9281767956
10
3977.9005524862
20
1818.3701657459
72
4
94
2
73
0
74
0
95
6
96
3
40
0.0
40
0.0
40
0.0
40
1.0
40
1.0
40
1.0
10
3977.9005524862
20
1818.3701657459
10
3976.6022099448
20
1813.0662983425
10
3970.5248618785
20
1810.8563535912
72
4
94
3
73
0
74
0
95
8
96
4
40
0.0
40
0.0
40
0.0
40
0.0
40
1.0
40
1.0
40
1.0
40
1.0
10
3970.5248618785
20
1810.8563535912
10
3970.1228164822
20
1810.7101552652
10
3969.6927386241
20
1810.635359116
10
3969.2541436464
20
1810.635359116
72
1
10
3969.2541436464
20
1810.635359116
11
3895.6077348066
21
1811.5193370166
97
0
75
0
76
1
98
0
0
HATCH
5
855
100
AcDbEntity
8
Layer 8
6
ByLayer
370
-1
62
256
100
AcDbHatch
10
0
20
0
30
0
210
0
220
0
230
1
2
FILL_2133
70
1
71
0
91
1
92
0
93
14
72
1
10
2340.3314917127
20
1814.1712707182
11
2381.4640883978
21
1974.1160220994
72
1
10
2381.4640883978
20
1974.1160220994
11
2381.4640883978
21
1974.1160220994
72
4
94
3
73
0
74
0
95
8
96
4
40
0.0
40
0.0
40
0.0
40
0.0
40
1.0
40
1.0
40
1.0
40
1.0
10
2381.4640883978
20
1974.1160220994
10
2382.1916715487
20
1976.913175102
10
2384.7463138174
20
1978.8377486497
10
2387.6243093923
20
1978.7569060773
72
1
10
2387.6243093923
20
1978.7569060773
11
2458.1491712707
21
1977.0718232044
72
1
10
2458.1491712707
20
1977.0718232044
11
2458.1491712707
21
1977.0718232044
72
4
94
3
73
0
74
0
95
8
96
4
40
0.0
40
0.0
40
0.0
40
0.0
40
1.0
40
1.0
40
1.0
40
1.0
10
2458.1491712707
20
1977.0718232044
10
2459.1140270722
20
1977.0450216544
10
2460.0144524578
20
1976.5814258122
10
2460.5952245645
20
1975.8124405228
72
4
94
3
73
0
74
0
95
8
96
4
40
0.0
40
0.0
40
0.0
40
0.0
40
1.0
40
1.0
40
1.0
40
1.0
10
2460.5952245645
20
1975.8124405228
10
2461.1759966712
20
1975.0434552334
10
2461.3738106354
20
1974.0529008252
10
2461.1325966851
20
1973.1215469613
72
1
10
2461.1325966851
20
1973.1215469613
11
2419.6961325967
21
1812.0165745856
72
1
10
2419.6961325967
20
1812.0165745856
11
2419.6961325967
21
1812.0165745856
72
4
94
3
73
0
74
0
95
8
96
4
40
0.0
40
0.0
40
0.0
40
0.0
40
1.0
40
1.0
40
1.0
40
1.0
10
2419.6961325967
20
1812.0165745856
10
2419.5333480036
20
1811.3979931318
10
2418.9774013497
20
1810.9668508287
10
2418.3425414365
20
1810.9668508287
72
1
10
2418.3425414365
20
1810.9668508287
11
2342.7900552486
21
1811.0220994475
72
4
94
3
73
0
74
0
95
8
96
4
40
0.0
40
0.0
40
0.0
40
0.0
40
1.0
40
1.0
40
1.0
40
1.0
10
2342.7900552486
20
1811.0220994475
10
2342.0078282363
20
1811.0220994475
10
2341.2691486765
20
1811.3821943401
10
2340.7885377218
20
1811.9978083719
72
4
94
3
73
0
74
0
95
8
96
4
40
0.0
40
0.0
40
0.0
40
0.0
40
1.0
40
1.0
40
1.0
40
1.0
10
2340.7885377218
20
1811.9978083719
10
2340.3079267671
20
1812.6134224037
10
2340.1392494809
20
1813.4155598758
10
2340.3314917127
20
1814.1712707182
72
1
10
2340.3314917127
20
1814.1712707182
11
2340.3314917127
21
1814.1712707182
97
0
75
0
76
1
98
0
0
HATCH
5
863
100
AcDbEntity
8
Layer 8
6
ByLayer
370
-1
62
256
100
AcDbHatch
10
0
20
0
30
0
210
0
220
0
230
1
2
FILL_2147
70
1
71
0
91
1
92
0
93
13
72
1
10
3563.8397790055
20
1978.0110497238
11
3563.8397790055
21
1978.0110497238
72
4
94
3
73
0
74
0
95
8
96
4
40
0.0
40
0.0
40
0.0
40
0.0
40
1.0
40
1.0
40
1.0
40
1.0
10
3563.8397790055
20
1978.0110497238
10
3564.1829887422
20
1978.0043201211
10
3564.5043600692
20
1977.8411770439
10
3564.7137227075
20
1977.5673951323
72
4
94
3
73
0
74
0
95
8
96
4
40
0.0
40
0.0
40
0.0
40
0.0
40
1.0
40
1.0
40
1.0
40
1.0
10
3564.7137227075
20
1977.5673951323
10
3564.9230853459
20
1977.2936132206
10
3564.997882304
20
1976.9386900787
10
3564.9171270718
20
1976.6022099448
72
4
94
2
73
0
74
0
95
6
96
3
40
0.0
40
0.0
40
0.0
40
1.0
40
1.0
40
1.0
10
3564.9171270718
20
1976.6022099448
10
3522.6519337017
20
1808.3425414365
10
3469.2541436464
20
1605.9116022099
72
4
94
2
73
0
74
0
95
6
96
3
40
0.0
40
0.0
40
0.0
40
1.0
40
1.0
40
1.0
10
3469.2541436464
20
1605.9116022099
10
3467.9005524862
20
1600.8011049724
10
3461.2983425414
20
1600.8563535912
72
4
94
2
73
0
74
0
95
6
96
3
40
0.0
40
0.0
40
0.0
40
1.0
40
1.0
40
1.0
10
3461.2983425414
20
1600.8563535912
10
3422.817679558
20
1601.1325966851
10
3387.7071823204
20
1603.2320441989
72
1
10
3387.7071823204
20
1603.2320441989
11
3387.7071823204
21
1603.2320441989
72
4
94
3
73
0
74
0
95
8
96
4
40
0.0
40
0.0
40
0.0
40
0.0
40
1.0
40
1.0
40
1.0
40
1.0
10
3387.7071823204
20
1603.2320441989
10
3386.1461263553
20
1603.3266536513
10
3384.7106670176
20
1604.1191147464
10
3383.7995779252
20
1605.3892801282
72
4
94
3
73
0
74
0
95
8
96
4
40
0.0
40
0.0
40
0.0
40
0.0
40
1.0
40
1.0
40
1.0
40
1.0
10
3383.7995779252
20
1605.3892801282
10
3382.8884888328
20
1606.6594455099
10
3382.5988228239
20
1608.2720121039
10
3383.0110497238
20
1609.7790055249
72
1
10
3383.0110497238
20
1609.7790055249
11
3483.1491712707
21
1976.270718232
72
1
10
3483.1491712707
20
1976.270718232
11
3483.1491712707
21
1976.270718232
72
4
94
3
73
0
74
0
95
8
96
4
40
0.0
40
0.0
40
0.0
40
0.0
40
1.0
40
1.0
40
1.0
40
1.0
10
3483.1491712707
20
1976.270718232
10
3483.4752344587
20
1977.4119393899
10
3484.5167802582
20
1978.1930987395
10
3485.6906077348
20
1978.1767955801
72
1
10
3485.6906077348
20
1978.1767955801
11
3563.8397790055
21
1978.0110497238
97
0
75
0
76
1
98
0
0
HATCH
5
871
100
AcDbEntity
8
Layer 8
6
ByLayer
370
-1
62
256
100
AcDbHatch
10
0
20
0
30
0
210
0
220
0
230
1
2
FILL_2161
70
1
71
0
91
1
92
0
93
13
72
4
94
2
73
0
74
0
95
6
96
3
40
0.0
40
0.0
40
0.0
40
1.0
40
1.0
40
1.0
10
4316.7955801105
20
1680.138121547
10
4362.5966850829
20
1796.2983425414
10
4401.546961326
20
1891.8232044199
72
4
94
2
73
0
74
0
95
6
96
3
40
0.0
40
0.0
40
0.0
40
1.0
40
1.0
40
1.0
10
4401.546961326
20
1891.8232044199
10
4402.8729281768
20
1895.1104972376
10
4405.8563535912
20
1899.4751381215
72
1
10
4405.8563535912
20
1899.4751381215
11
4405.8563535912
21
1899.4751381215
72
4
94
3
73
0
74
0
95
8
96
4
40
0.0
40
0.0
40
0.0
40
0.0
40
1.0
40
1.0
40
1.0
40
1.0
10
4405.8563535912
20
1899.4751381215
10
4406.6400438776
20
1900.6348414243
10
4408.078103356
20
1901.1635228468
10
4409.4258446073
20
1900.7874090093
72
4
94
3
73
0
74
0
95
8
96
4
40
0.0
40
0.0
40
0.0
40
0.0
40
1.0
40
1.0
40
1.0
40
1.0
10
4409.4258446073
20
1900.7874090093
10
4410.7735858586
20
1900.4112951717
10
4411.7282935707
20
1899.2148647657
10
4411.7955801105
20
1897.817679558
72
4
94
2
73
0
74
0
95
6
96
3
40
0.0
40
0.0
40
0.0
40
1.0
40
1.0
40
1.0
10
4411.7955801105
20
1897.817679558
10
4412.1270718232
20
1890.3591160221
10
4411.8508287293
20
1887.2099447514
72
4
94
2
73
0
74
0
95
6
96
3
40
0.0
40
0.0
40
0.0
40
1.0
40
1.0
40
1.0
10
4411.8508287293
20
1887.2099447514
10
4406.8232044199
20
1832.4033149171
10
4389.3922651934
20
1679.0055248619
72
4
94
3
73
0
74
0
95
8
96
4
40
0.0
40
0.0
40
0.0
40
0.0
40
1.0
40
1.0
40
1.0
40
1.0
10
4389.3922651934
20
1679.0055248619
10
4389.1575494718
20
1676.9556742268
10
4387.3969900625
20
1675.4226701154
10
4385.3314917127
20
1675.4696132597
72
1
10
4385.3314917127
20
1675.4696132597
11
4318.8121546961
21
1677.0718232044
72
1
10
4318.8121546961
20
1677.0718232044
11
4318.8121546961
21
1677.0718232044
72
4
94
3
73
0
74
0
95
8
96
4
40
0.0
40
0.0
40
0.0
40
0.0
40
1.0
40
1.0
40
1.0
40
1.0
10
4318.8121546961
20
1677.0718232044
10
4318.0847907757
20
1677.0907979154
10
4317.4131774923
20
1677.4651692208
10
4317.0119083312
20
1678.0753182192
72
4
94
3
73
0
74
0
95
8
96
4
40
0.0
40
0.0
40
0.0
40
0.0
40
1.0
40
1.0
40
1.0
40
1.0
10
4317.0119083312
20
1678.0753182192
10
4316.6106391701
20
1678.6854672175
10
4316.5299341569
20
1679.4550319521
10
4316.7955801105
20
1680.138121547
72
1
10
4316.7955801105
20
1680.138121547
11
4316.7955801105
21
1680.138121547
97
0
75
0
76
1
98
0
0
HATCH
5
87e
100
AcDbEntity
8
Layer 8
6
ByLayer
370
-1
62
256
100
AcDbHatch
10
0
20
0
30
0
210
0
220
0
230
1
2
FILL_2174
70
1
71
0
91
1
92
0
93
12
72
4
94
3
73
0
74
0
95
8
96
4
40
0.0
40
0.0
40
0.0
40
0.0
40
1.0
40
1.0
40
1.0
40
1.0
10
2915.3314917127
20
1799.8342541436
10
2915.0369543949
20
1799.6259228701
10
2914.6688037529
20
1799.5493421882
10
2914.3134900516
20
1799.6224950091
72
4
94
3
73
0
74
0
95
8
96
4
40
0.0
40
0.0
40
0.0
40
0.0
40
1.0
40
1.0
40
1.0
40
1.0
10
2914.3134900516
20
1799.6224950091
10
2913.9581763504
20
1799.6956478299
10
2913.6470022735
20
1799.9120894833
10
2913.453038674
20
1800.2209944751
72
1
10
2913.453038674
20
1800.2209944751
11
2897.6243093923
21
1825.7458563536
72
1
10
2897.6243093923
20
1825.7458563536
11
2897.6243093923
21
1825.7458563536
72
4
94
3
73
0
74
0
95
8
96
4
40
0.0
40
0.0
40
0.0
40
0.0
40
1.0
40
1.0
40
1.0
40
1.0
10
2897.6243093923
20
1825.7458563536
10
2896.953365341
20
1826.8405545425
10
2896.7540076012
20
1828.1563156252
10
2897.0718232044
20
1829.3922651934
72
4
94
2
73
0
74
0
95
6
96
3
40
0.0
40
0.0
40
0.0
40
1.0
40
1.0
40
1.0
10
2897.0718232044
20
1829.3922651934
10
2899.7790055249
20
1839.6685082873
10
2911.9613259669
20
1880.7182320442
72
4
94
3
73
0
74
0
95
8
96
4
40
0.0
40
0.0
40
0.0
40
0.0
40
1.0
40
1.0
40
1.0
40
1.0
10
2911.9613259669
20
1880.7182320442
10
2915.8839779006
20
1893.9779005525
10
2943.1215469613
20
1888.8121546961
10
2951.8232044199
20
1885.773480663
72
4
94
2
73
0
74
0
95
6
96
3
40
0.0
40
0.0
40
0.0
40
1.0
40
1.0
40
1.0
10
2951.8232044199
20
1885.773480663
10
2958.6740331492
20
1883.3977900552
10
2956.6850828729
20
1876.270718232
72
4
94
2
73
0
74
0
95
6
96
3
40
0.0
40
0.0
40
0.0
40
1.0
40
1.0
40
1.0
10
2956.6850828729
20
1876.270718232
10
2941.8784530387
20
1822.9281767956
10
2941.0497237569
20
1819.7237569061
72
1
10
2941.0497237569
20
1819.7237569061
11
2941.0497237569
21
1819.7237569061
72
4
94
3
73
0
74
0
95
8
96
4
40
0.0
40
0.0
40
0.0
40
0.0
40
1.0
40
1.0
40
1.0
40
1.0
10
2941.0497237569
20
1819.7237569061
10
2940.7295382397
20
1818.2829220787
10
2939.8934591059
20
1817.0140490403
10
2938.7016574586
20
1816.1602209945
72
1
10
2938.7016574586
20
1816.1602209945
11
2915.3314917127
21
1799.8342541436
97
0
75
0
76
1
98
0
0
HATCH
5
88f
100
AcDbEntity
8
Layer 8
6
ByLayer
370
-1
62
256
100
AcDbHatch
10
0
20
0
30
0
210
0
220
0
230
1
2
FILL_2191
70
1
71
0
91
1
92
0
93
16
72
1
10
2890.4143646409
20
1597.0718232044
11
2888.453038674
21
1595.8011049724
72
1
10
2888.453038674
20
1595.8011049724
11
2888.453038674
21
1595.8011049724
72
4
94
3
73
0
74
0
95
8
96
4
40
0.0
40
0.0
40
0.0
40
0.0
40
1.0
40
1.0
40
1.0
40
1.0
10
2888.453038674
20
1595.8011049724
10
2888.125935384
20
1595.5830361123
10
2887.8518301567
20
1595.2900270763
10
2887.6519337017
20
1594.9447513812
72
4
94
2
73
0
74
0
95
6
96
3
40
0.0
40
0.0
40
0.0
40
1.0
40
1.0
40
1.0
10
2887.6519337017
20
1594.9447513812
10
2881.5193370166
20
1584.6685082873
10
2871.408839779
20
1583.8950276243
72
4
94
2
73
0
74
0
95
6
96
3
40
0.0
40
0.0
40
0.0
40
1.0
40
1.0
40
1.0
10
2871.408839779
20
1583.8950276243
10
2842.0718232044
20
1581.7127071823
10
2812.1270718232
20
1584.1988950276
72
1
10
2812.1270718232
20
1584.1988950276
11
2812.1270718232
21
1584.1988950276
72
4
94
3
73
0
74
0
95
8
96
4
40
0.0
40
0.0
40
0.0
40
0.0
40
1.0
40
1.0
40
1.0
40
1.0
10
2812.1270718232
20
1584.1988950276
10
2810.6773820717
20
1584.3156946758
10
2809.3527092692
20
1585.0649055817
10
2808.506235804
20
1586.2467741936
72
4
94
3
73
0
74
0
95
8
96
4
40
0.0
40
0.0
40
0.0
40
0.0
40
1.0
40
1.0
40
1.0
40
1.0
10
2808.506235804
20
1586.2467741936
10
2807.6597623387
20
1587.4286428054
10
2807.3775371176
20
1588.9230253665
10
2807.7348066298
20
1590.3314917127
72
4
94
2
73
0
74
0
95
6
96
3
40
0.0
40
0.0
40
0.0
40
1.0
40
1.0
40
1.0
10
2807.7348066298
20
1590.3314917127
10
2816.6298342541
20
1624.9447513812
10
2825.1933701657
20
1662.2099447514
72
4
94
2
73
0
74
0
95
6
96
3
40
0.0
40
0.0
40
0.0
40
1.0
40
1.0
40
1.0
10
2825.1933701657
20
1662.2099447514
10
2826.0220994475
20
1665.773480663
10
2828.9226519337
20
1671.7679558011
72
4
94
3
73
0
74
0
95
8
96
4
40
0.0
40
0.0
40
0.0
40
0.0
40
1.0
40
1.0
40
1.0
40
1.0
10
2828.9226519337
20
1671.7679558011
10
2833.6464088398
20
1681.4917127072
10
2837.4861878453
20
1690.3314917127
10
2850.0
20
1690.4143646409
72
1
10
2850.0
20
1690.4143646409
11
2850.0
21
1690.4143646409
72
4
94
3
73
0
74
0
95
8
96
4
40
0.0
40
0.0
40
0.0
40
0.0
40
1.0
40
1.0
40
1.0
40
1.0
10
2850.0
20
1690.4143646409
10
2852.345071397
20
1690.447628065
10
2854.4666426868
20
1689.029583006
10
2855.3314917127
20
1686.8508287293
72
1
10
2855.3314917127
20
1686.8508287293
11
2890.8839779006
21
1598.5082872928
72
4
94
3
73
0
74
0
95
8
96
4
40
0.0
40
0.0
40
0.0
40
0.0
40
1.0
40
1.0
40
1.0
40
1.0
10
2890.8839779006
20
1598.5082872928
10
2891.0930069901
20
1597.9937541494
10
2890.8967394628
20
1597.3934064191
10
2890.4143646409
20
1597.0718232044
72
1
10
2890.4143646409
20
1597.0718232044
11
2890.4143646409
21
1597.0718232044
97
0
75
0
76
1
98
0
0
ENDSEC
0
SECTION
2
OBJECTS
0
DICTIONARY
5
17
330
0
100
AcDbDictionary
281
1
3
ACAD_GROUP
350
18
0
DICTIONARY
5
18
330
17
100
AcDbDictionary
281
1
0
ENDSEC
0
EOF
